Date,Open,High,Low,Close,Volume,Asset_name
2019-02-28 08:00:00,0.33,0.489,0.301,0.3827,88626075.33,FETUSDT
2019-02-28 12:00:00,0.3825,0.3991,0.3422,0.3482,30106694.22,FETUSDT
2019-02-28 16:00:00,0.3483,0.375,0.3161,0.3597,21602076.68,FETUSDT
2019-02-28 20:00:00,0.36,0.381,0.3487,0.3554,13005571.99,FETUSDT
2019-03-01 00:00:00,0.3554,0.3767,0.3502,0.3559,7017983.45,FETUSDT
2019-03-01 04:00:00,0.3558,0.375,0.355,0.3696,6155541.05,FETUSDT
2019-03-01 08:00:00,0.3695,0.4435,0.3689,0.422,44034922.75,FETUSDT
2019-03-01 12:00:00,0.422,0.4768,0.4201,0.4486,37822668.26,FETUSDT
2019-03-01 16:00:00,0.4486,0.4598,0.4176,0.4275,17977762.95,FETUSDT
2019-03-01 20:00:00,0.4275,0.4455,0.411,0.4426,9467825.97,FETUSDT
2019-03-02 00:00:00,0.443,0.4431,0.3876,0.3921,12307280.13,FETUSDT
2019-03-02 04:00:00,0.3928,0.4186,0.3801,0.3932,15039474.15,FETUSDT
2019-03-02 08:00:00,0.3932,0.4066,0.3822,0.389,7417524.75,FETUSDT
2019-03-02 12:00:00,0.3887,0.415,0.3883,0.3967,8920335.66,FETUSDT
2019-03-02 16:00:00,0.3966,0.4,0.3834,0.3883,4324700.68,FETUSDT
2019-03-02 20:00:00,0.3883,0.4037,0.3829,0.4026,2651571.25,FETUSDT
2019-03-03 00:00:00,0.402,0.4035,0.388,0.3957,2389270.26,FETUSDT
2019-03-03 04:00:00,0.3955,0.429,0.3955,0.4142,11911677.82,FETUSDT
2019-03-03 08:00:00,0.4143,0.4238,0.3881,0.3925,7420288.6,FETUSDT
2019-03-03 12:00:00,0.3923,0.3983,0.368,0.3699,7107254.79,FETUSDT
2019-03-03 16:00:00,0.3699,0.382,0.364,0.3766,6820409.14,FETUSDT
2019-03-03 20:00:00,0.3765,0.3766,0.3537,0.3639,5461778.98,FETUSDT
2019-03-04 00:00:00,0.3639,0.3745,0.3554,0.373,13068190.98,FETUSDT
2019-03-04 04:00:00,0.3731,0.3782,0.3312,0.339,25380579.27,FETUSDT
2019-03-04 08:00:00,0.339,0.3421,0.3226,0.3327,11536868.88,FETUSDT
2019-03-04 12:00:00,0.3328,0.3455,0.325,0.3366,8709456.41,FETUSDT
2019-03-04 16:00:00,0.3367,0.3421,0.335,0.3401,4326110.05,FETUSDT
2019-03-04 20:00:00,0.34,0.3403,0.3269,0.3309,3593384.92,FETUSDT
2019-03-05 00:00:00,0.3309,0.3377,0.3129,0.3188,7333174.5,FETUSDT
2019-03-05 04:00:00,0.3191,0.3244,0.305,0.3164,11705861.14,FETUSDT
2019-03-05 08:00:00,0.3166,0.3387,0.3115,0.3294,11991584.47,FETUSDT
2019-03-05 12:00:00,0.3294,0.3456,0.3268,0.3365,14596298.41,FETUSDT
2019-03-05 16:00:00,0.3367,0.3442,0.323,0.3277,7317181.97,FETUSDT
2019-03-05 20:00:00,0.3276,0.3278,0.3059,0.3137,8208367.02,FETUSDT
2019-03-06 00:00:00,0.3136,0.3276,0.3061,0.3175,7229590.74,FETUSDT
2019-03-06 04:00:00,0.3175,0.3229,0.3102,0.3203,4548523.57,FETUSDT
2019-03-06 08:00:00,0.3201,0.3299,0.3125,0.3167,8047926.76,FETUSDT
2019-03-06 12:00:00,0.3167,0.3169,0.3091,0.3121,4782141.55,FETUSDT
2019-03-06 16:00:00,0.312,0.3158,0.3081,0.3142,3810327.8,FETUSDT
2019-03-06 20:00:00,0.3142,0.3142,0.308,0.31,2303220.58,FETUSDT
2019-03-07 00:00:00,0.31,0.3245,0.3099,0.3111,6475489.96,FETUSDT
2019-03-07 04:00:00,0.311,0.3155,0.3075,0.3102,5950547.15,FETUSDT
2019-03-07 08:00:00,0.3102,0.3175,0.3095,0.3125,4508827.49,FETUSDT
2019-03-07 12:00:00,0.3126,0.366,0.3111,0.3477,34820410.18,FETUSDT
2019-03-07 16:00:00,0.3478,0.3544,0.3377,0.3418,15301887.53,FETUSDT
2019-03-07 20:00:00,0.3416,0.3568,0.3404,0.3478,6861609.93,FETUSDT
2019-03-08 00:00:00,0.3476,0.3504,0.3268,0.335,10698321.66,FETUSDT
2019-03-08 04:00:00,0.3353,0.3353,0.312,0.3136,10625500.94,FETUSDT
2019-03-08 08:00:00,0.3136,0.3242,0.308,0.3166,8961199.78,FETUSDT
2019-03-08 12:00:00,0.3163,0.3188,0.3126,0.3148,4449473.41,FETUSDT
2019-03-08 16:00:00,0.3147,0.3176,0.3116,0.3133,2234474.58,FETUSDT
2019-03-08 20:00:00,0.3133,0.318,0.28,0.2875,9713407.84,FETUSDT
2019-03-09 00:00:00,0.2873,0.2922,0.2756,0.2883,8854466.23,FETUSDT
2019-03-09 04:00:00,0.2882,0.2956,0.285,0.2918,5215306.33,FETUSDT
2019-03-09 08:00:00,0.2917,0.2922,0.2867,0.287,3422732.75,FETUSDT
2019-03-09 12:00:00,0.287,0.2871,0.2701,0.2812,10560725.98,FETUSDT
2019-03-09 16:00:00,0.2811,0.282,0.2736,0.2768,4647692.0,FETUSDT
2019-03-09 20:00:00,0.2757,0.279,0.2675,0.2678,5116898.41,FETUSDT
2019-03-10 00:00:00,0.2678,0.2679,0.252,0.2542,8317870.47,FETUSDT
2019-03-10 04:00:00,0.254,0.2546,0.238,0.2463,8109774.57,FETUSDT
2019-03-10 08:00:00,0.2462,0.2657,0.2433,0.245,10648126.81,FETUSDT
2019-03-10 12:00:00,0.2451,0.2576,0.2446,0.2469,6113466.38,FETUSDT
2019-03-10 16:00:00,0.2469,0.2607,0.2421,0.252,5658826.34,FETUSDT
2019-03-10 20:00:00,0.252,0.2575,0.2444,0.255,3934522.24,FETUSDT
2019-03-11 00:00:00,0.2548,0.2768,0.253,0.2693,10515352.5,FETUSDT
2019-03-11 04:00:00,0.2695,0.2708,0.2477,0.2508,7403387.01,FETUSDT
2019-03-11 08:00:00,0.2509,0.2551,0.2435,0.245,4343340.84,FETUSDT
2019-03-11 12:00:00,0.2452,0.2454,0.2237,0.228,10838230.38,FETUSDT
2019-03-11 16:00:00,0.2281,0.2318,0.224,0.2282,4228403.16,FETUSDT
2019-03-11 20:00:00,0.228,0.2291,0.2138,0.2173,5299343.54,FETUSDT
2019-03-12 00:00:00,0.2173,0.223,0.2087,0.2133,3116840.89,FETUSDT
2019-03-12 08:00:00,0.2134,0.2414,0.2112,0.2201,18974627.72,FETUSDT
2019-03-12 12:00:00,0.2201,0.225,0.216,0.2209,5708506.25,FETUSDT
2019-03-12 16:00:00,0.2209,0.2275,0.2181,0.2217,3991703.83,FETUSDT
2019-03-12 20:00:00,0.2219,0.2239,0.2188,0.2202,2245284.51,FETUSDT
2019-03-13 00:00:00,0.2206,0.23,0.2206,0.2274,3913215.65,FETUSDT
2019-03-13 04:00:00,0.2274,0.238,0.2274,0.236,5610044.24,FETUSDT
2019-03-13 08:00:00,0.2363,0.2583,0.2342,0.2414,20907905.01,FETUSDT
2019-03-13 12:00:00,0.2416,0.2497,0.2307,0.2374,10789281.95,FETUSDT
2019-03-13 16:00:00,0.2374,0.2433,0.232,0.2387,4285637.7,FETUSDT
2019-03-13 20:00:00,0.2386,0.2471,0.2344,0.2456,4266663.09,FETUSDT
2019-03-14 00:00:00,0.2454,0.26,0.2365,0.2473,8914464.22,FETUSDT
2019-03-14 04:00:00,0.2476,0.2667,0.245,0.2627,8828734.98,FETUSDT
2019-03-14 08:00:00,0.263,0.268,0.2461,0.2475,8022085.26,FETUSDT
2019-03-14 12:00:00,0.2476,0.253,0.224,0.2289,24040348.82,FETUSDT
2019-03-14 16:00:00,0.2289,0.2306,0.2252,0.2295,4804720.52,FETUSDT
2019-03-14 20:00:00,0.2293,0.233,0.2272,0.2293,2632486.19,FETUSDT
2019-03-15 00:00:00,0.2295,0.2396,0.2295,0.2372,4396467.83,FETUSDT
2019-03-15 04:00:00,0.237,0.2415,0.2326,0.2389,4592972.76,FETUSDT
2019-03-15 08:00:00,0.2388,0.2403,0.2354,0.2387,2741024.69,FETUSDT
2019-03-15 12:00:00,0.2387,0.239,0.2324,0.233,3547810.53,FETUSDT
2019-03-15 16:00:00,0.233,0.2338,0.2298,0.2328,2909557.66,FETUSDT
2019-03-15 20:00:00,0.2328,0.2367,0.2312,0.2323,1508115.71,FETUSDT
2019-03-16 00:00:00,0.2329,0.2359,0.2326,0.2339,2489901.15,FETUSDT
2019-03-16 04:00:00,0.2339,0.236,0.2312,0.234,2368270.97,FETUSDT
2019-03-16 08:00:00,0.234,0.2346,0.225,0.2267,4512263.43,FETUSDT
2019-03-16 12:00:00,0.2268,0.2309,0.2211,0.2288,4331127.34,FETUSDT
2019-03-16 16:00:00,0.2288,0.2295,0.2254,0.2273,1434837.69,FETUSDT
2019-03-16 20:00:00,0.2273,0.2304,0.2248,0.2283,1577625.65,FETUSDT
2019-03-17 00:00:00,0.2283,0.2385,0.227,0.2385,3163637.54,FETUSDT
2019-03-17 04:00:00,0.2385,0.2389,0.2301,0.2313,3699859.37,FETUSDT
2019-03-17 08:00:00,0.2315,0.2365,0.231,0.2354,2352540.32,FETUSDT
2019-03-17 12:00:00,0.2353,0.2353,0.2307,0.233,1647573.46,FETUSDT
2019-03-17 16:00:00,0.2331,0.2387,0.2315,0.2355,3200167.97,FETUSDT
2019-03-17 20:00:00,0.2358,0.2399,0.2347,0.2361,2368273.89,FETUSDT
2019-03-18 00:00:00,0.236,0.2392,0.2323,0.2324,2859649.73,FETUSDT
2019-03-18 04:00:00,0.2325,0.2339,0.2254,0.2269,3867042.57,FETUSDT
2019-03-18 08:00:00,0.227,0.2304,0.2253,0.2286,5291430.09,FETUSDT
2019-03-18 12:00:00,0.2289,0.2293,0.2266,0.2288,7571662.41,FETUSDT
2019-03-18 16:00:00,0.2288,0.2297,0.2268,0.2282,3956044.58,FETUSDT
2019-03-18 20:00:00,0.2281,0.2296,0.227,0.2278,5008716.31,FETUSDT
2019-03-19 00:00:00,0.2278,0.2335,0.2276,0.2296,9778163.61,FETUSDT
2019-03-19 04:00:00,0.2298,0.2311,0.2175,0.2218,9887669.92,FETUSDT
2019-03-19 08:00:00,0.222,0.2236,0.2184,0.22,5957420.9,FETUSDT
2019-03-19 12:00:00,0.22,0.2213,0.2107,0.22,13058027.23,FETUSDT
2019-03-19 16:00:00,0.2198,0.2229,0.2186,0.221,8391147.33,FETUSDT
2019-03-19 20:00:00,0.2211,0.222,0.2174,0.2174,4716002.47,FETUSDT
2019-03-20 00:00:00,0.2175,0.2178,0.2127,0.216,5540337.6,FETUSDT
2019-03-20 04:00:00,0.216,0.2189,0.2137,0.2151,6882511.32,FETUSDT
2019-03-20 08:00:00,0.2151,0.2176,0.2138,0.2155,5284660.47,FETUSDT
2019-03-20 12:00:00,0.2155,0.2177,0.2152,0.2165,4764469.8,FETUSDT
2019-03-20 16:00:00,0.2163,0.2187,0.2142,0.2174,7328783.76,FETUSDT
2019-03-20 20:00:00,0.2173,0.2233,0.2165,0.2199,6960129.91,FETUSDT
2019-03-21 00:00:00,0.22,0.2265,0.2191,0.2224,9546423.41,FETUSDT
2019-03-21 04:00:00,0.2225,0.2239,0.215,0.2173,10669234.96,FETUSDT
2019-03-21 08:00:00,0.217,0.2175,0.2136,0.2143,7349183.98,FETUSDT
2019-03-21 12:00:00,0.2143,0.2159,0.195,0.2025,17264356.4,FETUSDT
2019-03-21 16:00:00,0.2023,0.2024,0.1984,0.2015,10607065.55,FETUSDT
2019-03-21 20:00:00,0.2015,0.2043,0.2004,0.2022,8713985.7,FETUSDT
2019-03-22 00:00:00,0.2021,0.2079,0.1996,0.2053,7108395.76,FETUSDT
2019-03-22 04:00:00,0.2053,0.2058,0.2005,0.2016,4882986.12,FETUSDT
2019-03-22 08:00:00,0.2016,0.2051,0.2009,0.204,5643660.75,FETUSDT
2019-03-22 12:00:00,0.2041,0.2073,0.2023,0.2071,9807383.81,FETUSDT
2019-03-22 16:00:00,0.2071,0.2086,0.2055,0.2063,8396057.71,FETUSDT
2019-03-22 20:00:00,0.2062,0.208,0.2052,0.2054,4374228.96,FETUSDT
2019-03-23 00:00:00,0.2054,0.2059,0.1959,0.2008,7485117.49,FETUSDT
2019-03-23 04:00:00,0.2008,0.203,0.1994,0.2026,6230070.55,FETUSDT
2019-03-23 08:00:00,0.2026,0.203,0.1985,0.2004,5011744.71,FETUSDT
2019-03-23 12:00:00,0.2005,0.2084,0.1994,0.2045,7217751.45,FETUSDT
2019-03-23 16:00:00,0.2046,0.2054,0.2021,0.2026,5265840.96,FETUSDT
2019-03-23 20:00:00,0.2026,0.2039,0.2018,0.2022,7536822.88,FETUSDT
2019-03-24 00:00:00,0.2022,0.207,0.2014,0.2055,4846435.44,FETUSDT
2019-03-24 04:00:00,0.2056,0.208,0.203,0.2033,7611701.86,FETUSDT
2019-03-24 08:00:00,0.2033,0.2173,0.2016,0.2098,12220450.67,FETUSDT
2019-03-24 12:00:00,0.2098,0.2187,0.2098,0.212,11131567.14,FETUSDT
2019-03-24 16:00:00,0.2119,0.2157,0.2085,0.2089,6364269.91,FETUSDT
2019-03-24 20:00:00,0.2088,0.2107,0.2055,0.2084,6016227.47,FETUSDT
2019-03-25 00:00:00,0.2087,0.2138,0.2035,0.2041,9340300.22,FETUSDT
2019-03-25 04:00:00,0.2042,0.2057,0.1977,0.2045,9891154.97,FETUSDT
2019-03-25 08:00:00,0.2044,0.2058,0.2008,0.2015,5010699.79,FETUSDT
2019-03-25 12:00:00,0.2014,0.2119,0.1962,0.1997,12110646.75,FETUSDT
2019-03-25 16:00:00,0.1996,0.2011,0.1906,0.1941,7255333.79,FETUSDT
2019-03-25 20:00:00,0.1941,0.1987,0.1927,0.1977,5813334.78,FETUSDT
2019-03-26 00:00:00,0.1976,0.201,0.1955,0.1968,6902861.67,FETUSDT
2019-03-26 04:00:00,0.1968,0.1985,0.1882,0.1913,7480135.87,FETUSDT
2019-03-26 08:00:00,0.1913,0.192,0.1857,0.1871,7561486.41,FETUSDT
2019-03-26 12:00:00,0.1871,0.1888,0.1783,0.1817,9273709.95,FETUSDT
2019-03-26 16:00:00,0.1817,0.1843,0.1777,0.1837,9064736.68,FETUSDT
2019-03-26 20:00:00,0.1835,0.1838,0.1791,0.1819,6436235.66,FETUSDT
2019-03-27 00:00:00,0.1818,0.1858,0.18,0.1832,7649723.23,FETUSDT
2019-03-27 04:00:00,0.1832,0.1918,0.1832,0.1908,7194664.42,FETUSDT
2019-03-27 08:00:00,0.1909,0.1983,0.1869,0.1902,17563298.85,FETUSDT
2019-03-27 12:00:00,0.1901,0.1949,0.1875,0.1922,8763637.06,FETUSDT
2019-03-27 16:00:00,0.1918,0.1974,0.1895,0.1946,11664545.29,FETUSDT
2019-03-27 20:00:00,0.1944,0.1984,0.1928,0.1942,9259643.57,FETUSDT
2019-03-28 00:00:00,0.1942,0.2119,0.1881,0.2057,15309942.98,FETUSDT
2019-03-28 04:00:00,0.2057,0.2159,0.2017,0.2068,22223601.02,FETUSDT
2019-03-28 08:00:00,0.2069,0.2112,0.2043,0.2059,9834658.99,FETUSDT
2019-03-28 12:00:00,0.2061,0.2107,0.205,0.2097,5417203.0,FETUSDT
2019-03-28 16:00:00,0.2095,0.2136,0.2074,0.2094,11711211.73,FETUSDT
2019-03-28 20:00:00,0.2096,0.2239,0.2082,0.2199,11721589.21,FETUSDT
2019-03-29 00:00:00,0.2199,0.2201,0.211,0.2117,12065941.82,FETUSDT
2019-03-29 04:00:00,0.2117,0.2148,0.2101,0.2125,7705577.92,FETUSDT
2019-03-29 08:00:00,0.2125,0.2129,0.2046,0.2095,11039813.66,FETUSDT
2019-03-29 12:00:00,0.2093,0.2094,0.2034,0.2042,15063730.96,FETUSDT
2019-03-29 16:00:00,0.2039,0.2082,0.2034,0.2071,9720789.99,FETUSDT
2019-03-29 20:00:00,0.2072,0.2085,0.2058,0.2067,8048516.39,FETUSDT
2019-03-30 00:00:00,0.2067,0.2072,0.1972,0.1972,10413918.75,FETUSDT
2019-03-30 04:00:00,0.1973,0.2032,0.196,0.2019,9858573.71,FETUSDT
2019-03-30 08:00:00,0.202,0.2033,0.1996,0.2002,8514923.46,FETUSDT
2019-03-30 12:00:00,0.2002,0.2023,0.1972,0.2002,8354160.51,FETUSDT
2019-03-30 16:00:00,0.2004,0.204,0.199,0.2031,8183363.59,FETUSDT
2019-03-30 20:00:00,0.203,0.2058,0.2029,0.2052,8073692.0,FETUSDT
2019-03-31 00:00:00,0.2051,0.2054,0.1993,0.2011,7009149.17,FETUSDT
2019-03-31 04:00:00,0.201,0.2035,0.201,0.2013,5796313.94,FETUSDT
2019-03-31 08:00:00,0.2013,0.2016,0.199,0.2006,4837690.63,FETUSDT
2019-03-31 12:00:00,0.2003,0.2006,0.1978,0.1992,6507845.56,FETUSDT
2019-03-31 16:00:00,0.1992,0.2008,0.1922,0.1952,9358291.74,FETUSDT
2019-03-31 20:00:00,0.1954,0.1989,0.1936,0.1973,8173384.4,FETUSDT
2019-04-01 00:00:00,0.1971,0.2013,0.194,0.2006,10969174.91,FETUSDT
2019-04-01 04:00:00,0.2002,0.2014,0.1965,0.1972,9627441.13,FETUSDT
2019-04-01 08:00:00,0.197,0.2017,0.1962,0.1972,17364655.86,FETUSDT
2019-04-01 12:00:00,0.1972,0.201,0.1971,0.1983,7986366.84,FETUSDT
2019-04-01 16:00:00,0.1983,0.2018,0.1983,0.2016,6430677.49,FETUSDT
2019-04-01 20:00:00,0.2017,0.203,0.1999,0.2015,10179634.17,FETUSDT
2019-04-02 00:00:00,0.2014,0.2015,0.196,0.2001,9527512.4,FETUSDT
2019-04-02 04:00:00,0.2001,0.2038,0.1953,0.2007,16590992.61,FETUSDT
2019-04-02 08:00:00,0.2007,0.2093,0.2007,0.2058,12167789.6,FETUSDT
2019-04-02 12:00:00,0.2057,0.2066,0.2018,0.2064,16230473.98,FETUSDT
2019-04-02 16:00:00,0.2064,0.2077,0.2025,0.2071,11531013.07,FETUSDT
2019-04-02 20:00:00,0.2071,0.2084,0.2027,0.2049,12158415.58,FETUSDT
2019-04-03 00:00:00,0.2045,0.2231,0.203,0.2145,20763756.86,FETUSDT
2019-04-03 04:00:00,0.2146,0.2146,0.2051,0.2096,9743282.42,FETUSDT
2019-04-03 08:00:00,0.2096,0.2129,0.2072,0.2104,6968514.76,FETUSDT
2019-04-03 12:00:00,0.2106,0.2113,0.2036,0.2046,12391038.96,FETUSDT
2019-04-03 16:00:00,0.2048,0.2084,0.2008,0.2021,10115528.61,FETUSDT
2019-04-03 20:00:00,0.2021,0.2038,0.188,0.1924,13801825.18,FETUSDT
2019-04-04 00:00:00,0.1927,0.1965,0.1902,0.1911,11438589.59,FETUSDT
2019-04-04 04:00:00,0.1913,0.1981,0.1912,0.1956,10549220.31,FETUSDT
2019-04-04 08:00:00,0.1957,0.2009,0.1925,0.1962,10277091.88,FETUSDT
2019-04-04 12:00:00,0.1963,0.1969,0.1912,0.1927,6895581.22,FETUSDT
2019-04-04 16:00:00,0.1928,0.2008,0.1888,0.1967,8406738.57,FETUSDT
2019-04-04 20:00:00,0.1965,0.1971,0.193,0.1953,8911222.8,FETUSDT
2019-04-05 00:00:00,0.1952,0.2022,0.1935,0.1991,7811489.26,FETUSDT
2019-04-05 04:00:00,0.1991,0.2025,0.197,0.2005,9863365.04,FETUSDT
2019-04-05 08:00:00,0.2006,0.2016,0.1974,0.1985,5912608.82,FETUSDT
2019-04-05 12:00:00,0.1984,0.1986,0.1935,0.1952,9889023.31,FETUSDT
2019-04-05 16:00:00,0.1951,0.1976,0.1947,0.1958,5786263.04,FETUSDT
2019-04-05 20:00:00,0.1958,0.1978,0.1955,0.1973,4394733.31,FETUSDT
2019-04-06 00:00:00,0.1973,0.1984,0.1958,0.1975,5289876.95,FETUSDT
2019-04-06 04:00:00,0.1976,0.2039,0.1969,0.1992,8374671.73,FETUSDT
2019-04-06 08:00:00,0.1992,0.2099,0.1984,0.205,10701505.26,FETUSDT
2019-04-06 12:00:00,0.205,0.2094,0.203,0.2044,5253275.63,FETUSDT
2019-04-06 16:00:00,0.2046,0.2058,0.1971,0.1995,9920082.27,FETUSDT
2019-04-06 20:00:00,0.1995,0.2012,0.1975,0.1997,6757269.02,FETUSDT
2019-04-07 00:00:00,0.2001,0.2081,0.1992,0.2027,11666009.74,FETUSDT
2019-04-07 04:00:00,0.2024,0.21,0.2014,0.2074,8294742.85,FETUSDT
2019-04-07 08:00:00,0.2073,0.208,0.203,0.2043,8198922.5,FETUSDT
2019-04-07 12:00:00,0.2046,0.2055,0.2011,0.2027,8525047.03,FETUSDT
2019-04-07 16:00:00,0.2027,0.203,0.1982,0.2011,8235587.97,FETUSDT
2019-04-07 20:00:00,0.2011,0.2063,0.2009,0.2027,6839276.8,FETUSDT
2019-04-08 00:00:00,0.2024,0.2039,0.1993,0.2015,10756838.06,FETUSDT
2019-04-08 04:00:00,0.2015,0.2058,0.2005,0.2025,9128651.23,FETUSDT
2019-04-08 08:00:00,0.2023,0.203,0.1977,0.198,11680287.34,FETUSDT
2019-04-08 12:00:00,0.198,0.2062,0.1975,0.2057,10004993.1,FETUSDT
2019-04-08 16:00:00,0.2057,0.2186,0.2049,0.2084,12234328.33,FETUSDT
2019-04-08 20:00:00,0.2086,0.215,0.2082,0.2115,7693704.58,FETUSDT
2019-04-09 00:00:00,0.2116,0.2122,0.2013,0.2069,8395468.23,FETUSDT
2019-04-09 04:00:00,0.2055,0.2068,0.2004,0.2008,7857875.98,FETUSDT
2019-04-09 08:00:00,0.2008,0.2039,0.1988,0.2038,4031580.89,FETUSDT
2019-04-09 12:00:00,0.2039,0.2127,0.2021,0.2054,7322989.16,FETUSDT
2019-04-09 16:00:00,0.2054,0.2064,0.202,0.2037,3485382.6,FETUSDT
2019-04-09 20:00:00,0.2031,0.2072,0.2025,0.205,6080281.1,FETUSDT
2019-04-10 00:00:00,0.2049,0.2062,0.2019,0.2022,6681322.09,FETUSDT
2019-04-10 04:00:00,0.2023,0.2049,0.2023,0.2029,6997841.32,FETUSDT
2019-04-10 08:00:00,0.2029,0.2061,0.2028,0.2039,6069838.13,FETUSDT
2019-04-10 12:00:00,0.2038,0.2078,0.2034,0.2067,5241647.87,FETUSDT
2019-04-10 16:00:00,0.2067,0.2082,0.2029,0.2037,6020122.11,FETUSDT
2019-04-10 20:00:00,0.2037,0.2048,0.2001,0.2018,7378858.04,FETUSDT
2019-04-11 00:00:00,0.2018,0.2033,0.1854,0.1876,8626836.75,FETUSDT
2019-04-11 04:00:00,0.1872,0.1915,0.1837,0.1863,7295283.81,FETUSDT
2019-04-11 08:00:00,0.1863,0.1866,0.1699,0.1748,8394453.36,FETUSDT
2019-04-11 12:00:00,0.1749,0.186,0.1721,0.1789,7550992.75,FETUSDT
2019-04-11 16:00:00,0.1785,0.184,0.178,0.1828,5040866.07,FETUSDT
2019-04-11 20:00:00,0.1826,0.1827,0.179,0.181,3959023.87,FETUSDT
2019-04-12 00:00:00,0.1808,0.1809,0.173,0.179,7160822.33,FETUSDT
2019-04-12 04:00:00,0.1792,0.1897,0.1778,0.186,5037719.65,FETUSDT
2019-04-12 08:00:00,0.1859,0.1928,0.1833,0.1887,6769136.18,FETUSDT
2019-04-12 12:00:00,0.1887,0.1916,0.1843,0.1876,5424337.74,FETUSDT
2019-04-12 16:00:00,0.1878,0.1909,0.1865,0.1884,5782259.18,FETUSDT
2019-04-12 20:00:00,0.1886,0.1907,0.186,0.1893,5346033.4,FETUSDT
2019-04-13 00:00:00,0.1893,0.1947,0.1881,0.1915,4218451.49,FETUSDT
2019-04-13 04:00:00,0.1915,0.1943,0.1905,0.1909,5648455.75,FETUSDT
2019-04-13 08:00:00,0.1909,0.1914,0.1835,0.1873,5506370.75,FETUSDT
2019-04-13 12:00:00,0.1874,0.1909,0.1857,0.1872,4049814.82,FETUSDT
2019-04-13 16:00:00,0.1872,0.1889,0.1862,0.1875,4466658.92,FETUSDT
2019-04-13 20:00:00,0.1873,0.193,0.1861,0.192,6127478.53,FETUSDT
2019-04-14 00:00:00,0.192,0.1924,0.1877,0.1897,4241110.61,FETUSDT
2019-04-14 04:00:00,0.1898,0.1906,0.1851,0.1878,4862748.12,FETUSDT
2019-04-14 08:00:00,0.1881,0.1905,0.1867,0.1891,4202669.94,FETUSDT
2019-04-14 12:00:00,0.189,0.1922,0.1883,0.1889,3668335.87,FETUSDT
2019-04-14 16:00:00,0.1893,0.1903,0.1878,0.1881,3399023.7,FETUSDT
2019-04-14 20:00:00,0.1883,0.1909,0.188,0.1906,4978909.91,FETUSDT
2019-04-15 00:00:00,0.1905,0.193,0.1904,0.1928,5007397.3,FETUSDT
2019-04-15 04:00:00,0.1929,0.1936,0.1906,0.1912,4919903.92,FETUSDT
2019-04-15 08:00:00,0.1912,0.1973,0.191,0.1957,6187208.2,FETUSDT
2019-04-15 12:00:00,0.1956,0.1958,0.1891,0.1899,6270875.33,FETUSDT
2019-04-15 16:00:00,0.1898,0.1908,0.184,0.1854,8141313.89,FETUSDT
2019-04-15 20:00:00,0.1851,0.1851,0.1801,0.183,7367092.48,FETUSDT
2019-04-16 00:00:00,0.183,0.183,0.179,0.1816,5101101.51,FETUSDT
2019-04-16 04:00:00,0.1814,0.1847,0.1806,0.1843,3479899.03,FETUSDT
2019-04-16 08:00:00,0.1847,0.1858,0.181,0.1826,6094960.25,FETUSDT
2019-04-16 12:00:00,0.1824,0.1855,0.181,0.1838,6497700.63,FETUSDT
2019-04-16 16:00:00,0.1839,0.1876,0.1836,0.1864,3754122.31,FETUSDT
2019-04-16 20:00:00,0.1864,0.1892,0.1862,0.1869,4322913.08,FETUSDT
2019-04-17 00:00:00,0.1871,0.1936,0.1868,0.1907,3863211.5,FETUSDT
2019-04-17 04:00:00,0.1907,0.1941,0.1886,0.1939,5730763.67,FETUSDT
2019-04-17 08:00:00,0.1941,0.1963,0.1918,0.1936,5042765.99,FETUSDT
2019-04-17 12:00:00,0.1936,0.2009,0.1929,0.1966,8192831.44,FETUSDT
2019-04-17 16:00:00,0.197,0.1993,0.1956,0.1963,5257574.56,FETUSDT
2019-04-17 20:00:00,0.1964,0.1983,0.1955,0.197,7504957.04,FETUSDT
2019-04-18 00:00:00,0.1969,0.2099,0.1969,0.2041,8706340.3,FETUSDT
2019-04-18 04:00:00,0.2041,0.216,0.201,0.2117,7587869.54,FETUSDT
2019-04-18 08:00:00,0.2118,0.2133,0.207,0.2132,10367738.32,FETUSDT
2019-04-18 12:00:00,0.2129,0.2131,0.2064,0.2092,4947502.19,FETUSDT
2019-04-18 16:00:00,0.2093,0.212,0.2084,0.2105,4970620.75,FETUSDT
2019-04-18 20:00:00,0.2103,0.2115,0.208,0.2109,7190458.71,FETUSDT
2019-04-19 00:00:00,0.2105,0.212,0.201,0.2032,5603391.83,FETUSDT
2019-04-19 04:00:00,0.2031,0.2089,0.2013,0.2086,8085534.39,FETUSDT
2019-04-19 08:00:00,0.209,0.2104,0.2047,0.2072,6280349.47,FETUSDT
2019-04-19 12:00:00,0.2074,0.2088,0.205,0.2069,4738057.0,FETUSDT
2019-04-19 16:00:00,0.2067,0.2088,0.2037,0.2054,4118521.23,FETUSDT
2019-04-19 20:00:00,0.2052,0.2079,0.2035,0.2042,5882690.25,FETUSDT
2019-04-20 00:00:00,0.2043,0.2107,0.203,0.2107,6065457.14,FETUSDT
2019-04-20 04:00:00,0.2107,0.2112,0.2068,0.208,6496016.05,FETUSDT
2019-04-20 08:00:00,0.2078,0.2135,0.2073,0.2105,7612160.52,FETUSDT
2019-04-20 12:00:00,0.2108,0.2145,0.21,0.2131,7058599.83,FETUSDT
2019-04-20 16:00:00,0.2135,0.2284,0.2115,0.2264,9981679.87,FETUSDT
2019-04-20 20:00:00,0.2269,0.2341,0.2172,0.2292,8433660.16,FETUSDT
2019-04-21 00:00:00,0.2296,0.2488,0.2292,0.2378,12018184.43,FETUSDT
2019-04-21 04:00:00,0.2388,0.2413,0.2213,0.2227,12997401.77,FETUSDT
2019-04-21 08:00:00,0.2222,0.2246,0.2065,0.2155,9212855.08,FETUSDT
2019-04-21 12:00:00,0.216,0.223,0.2036,0.2216,13741712.42,FETUSDT
2019-04-21 16:00:00,0.2216,0.2314,0.2174,0.224,6191582.06,FETUSDT
2019-04-21 20:00:00,0.224,0.2348,0.217,0.2328,11997552.41,FETUSDT
2019-04-22 00:00:00,0.2328,0.243,0.226,0.2281,12744835.91,FETUSDT
2019-04-22 04:00:00,0.2279,0.2388,0.2215,0.2345,9565850.61,FETUSDT
2019-04-22 08:00:00,0.2346,0.2459,0.2313,0.2395,7204618.13,FETUSDT
2019-04-22 12:00:00,0.2395,0.2463,0.229,0.2337,7283671.1,FETUSDT
2019-04-22 16:00:00,0.2341,0.2347,0.2178,0.2265,8099159.04,FETUSDT
2019-04-22 20:00:00,0.2263,0.2328,0.2209,0.2293,3568886.82,FETUSDT
2019-04-23 00:00:00,0.2293,0.2306,0.218,0.2188,5429051.83,FETUSDT
2019-04-23 04:00:00,0.2187,0.2248,0.214,0.2194,5767316.85,FETUSDT
2019-04-23 08:00:00,0.2191,0.2266,0.2184,0.222,5618406.35,FETUSDT
2019-04-23 12:00:00,0.2219,0.2246,0.218,0.2189,10217468.99,FETUSDT
2019-04-23 16:00:00,0.2186,0.2194,0.2049,0.2096,9765660.98,FETUSDT
2019-04-23 20:00:00,0.2096,0.212,0.2038,0.2076,8457591.41,FETUSDT
2019-04-24 00:00:00,0.2075,0.2077,0.1946,0.1997,7027185.07,FETUSDT
2019-04-24 04:00:00,0.1999,0.2065,0.1795,0.187,8612230.63,FETUSDT
2019-04-24 08:00:00,0.187,0.188,0.1751,0.1821,9718284.38,FETUSDT
2019-04-24 12:00:00,0.1818,0.1875,0.1804,0.1844,6643814.51,FETUSDT
2019-04-24 16:00:00,0.1849,0.1906,0.1781,0.1901,6209282.43,FETUSDT
2019-04-24 20:00:00,0.1901,0.193,0.1845,0.1875,5174764.64,FETUSDT
2019-04-25 00:00:00,0.1874,0.1897,0.1799,0.1811,4345967.51,FETUSDT
2019-04-25 04:00:00,0.1812,0.1826,0.1774,0.1812,4815313.72,FETUSDT
2019-04-25 08:00:00,0.1812,0.189,0.1777,0.1871,1759905.06,FETUSDT
2019-04-25 12:00:00,0.1869,0.1869,0.1805,0.1834,898336.48,FETUSDT
2019-04-25 16:00:00,0.1834,0.1853,0.1807,0.1809,962938.79,FETUSDT
2019-04-25 20:00:00,0.1809,0.1834,0.1585,0.1601,4642788.81,FETUSDT
2019-04-26 00:00:00,0.1604,0.1649,0.1527,0.1594,4851955.53,FETUSDT
2019-04-26 04:00:00,0.1592,0.1624,0.1466,0.1544,5495319.56,FETUSDT
2019-04-26 08:00:00,0.1549,0.1594,0.1483,0.1518,5354644.06,FETUSDT
2019-04-26 12:00:00,0.1519,0.1534,0.1433,0.1442,2047379.83,FETUSDT
2019-04-26 16:00:00,0.1442,0.1531,0.1407,0.1469,2519448.24,FETUSDT
2019-04-26 20:00:00,0.147,0.1508,0.1439,0.1461,2404639.02,FETUSDT
2019-04-27 00:00:00,0.1463,0.148,0.1423,0.1436,961826.65,FETUSDT
2019-04-27 04:00:00,0.143,0.1495,0.1411,0.1486,1559099.21,FETUSDT
2019-04-27 08:00:00,0.1486,0.1489,0.1446,0.1468,4219200.39,FETUSDT
2019-04-27 12:00:00,0.1468,0.151,0.1447,0.1497,5146320.91,FETUSDT
2019-04-27 16:00:00,0.1497,0.1535,0.1494,0.152,5265273.83,FETUSDT
2019-04-27 20:00:00,0.1518,0.1532,0.1506,0.1509,5987440.62,FETUSDT
2019-04-28 00:00:00,0.1511,0.1515,0.1486,0.1502,6217566.59,FETUSDT
2019-04-28 04:00:00,0.1502,0.1507,0.1487,0.1503,2533141.89,FETUSDT
2019-04-28 08:00:00,0.1504,0.1579,0.15,0.155,5645742.46,FETUSDT
2019-04-28 12:00:00,0.1555,0.1578,0.1472,0.1499,5892665.56,FETUSDT
2019-04-28 16:00:00,0.15,0.1511,0.1442,0.1455,7328885.32,FETUSDT
2019-04-28 20:00:00,0.1455,0.147,0.144,0.1467,3938749.32,FETUSDT
2019-04-29 00:00:00,0.1465,0.148,0.145,0.1467,4286491.01,FETUSDT
2019-04-29 04:00:00,0.1467,0.1499,0.1463,0.1473,3666203.27,FETUSDT
2019-04-29 08:00:00,0.1472,0.1473,0.1342,0.137,6142308.54,FETUSDT
2019-04-29 12:00:00,0.1369,0.1374,0.1293,0.1329,7105697.46,FETUSDT
2019-04-29 16:00:00,0.1327,0.1363,0.1326,0.1336,3541582.42,FETUSDT
2019-04-29 20:00:00,0.1336,0.1339,0.127,0.1284,4651009.31,FETUSDT
2019-04-30 00:00:00,0.1284,0.1335,0.1283,0.1328,4329400.56,FETUSDT
2019-04-30 04:00:00,0.1329,0.1349,0.1292,0.1326,4078425.76,FETUSDT
2019-04-30 08:00:00,0.1325,0.1347,0.1312,0.1339,6451335.64,FETUSDT
2019-04-30 12:00:00,0.134,0.1383,0.1334,0.1352,7546664.22,FETUSDT
2019-04-30 16:00:00,0.1351,0.1399,0.1347,0.1385,7792823.86,FETUSDT
2019-04-30 20:00:00,0.1382,0.1396,0.1371,0.1386,4426303.23,FETUSDT
2019-05-01 00:00:00,0.1386,0.1418,0.1376,0.1388,6680183.29,FETUSDT
2019-05-01 04:00:00,0.1389,0.1389,0.1356,0.1383,4569956.36,FETUSDT
2019-05-01 08:00:00,0.1383,0.1383,0.1346,0.1366,6152137.97,FETUSDT
2019-05-01 12:00:00,0.1366,0.1367,0.1327,0.1346,7534255.79,FETUSDT
2019-05-01 16:00:00,0.1348,0.137,0.1341,0.1354,4998462.13,FETUSDT
2019-05-01 20:00:00,0.1354,0.1365,0.1347,0.1362,4893661.0,FETUSDT
2019-05-02 00:00:00,0.136,0.1401,0.1357,0.1393,3981203.9,FETUSDT
2019-05-02 04:00:00,0.1394,0.1412,0.1373,0.1385,5311790.23,FETUSDT
2019-05-02 08:00:00,0.1387,0.1412,0.1371,0.1407,4657623.74,FETUSDT
2019-05-02 12:00:00,0.1406,0.1407,0.1341,0.1355,4578598.79,FETUSDT
2019-05-02 16:00:00,0.1356,0.1365,0.1308,0.1325,4906824.0,FETUSDT
2019-05-02 20:00:00,0.1327,0.1346,0.1322,0.1327,3037602.08,FETUSDT
2019-05-03 00:00:00,0.1326,0.1342,0.1321,0.133,4325678.96,FETUSDT
2019-05-03 04:00:00,0.133,0.1338,0.1277,0.129,6398656.93,FETUSDT
2019-05-03 08:00:00,0.1287,0.1358,0.1276,0.1331,9853301.35,FETUSDT
2019-05-03 12:00:00,0.133,0.1359,0.1326,0.1336,6160524.05,FETUSDT
2019-05-03 16:00:00,0.1336,0.1339,0.1318,0.133,4903835.79,FETUSDT
2019-05-03 20:00:00,0.1333,0.1347,0.1325,0.134,3988528.67,FETUSDT
2019-05-04 00:00:00,0.1341,0.1345,0.1316,0.1319,5095911.83,FETUSDT
2019-05-04 04:00:00,0.1318,0.1318,0.129,0.1308,3759452.87,FETUSDT
2019-05-04 08:00:00,0.1309,0.1318,0.1229,0.1252,8328681.05,FETUSDT
2019-05-04 12:00:00,0.1254,0.1262,0.1187,0.1229,6893973.64,FETUSDT
2019-05-04 16:00:00,0.1229,0.1254,0.1225,0.1252,2542357.05,FETUSDT
2019-05-04 20:00:00,0.1253,0.1254,0.1233,0.1241,2869433.9,FETUSDT
2019-05-05 00:00:00,0.1239,0.1244,0.1198,0.1214,7517977.84,FETUSDT
2019-05-05 04:00:00,0.1214,0.123,0.1195,0.1206,4608275.96,FETUSDT
2019-05-05 08:00:00,0.1204,0.1225,0.1199,0.121,3537058.31,FETUSDT
2019-05-05 12:00:00,0.1212,0.1255,0.1205,0.124,5534037.22,FETUSDT
2019-05-05 16:00:00,0.1237,0.1238,0.1201,0.1231,4721012.99,FETUSDT
2019-05-05 20:00:00,0.1233,0.1234,0.1216,0.1219,3169614.99,FETUSDT
2019-05-06 00:00:00,0.1219,0.1225,0.1174,0.1193,4144255.04,FETUSDT
2019-05-06 04:00:00,0.1192,0.1212,0.1188,0.1191,4648314.89,FETUSDT
2019-05-06 08:00:00,0.1195,0.1234,0.118,0.1229,6591930.43,FETUSDT
2019-05-06 12:00:00,0.1229,0.127,0.119,0.125,6455299.6,FETUSDT
2019-05-06 16:00:00,0.1251,0.1264,0.1234,0.124,7217499.42,FETUSDT
2019-05-06 20:00:00,0.124,0.1263,0.1228,0.1236,5505690.92,FETUSDT
2019-05-07 00:00:00,0.124,0.126,0.1217,0.1233,6036649.72,FETUSDT
2019-05-07 04:00:00,0.1232,0.1241,0.1203,0.1215,9528461.73,FETUSDT
2019-05-07 08:00:00,0.1214,0.1225,0.1205,0.1213,3991950.58,FETUSDT
2019-05-07 12:00:00,0.1212,0.1218,0.1178,0.1188,4034890.44,FETUSDT
2019-05-07 16:00:00,0.1187,0.1206,0.1178,0.1186,5310346.2,FETUSDT
2019-05-07 20:00:00,0.1185,0.1194,0.11,0.1114,8173136.61,FETUSDT
2019-05-08 00:00:00,0.1116,0.1132,0.1086,0.113,6264425.38,FETUSDT
2019-05-08 04:00:00,0.1131,0.1136,0.1111,0.1121,4103591.74,FETUSDT
2019-05-08 08:00:00,0.1122,0.1129,0.1058,0.1067,5249020.96,FETUSDT
2019-05-08 12:00:00,0.1067,0.1108,0.1065,0.1089,4659642.87,FETUSDT
2019-05-08 16:00:00,0.1089,0.1091,0.1069,0.1087,828395.05,FETUSDT
2019-05-08 20:00:00,0.1076,0.1084,0.106,0.1068,630809.82,FETUSDT
2019-05-09 00:00:00,0.1061,0.1061,0.1026,0.1035,1368402.23,FETUSDT
2019-05-09 04:00:00,0.1039,0.1045,0.1,0.1011,2648265.24,FETUSDT
2019-05-09 08:00:00,0.1012,0.1045,0.1001,0.1002,1861128.53,FETUSDT
2019-05-09 12:00:00,0.1002,0.1022,0.0982,0.0987,1577878.84,FETUSDT
2019-05-09 16:00:00,0.0983,0.0991,0.0941,0.0962,1473490.72,FETUSDT
2019-05-09 20:00:00,0.096,0.0969,0.0925,0.0943,672452.89,FETUSDT
2019-05-10 00:00:00,0.0945,0.0968,0.0875,0.0886,3296919.34,FETUSDT
2019-05-10 04:00:00,0.0887,0.0956,0.0885,0.0931,2231302.3,FETUSDT
2019-05-10 08:00:00,0.0931,0.1048,0.0931,0.0992,4903934.38,FETUSDT
2019-05-10 12:00:00,0.099,0.1045,0.0989,0.1009,1755984.17,FETUSDT
2019-05-10 16:00:00,0.1009,0.1028,0.0976,0.0994,1612905.62,FETUSDT
2019-05-10 20:00:00,0.0991,0.1013,0.0987,0.0998,675091.62,FETUSDT
2019-05-11 00:00:00,0.0999,0.1011,0.0971,0.0982,951005.71,FETUSDT
2019-05-11 04:00:00,0.0983,0.1005,0.0955,0.1,2872604.39,FETUSDT
2019-05-11 08:00:00,0.1,0.1045,0.0996,0.1037,7293605.83,FETUSDT
2019-05-11 12:00:00,0.1037,0.1067,0.1014,0.1059,9405373.08,FETUSDT
2019-05-11 16:00:00,0.106,0.1132,0.1043,0.1097,8687878.38,FETUSDT
2019-05-11 20:00:00,0.1102,0.111,0.1065,0.1065,6257833.02,FETUSDT
2019-05-12 00:00:00,0.1065,0.1095,0.1043,0.1087,4578089.05,FETUSDT
2019-05-12 04:00:00,0.1088,0.1144,0.1087,0.1135,7699281.16,FETUSDT
2019-05-12 08:00:00,0.1135,0.1265,0.1099,0.113,16733413.92,FETUSDT
2019-05-12 12:00:00,0.1131,0.1159,0.1074,0.1092,8980192.23,FETUSDT
2019-05-12 16:00:00,0.1094,0.1143,0.1083,0.1125,5427352.0,FETUSDT
2019-05-12 20:00:00,0.1126,0.1159,0.1103,0.1147,9321455.6,FETUSDT
2019-05-13 00:00:00,0.1149,0.1237,0.1141,0.1195,7199935.85,FETUSDT
2019-05-13 04:00:00,0.1189,0.1282,0.1188,0.1245,7392634.1,FETUSDT
2019-05-13 08:00:00,0.1245,0.1326,0.121,0.1212,8066039.12,FETUSDT
2019-05-13 12:00:00,0.1212,0.1262,0.1151,0.1189,9234228.12,FETUSDT
2019-05-13 16:00:00,0.1189,0.1242,0.1189,0.1235,7990389.57,FETUSDT
2019-05-13 20:00:00,0.1235,0.125,0.1169,0.1201,6039898.57,FETUSDT
2019-05-14 00:00:00,0.1201,0.1349,0.1201,0.125,14204363.07,FETUSDT
2019-05-14 04:00:00,0.125,0.131,0.1248,0.1265,10125178.04,FETUSDT
2019-05-14 08:00:00,0.1269,0.136,0.1236,0.1305,7880399.84,FETUSDT
2019-05-14 12:00:00,0.13,0.1335,0.1261,0.1293,8773094.08,FETUSDT
2019-05-14 16:00:00,0.1293,0.1329,0.1249,0.1324,8984892.23,FETUSDT
2019-05-14 20:00:00,0.1323,0.145,0.1277,0.1433,8011332.1,FETUSDT
2019-05-15 00:00:00,0.143,0.1434,0.1326,0.1344,8966639.15,FETUSDT
2019-05-15 12:00:00,0.1335,0.1472,0.1335,0.1458,5236738.06,FETUSDT
2019-05-15 16:00:00,0.1458,0.1499,0.1388,0.1432,4839981.43,FETUSDT
2019-05-15 20:00:00,0.1433,0.1493,0.14,0.1471,4063690.6,FETUSDT
2019-05-16 00:00:00,0.1467,0.157,0.1464,0.1495,5256492.78,FETUSDT
2019-05-16 04:00:00,0.1494,0.1506,0.1336,0.1419,9097186.75,FETUSDT
2019-05-16 08:00:00,0.1414,0.1429,0.1282,0.1334,8575593.72,FETUSDT
2019-05-16 12:00:00,0.1328,0.1396,0.1279,0.1389,4269826.16,FETUSDT
2019-05-16 16:00:00,0.1389,0.1395,0.13,0.1328,3625336.03,FETUSDT
2019-05-16 20:00:00,0.1327,0.1347,0.1289,0.1332,2513727.42,FETUSDT
2019-05-17 00:00:00,0.1331,0.1397,0.1145,0.1223,6029532.82,FETUSDT
2019-05-17 04:00:00,0.1227,0.1437,0.1193,0.1342,10364513.18,FETUSDT
2019-05-17 08:00:00,0.134,0.15,0.1337,0.1445,6513508.01,FETUSDT
2019-05-17 12:00:00,0.1442,0.154,0.1309,0.1521,8429279.52,FETUSDT
2019-05-17 16:00:00,0.1521,0.18,0.1469,0.16,19158433.41,FETUSDT
2019-05-17 20:00:00,0.1595,0.1743,0.1575,0.1709,7273313.54,FETUSDT
2019-05-18 00:00:00,0.1711,0.193,0.1697,0.1822,15079088.18,FETUSDT
2019-05-18 04:00:00,0.1818,0.1818,0.1555,0.1589,8869657.3,FETUSDT
2019-05-18 08:00:00,0.1593,0.1756,0.1585,0.1679,7207157.96,FETUSDT
2019-05-18 12:00:00,0.1679,0.17,0.1604,0.162,4574998.55,FETUSDT
2019-05-18 16:00:00,0.1623,0.1688,0.158,0.1682,5044311.37,FETUSDT
2019-05-18 20:00:00,0.1682,0.1707,0.1594,0.1615,2997426.1,FETUSDT
2019-05-19 00:00:00,0.1613,0.1773,0.1551,0.1645,8162072.74,FETUSDT
2019-05-19 04:00:00,0.1641,0.186,0.1636,0.1786,11875528.77,FETUSDT
2019-05-19 08:00:00,0.1785,0.1888,0.1727,0.1875,15027251.08,FETUSDT
2019-05-19 12:00:00,0.1873,0.2082,0.1837,0.1954,19871497.96,FETUSDT
2019-05-19 16:00:00,0.1959,0.2156,0.1945,0.2011,16213025.77,FETUSDT
2019-05-19 20:00:00,0.2011,0.209,0.1922,0.2059,16871191.67,FETUSDT
2019-05-20 00:00:00,0.2059,0.235,0.1946,0.2348,27700321.25,FETUSDT
2019-05-20 04:00:00,0.2348,0.243,0.22,0.2284,23681531.73,FETUSDT
2019-05-20 08:00:00,0.2284,0.2448,0.2226,0.2378,16238062.01,FETUSDT
2019-05-20 12:00:00,0.2379,0.2429,0.207,0.2381,32883036.95,FETUSDT
2019-05-20 16:00:00,0.2382,0.267,0.2325,0.2568,40978785.87,FETUSDT
2019-05-20 20:00:00,0.2574,0.3166,0.253,0.2709,44028488.46,FETUSDT
2019-05-21 00:00:00,0.2715,0.3152,0.252,0.3057,40487760.2,FETUSDT
2019-05-21 04:00:00,0.3061,0.3121,0.2636,0.2713,33517091.76,FETUSDT
2019-05-21 08:00:00,0.2722,0.3013,0.2661,0.3001,24244768.11,FETUSDT
2019-05-21 12:00:00,0.2993,0.3422,0.2775,0.3206,40514149.48,FETUSDT
2019-05-21 16:00:00,0.3209,0.327,0.2181,0.2224,43868545.79,FETUSDT
2019-05-21 20:00:00,0.2227,0.2429,0.2167,0.2285,23771764.81,FETUSDT
2019-05-22 00:00:00,0.2285,0.2404,0.2001,0.2146,21692927.84,FETUSDT
2019-05-22 04:00:00,0.2143,0.2154,0.1922,0.1969,21701227.1,FETUSDT
2019-05-22 08:00:00,0.1975,0.2093,0.1913,0.1994,20395000.7,FETUSDT
2019-05-22 12:00:00,0.1996,0.2035,0.1777,0.187,18888849.49,FETUSDT
2019-05-22 16:00:00,0.1874,0.1965,0.18,0.1866,14653405.05,FETUSDT
2019-05-22 20:00:00,0.187,0.1878,0.1636,0.1686,18842145.03,FETUSDT
2019-05-23 00:00:00,0.1688,0.202,0.1585,0.2005,38775945.85,FETUSDT
2019-05-23 04:00:00,0.2001,0.2163,0.19,0.2055,32468804.34,FETUSDT
2019-05-23 08:00:00,0.2053,0.215,0.175,0.1784,29053319.44,FETUSDT
2019-05-23 12:00:00,0.1785,0.1941,0.1711,0.1907,18048413.62,FETUSDT
2019-05-23 16:00:00,0.1911,0.1984,0.1817,0.1865,13496689.47,FETUSDT
2019-05-23 20:00:00,0.186,0.1909,0.1761,0.1789,10396187.31,FETUSDT
2019-05-24 00:00:00,0.1789,0.1855,0.1746,0.1787,11974592.94,FETUSDT
2019-05-24 04:00:00,0.1785,0.1828,0.1692,0.1744,12074959.77,FETUSDT
2019-05-24 08:00:00,0.1741,0.18,0.1704,0.1727,9946704.15,FETUSDT
2019-05-24 12:00:00,0.1726,0.1736,0.1588,0.1635,14741315.84,FETUSDT
2019-05-24 16:00:00,0.1635,0.1654,0.1566,0.1611,10682724.34,FETUSDT
2019-05-24 20:00:00,0.1612,0.1627,0.1526,0.1585,10455148.37,FETUSDT
2019-05-25 00:00:00,0.158,0.1585,0.1512,0.152,9663839.62,FETUSDT
2019-05-25 04:00:00,0.152,0.1557,0.1478,0.1516,9964092.53,FETUSDT
2019-05-25 08:00:00,0.151,0.1597,0.1508,0.1557,13473491.65,FETUSDT
2019-05-25 12:00:00,0.156,0.1767,0.1555,0.1719,23458822.9,FETUSDT
2019-05-25 16:00:00,0.172,0.19,0.1705,0.1864,26528133.54,FETUSDT
2019-05-25 20:00:00,0.1863,0.1898,0.1746,0.1777,17194676.87,FETUSDT
2019-05-26 00:00:00,0.1777,0.2093,0.1774,0.18,24668643.46,FETUSDT
2019-05-26 04:00:00,0.1804,0.1937,0.1787,0.1832,17953858.56,FETUSDT
2019-05-26 08:00:00,0.1838,0.1923,0.1671,0.1739,15065382.26,FETUSDT
2019-05-26 12:00:00,0.1742,0.175,0.1628,0.1665,11631513.98,FETUSDT
2019-05-26 16:00:00,0.1663,0.1735,0.1615,0.1696,10698748.12,FETUSDT
2019-05-26 20:00:00,0.1698,0.1783,0.1661,0.1741,11472039.68,FETUSDT
2019-05-27 00:00:00,0.1738,0.1865,0.1696,0.1844,8589602.47,FETUSDT
2019-05-27 04:00:00,0.1845,0.1852,0.1744,0.1778,9341243.67,FETUSDT
2019-05-27 08:00:00,0.1777,0.1808,0.177,0.1782,7303906.74,FETUSDT
2019-05-27 12:00:00,0.1783,0.1796,0.1662,0.1683,10760096.9,FETUSDT
2019-05-27 16:00:00,0.1683,0.172,0.162,0.1683,8156911.92,FETUSDT
2019-05-27 20:00:00,0.1684,0.1728,0.1651,0.1697,6972911.38,FETUSDT
2019-05-28 00:00:00,0.1696,0.1897,0.1693,0.1894,11463350.52,FETUSDT
2019-05-28 04:00:00,0.1892,0.1949,0.176,0.1852,17185661.58,FETUSDT
2019-05-28 08:00:00,0.1845,0.1908,0.1775,0.1886,13542111.7,FETUSDT
2019-05-28 12:00:00,0.1884,0.2025,0.1832,0.1871,18435280.75,FETUSDT
2019-05-28 16:00:00,0.1871,0.1878,0.1788,0.1792,6118349.66,FETUSDT
2019-05-28 20:00:00,0.1795,0.186,0.179,0.1821,2762324.04,FETUSDT
2019-05-29 00:00:00,0.1821,0.1857,0.1724,0.1771,8287751.28,FETUSDT
2019-05-29 04:00:00,0.1775,0.179,0.1666,0.1753,10949930.89,FETUSDT
2019-05-29 08:00:00,0.1755,0.1806,0.1742,0.1762,9524737.46,FETUSDT
2019-05-29 12:00:00,0.1761,0.18,0.1752,0.1778,10105384.92,FETUSDT
2019-05-29 16:00:00,0.1779,0.1801,0.174,0.1784,9596377.06,FETUSDT
2019-05-29 20:00:00,0.1785,0.1794,0.1747,0.1755,8598983.7,FETUSDT
2019-05-30 00:00:00,0.1756,0.1761,0.1703,0.1733,9144793.13,FETUSDT
2019-05-30 04:00:00,0.1733,0.1809,0.1732,0.1758,10667755.78,FETUSDT
2019-05-30 08:00:00,0.1757,0.1887,0.1736,0.1849,12847562.15,FETUSDT
2019-05-30 12:00:00,0.1848,0.1881,0.1765,0.1794,14768759.12,FETUSDT
2019-05-30 16:00:00,0.1789,0.1828,0.1655,0.1722,15780002.12,FETUSDT
2019-05-30 20:00:00,0.1722,0.1725,0.156,0.164,10643828.38,FETUSDT
2019-05-31 00:00:00,0.1641,0.1735,0.1635,0.1662,6903610.25,FETUSDT
2019-05-31 04:00:00,0.1665,0.1745,0.1657,0.1715,12108170.25,FETUSDT
2019-05-31 08:00:00,0.1712,0.1713,0.1639,0.1649,5672962.66,FETUSDT
2019-05-31 12:00:00,0.1649,0.1788,0.1649,0.177,10954580.05,FETUSDT
2019-05-31 16:00:00,0.177,0.1968,0.1738,0.1891,25625377.61,FETUSDT
2019-05-31 20:00:00,0.1895,0.1918,0.1808,0.1828,12057492.43,FETUSDT
2019-06-01 00:00:00,0.1826,0.1909,0.1754,0.1785,16755229.16,FETUSDT
2019-06-01 04:00:00,0.1785,0.1812,0.1725,0.1774,15024506.17,FETUSDT
2019-06-01 08:00:00,0.1776,0.1929,0.1771,0.1883,14079588.26,FETUSDT
2019-06-01 12:00:00,0.1885,0.1918,0.1805,0.1882,16522842.65,FETUSDT
2019-06-01 16:00:00,0.1882,0.2009,0.1875,0.1955,19221633.9,FETUSDT
2019-06-01 20:00:00,0.1955,0.2036,0.1893,0.1939,12704059.95,FETUSDT
2019-06-02 00:00:00,0.1939,0.2115,0.1937,0.2062,11518517.48,FETUSDT
2019-06-02 04:00:00,0.2058,0.2105,0.1954,0.1997,7263838.28,FETUSDT
2019-06-02 08:00:00,0.2,0.2039,0.1912,0.1982,6455969.02,FETUSDT
2019-06-02 12:00:00,0.1974,0.198,0.1826,0.1882,9999467.45,FETUSDT
2019-06-02 16:00:00,0.188,0.2037,0.1865,0.197,5891102.74,FETUSDT
2019-06-02 20:00:00,0.197,0.2082,0.197,0.2,6118781.41,FETUSDT
2019-06-03 00:00:00,0.1999,0.2005,0.189,0.1945,6995635.78,FETUSDT
2019-06-03 04:00:00,0.1946,0.1988,0.1765,0.1821,12012571.31,FETUSDT
2019-06-03 08:00:00,0.1822,0.189,0.1806,0.1856,8538108.2,FETUSDT
2019-06-03 12:00:00,0.1859,0.1891,0.1771,0.1833,10759656.82,FETUSDT
2019-06-03 16:00:00,0.1832,0.1866,0.179,0.1859,11010534.49,FETUSDT
2019-06-03 20:00:00,0.186,0.1898,0.174,0.1752,12045646.21,FETUSDT
2019-06-04 00:00:00,0.1748,0.1748,0.1624,0.1644,12081060.32,FETUSDT
2019-06-04 04:00:00,0.1647,0.1705,0.163,0.1661,10044387.18,FETUSDT
2019-06-04 08:00:00,0.1661,0.1747,0.1654,0.173,12973640.86,FETUSDT
2019-06-04 12:00:00,0.1732,0.1798,0.1728,0.1745,15007805.98,FETUSDT
2019-06-04 16:00:00,0.1749,0.1821,0.1645,0.1706,15792289.04,FETUSDT
2019-06-04 20:00:00,0.1705,0.179,0.1671,0.1762,9489522.19,FETUSDT
2019-06-05 00:00:00,0.176,0.1859,0.176,0.179,14025261.14,FETUSDT
2019-06-05 04:00:00,0.179,0.1878,0.178,0.1838,15710759.62,FETUSDT
2019-06-05 08:00:00,0.1838,0.1852,0.1764,0.1769,12350900.15,FETUSDT
2019-06-05 12:00:00,0.1771,0.1796,0.1685,0.1785,15923529.38,FETUSDT
2019-06-05 16:00:00,0.1786,0.2109,0.1782,0.2,49052790.81,FETUSDT
2019-06-05 20:00:00,0.2002,0.2173,0.1886,0.2049,29707102.77,FETUSDT
2019-06-06 00:00:00,0.2047,0.21,0.1976,0.203,14765077.14,FETUSDT
2019-06-06 04:00:00,0.2036,0.2128,0.1943,0.2077,13138652.56,FETUSDT
2019-06-06 08:00:00,0.2077,0.2209,0.2066,0.2151,17396684.85,FETUSDT
2019-06-06 12:00:00,0.215,0.2164,0.1947,0.1981,26959119.72,FETUSDT
2019-06-06 16:00:00,0.1978,0.1978,0.185,0.1945,21418635.32,FETUSDT
2019-06-06 20:00:00,0.1949,0.2019,0.1928,0.1981,11133313.01,FETUSDT
2019-06-07 00:00:00,0.1981,0.2085,0.1952,0.2023,9625773.49,FETUSDT
2019-06-07 04:00:00,0.2023,0.2077,0.2018,0.2034,9557879.09,FETUSDT
2019-06-07 08:00:00,0.2036,0.2088,0.1987,0.2079,11221908.75,FETUSDT
2019-06-07 12:00:00,0.2077,0.218,0.2055,0.2095,13025393.66,FETUSDT
2019-06-07 16:00:00,0.2093,0.2124,0.202,0.2027,5379937.79,FETUSDT
2019-06-07 20:00:00,0.2025,0.21,0.2018,0.2075,1589033.88,FETUSDT
2019-06-08 00:00:00,0.2067,0.2089,0.2015,0.2018,2565726.83,FETUSDT
2019-06-08 04:00:00,0.202,0.2038,0.1971,0.2011,2835533.39,FETUSDT
2019-06-08 08:00:00,0.2004,0.2049,0.1999,0.2017,1430588.35,FETUSDT
2019-06-08 12:00:00,0.2019,0.2116,0.1994,0.2086,6008573.82,FETUSDT
2019-06-08 16:00:00,0.2087,0.2104,0.1994,0.2062,6828919.36,FETUSDT
2019-06-08 20:00:00,0.2058,0.2173,0.2058,0.2131,7770543.89,FETUSDT
2019-06-09 00:00:00,0.2135,0.233,0.2134,0.2263,16356455.13,FETUSDT
2019-06-09 04:00:00,0.2264,0.2361,0.221,0.2335,15390438.68,FETUSDT
2019-06-09 08:00:00,0.2339,0.2348,0.2241,0.229,16210686.73,FETUSDT
2019-06-09 12:00:00,0.2289,0.2297,0.2121,0.2134,28707711.38,FETUSDT
2019-06-09 16:00:00,0.2136,0.217,0.2025,0.2155,22272504.8,FETUSDT
2019-06-09 20:00:00,0.216,0.2164,0.1972,0.2048,24993946.12,FETUSDT
2019-06-10 00:00:00,0.205,0.2078,0.1952,0.2052,24728557.84,FETUSDT
2019-06-10 04:00:00,0.2051,0.2122,0.199,0.2105,19390801.46,FETUSDT
2019-06-10 08:00:00,0.2101,0.2166,0.2013,0.2136,25991550.27,FETUSDT
2019-06-10 12:00:00,0.2132,0.2277,0.2091,0.2273,22407546.56,FETUSDT
2019-06-10 16:00:00,0.2274,0.2415,0.224,0.234,40986615.18,FETUSDT
2019-06-10 20:00:00,0.2339,0.254,0.2261,0.2436,34564780.4,FETUSDT
2019-06-11 00:00:00,0.2439,0.2525,0.2288,0.2318,14687236.02,FETUSDT
2019-06-11 04:00:00,0.2316,0.2395,0.2236,0.2284,9268649.01,FETUSDT
2019-06-11 08:00:00,0.2284,0.2357,0.2238,0.2348,15970684.8,FETUSDT
2019-06-11 12:00:00,0.2348,0.252,0.233,0.2389,34130013.33,FETUSDT
2019-06-11 16:00:00,0.2389,0.2426,0.2315,0.2386,22783476.79,FETUSDT
2019-06-11 20:00:00,0.2388,0.2539,0.2352,0.2519,17270201.36,FETUSDT
2019-06-12 00:00:00,0.2519,0.2559,0.2335,0.2379,22672210.68,FETUSDT
2019-06-12 04:00:00,0.2378,0.2464,0.2369,0.2403,18668648.15,FETUSDT
2019-06-12 08:00:00,0.2399,0.2464,0.2364,0.2396,18703940.78,FETUSDT
2019-06-12 12:00:00,0.2393,0.2403,0.2286,0.233,20416745.27,FETUSDT
2019-06-12 16:00:00,0.2329,0.2366,0.2305,0.2355,12380605.47,FETUSDT
2019-06-12 20:00:00,0.2354,0.2388,0.2263,0.2365,19934368.12,FETUSDT
2019-06-13 00:00:00,0.2364,0.2386,0.2222,0.226,15750760.24,FETUSDT
2019-06-13 04:00:00,0.2257,0.2269,0.218,0.2195,12931163.95,FETUSDT
2019-06-13 08:00:00,0.2193,0.224,0.2186,0.222,14125045.49,FETUSDT
2019-06-13 12:00:00,0.2219,0.2294,0.2193,0.2237,12114298.7,FETUSDT
2019-06-13 16:00:00,0.2234,0.2316,0.217,0.2207,22654008.58,FETUSDT
2019-06-13 20:00:00,0.2207,0.2226,0.2123,0.2137,8707360.74,FETUSDT
2019-06-14 00:00:00,0.2138,0.2171,0.2101,0.2115,7752121.27,FETUSDT
2019-06-14 04:00:00,0.2115,0.2141,0.2087,0.2111,9750541.31,FETUSDT
2019-06-14 08:00:00,0.2111,0.215,0.1963,0.1984,15751035.15,FETUSDT
2019-06-14 12:00:00,0.1984,0.2017,0.1879,0.191,15286125.77,FETUSDT
2019-06-14 16:00:00,0.191,0.1961,0.1865,0.1911,16033326.67,FETUSDT
2019-06-14 20:00:00,0.1908,0.1976,0.1899,0.1961,9773529.39,FETUSDT
2019-06-15 00:00:00,0.1958,0.2032,0.1934,0.203,15698701.74,FETUSDT
2019-06-15 04:00:00,0.2025,0.208,0.1997,0.2057,17924445.36,FETUSDT
2019-06-15 08:00:00,0.2058,0.2114,0.2044,0.2086,10085286.57,FETUSDT
2019-06-15 12:00:00,0.2086,0.2158,0.199,0.2037,19750539.79,FETUSDT
2019-06-15 16:00:00,0.2032,0.2085,0.2002,0.2042,12369467.53,FETUSDT
2019-06-15 20:00:00,0.204,0.2071,0.2012,0.2031,6722732.75,FETUSDT
2019-06-16 00:00:00,0.2034,0.2038,0.1949,0.2003,10339132.12,FETUSDT
2019-06-16 04:00:00,0.2004,0.2032,0.1943,0.2021,11536625.46,FETUSDT
2019-06-16 08:00:00,0.2021,0.2036,0.1982,0.2006,11130010.95,FETUSDT
2019-06-16 12:00:00,0.2006,0.2009,0.1968,0.1987,9307814.28,FETUSDT
2019-06-16 16:00:00,0.1989,0.2019,0.1961,0.1986,8028851.25,FETUSDT
2019-06-16 20:00:00,0.1988,0.201,0.1955,0.2005,6757703.54,FETUSDT
2019-06-17 00:00:00,0.2004,0.2027,0.1963,0.2018,11363624.69,FETUSDT
2019-06-17 04:00:00,0.2017,0.225,0.1981,0.2118,22484517.39,FETUSDT
2019-06-17 08:00:00,0.2117,0.2136,0.2075,0.2081,11716806.26,FETUSDT
2019-06-17 12:00:00,0.2084,0.2109,0.202,0.2043,14988896.94,FETUSDT
2019-06-17 16:00:00,0.2048,0.207,0.2012,0.2027,11506350.88,FETUSDT
2019-06-17 20:00:00,0.2029,0.2043,0.1963,0.198,10905594.98,FETUSDT
2019-06-18 00:00:00,0.1976,0.2026,0.197,0.1987,11458160.73,FETUSDT
2019-06-18 04:00:00,0.1988,0.2038,0.1977,0.1988,14139188.87,FETUSDT
2019-06-18 08:00:00,0.1988,0.201,0.1947,0.1954,9631399.6,FETUSDT
2019-06-18 12:00:00,0.1952,0.1987,0.1932,0.1955,8243315.37,FETUSDT
2019-06-18 16:00:00,0.1955,0.2072,0.1953,0.2048,13788206.99,FETUSDT
2019-06-18 20:00:00,0.2046,0.211,0.2041,0.2084,10711024.56,FETUSDT
2019-06-19 00:00:00,0.2084,0.2089,0.204,0.2067,12532242.65,FETUSDT
2019-06-19 04:00:00,0.2062,0.2086,0.2037,0.2061,8155508.81,FETUSDT
2019-06-19 08:00:00,0.206,0.2118,0.2051,0.2089,16173160.02,FETUSDT
2019-06-19 12:00:00,0.2087,0.217,0.206,0.2103,16660443.88,FETUSDT
2019-06-19 16:00:00,0.2104,0.214,0.2092,0.2093,10860006.82,FETUSDT
2019-06-19 20:00:00,0.2095,0.21,0.2006,0.2024,13982829.99,FETUSDT
2019-06-20 00:00:00,0.2029,0.2046,0.1985,0.1996,11136172.36,FETUSDT
2019-06-20 04:00:00,0.1996,0.2018,0.1992,0.2004,6568746.32,FETUSDT
2019-06-20 08:00:00,0.2002,0.2047,0.1993,0.2001,10900773.21,FETUSDT
2019-06-20 12:00:00,0.2001,0.2013,0.1921,0.1928,13555558.3,FETUSDT
2019-06-20 16:00:00,0.1928,0.1945,0.1903,0.1905,12462350.22,FETUSDT
2019-06-20 20:00:00,0.1906,0.194,0.1892,0.1915,14031687.12,FETUSDT
2019-06-21 00:00:00,0.1914,0.1939,0.1902,0.1924,9911092.79,FETUSDT
2019-06-21 04:00:00,0.1926,0.1953,0.1916,0.1922,8870027.71,FETUSDT
2019-06-21 08:00:00,0.1923,0.1938,0.1877,0.1907,13305682.61,FETUSDT
2019-06-21 12:00:00,0.1907,0.1907,0.1851,0.1867,9982215.45,FETUSDT
2019-06-21 16:00:00,0.1867,0.1869,0.1816,0.1832,7425747.62,FETUSDT
2019-06-21 20:00:00,0.1833,0.1848,0.1764,0.1803,10149638.35,FETUSDT
2019-06-22 00:00:00,0.1807,0.1868,0.1783,0.1856,12013486.47,FETUSDT
2019-06-22 04:00:00,0.1856,0.1873,0.1819,0.1846,13138366.01,FETUSDT
2019-06-22 08:00:00,0.1848,0.185,0.18,0.1825,13366742.05,FETUSDT
2019-06-22 12:00:00,0.1825,0.1841,0.1734,0.1835,13324705.95,FETUSDT
2019-06-22 16:00:00,0.1835,0.1868,0.1821,0.1858,13400660.99,FETUSDT
2019-06-22 20:00:00,0.1861,0.1898,0.1835,0.1869,8301981.68,FETUSDT
2019-06-23 00:00:00,0.187,0.1907,0.1861,0.1875,7554998.43,FETUSDT
2019-06-23 04:00:00,0.1875,0.1914,0.1866,0.1888,8280069.67,FETUSDT
2019-06-23 08:00:00,0.1888,0.1921,0.1869,0.1905,8523290.77,FETUSDT
2019-06-23 12:00:00,0.1905,0.191,0.1851,0.1868,16809936.16,FETUSDT
2019-06-23 16:00:00,0.1869,0.1869,0.177,0.1809,10578153.14,FETUSDT
2019-06-23 20:00:00,0.1809,0.1827,0.1757,0.1766,16766347.71,FETUSDT
2019-06-24 00:00:00,0.1767,0.18,0.1737,0.18,9943207.01,FETUSDT
2019-06-24 04:00:00,0.1798,0.1823,0.1785,0.1808,8318252.64,FETUSDT
2019-06-24 08:00:00,0.1807,0.1809,0.175,0.1764,11758213.79,FETUSDT
2019-06-24 12:00:00,0.1765,0.1795,0.1756,0.1778,9969764.02,FETUSDT
2019-06-24 16:00:00,0.1783,0.1787,0.1662,0.1691,17357563.05,FETUSDT
2019-06-24 20:00:00,0.169,0.171,0.1676,0.169,5098524.32,FETUSDT
2019-06-25 00:00:00,0.1695,0.1696,0.1642,0.1645,11808943.2,FETUSDT
2019-06-25 04:00:00,0.1646,0.1663,0.1617,0.1655,7963706.46,FETUSDT
2019-06-25 08:00:00,0.1655,0.1666,0.162,0.1642,9898892.13,FETUSDT
2019-06-25 12:00:00,0.1643,0.1684,0.163,0.1664,9158799.26,FETUSDT
2019-06-25 16:00:00,0.1664,0.1676,0.1639,0.1655,9177567.28,FETUSDT
2019-06-25 20:00:00,0.1655,0.1664,0.1618,0.1625,10584033.79,FETUSDT
2019-06-26 00:00:00,0.1623,0.1644,0.1584,0.1584,11121962.02,FETUSDT
2019-06-26 04:00:00,0.1584,0.1588,0.1505,0.1556,11657372.83,FETUSDT
2019-06-26 08:00:00,0.1555,0.1622,0.1552,0.1594,9089620.31,FETUSDT
2019-06-26 12:00:00,0.1594,0.1606,0.1566,0.1587,12199695.73,FETUSDT
2019-06-26 16:00:00,0.1585,0.1588,0.1481,0.151,11160501.39,FETUSDT
2019-06-26 20:00:00,0.1513,0.154,0.1414,0.1504,8045908.29,FETUSDT
2019-06-27 00:00:00,0.1505,0.1541,0.1449,0.1511,5365989.51,FETUSDT
2019-06-27 04:00:00,0.1512,0.1667,0.1494,0.1633,17521209.81,FETUSDT
2019-06-27 08:00:00,0.1638,0.1665,0.1536,0.1547,7540689.69,FETUSDT
2019-06-27 12:00:00,0.1541,0.1648,0.1476,0.1605,6983211.67,FETUSDT
2019-06-27 16:00:00,0.1605,0.1625,0.1481,0.1513,4215415.75,FETUSDT
2019-06-27 20:00:00,0.1515,0.1531,0.1467,0.1506,1873435.17,FETUSDT
2019-06-28 00:00:00,0.1507,0.156,0.1481,0.153,3085503.78,FETUSDT
2019-06-28 04:00:00,0.153,0.1538,0.1484,0.1493,5819788.83,FETUSDT
2019-06-28 08:00:00,0.1492,0.1517,0.1475,0.1486,9967726.24,FETUSDT
2019-06-28 12:00:00,0.1486,0.1508,0.147,0.1493,6721376.0,FETUSDT
2019-06-28 16:00:00,0.1492,0.15,0.1452,0.1469,4382737.17,FETUSDT
2019-06-28 20:00:00,0.1471,0.1476,0.1426,0.1447,6895164.33,FETUSDT
2019-06-29 00:00:00,0.1452,0.1476,0.144,0.1453,6397823.77,FETUSDT
2019-06-29 04:00:00,0.145,0.1468,0.142,0.1462,4587006.35,FETUSDT
2019-06-29 08:00:00,0.1461,0.1557,0.1449,0.155,8924921.4,FETUSDT
2019-06-29 12:00:00,0.1545,0.17,0.1507,0.1663,15539929.05,FETUSDT
2019-06-29 16:00:00,0.1665,0.172,0.1587,0.1681,11119782.23,FETUSDT
2019-06-29 20:00:00,0.1683,0.1695,0.1611,0.1633,6295854.94,FETUSDT
2019-06-30 00:00:00,0.1632,0.1873,0.162,0.1746,20002616.74,FETUSDT
2019-06-30 04:00:00,0.1746,0.1766,0.1699,0.1728,9805660.17,FETUSDT
2019-06-30 08:00:00,0.1726,0.1814,0.1693,0.1714,10634328.24,FETUSDT
2019-06-30 12:00:00,0.1714,0.1816,0.1628,0.1631,15374114.11,FETUSDT
2019-06-30 16:00:00,0.1631,0.1738,0.161,0.1692,8923380.69,FETUSDT
2019-06-30 20:00:00,0.1696,0.1701,0.1519,0.1527,8286785.2,FETUSDT
2019-07-01 00:00:00,0.1526,0.1619,0.152,0.1594,8064585.67,FETUSDT
2019-07-01 04:00:00,0.1594,0.163,0.1579,0.1601,5497954.58,FETUSDT
2019-07-01 08:00:00,0.1601,0.1647,0.1595,0.1628,6104584.59,FETUSDT
2019-07-01 12:00:00,0.1628,0.1647,0.1464,0.1517,8456304.68,FETUSDT
2019-07-01 16:00:00,0.1511,0.1538,0.1491,0.1533,5834460.28,FETUSDT
2019-07-01 20:00:00,0.1536,0.1634,0.152,0.1629,6974347.3,FETUSDT
2019-07-02 00:00:00,0.1629,0.1651,0.154,0.1573,5888828.74,FETUSDT
2019-07-02 04:00:00,0.1573,0.1578,0.1477,0.1522,8566917.3,FETUSDT
2019-07-02 08:00:00,0.1522,0.1543,0.146,0.1472,6417304.22,FETUSDT
2019-07-02 12:00:00,0.1472,0.1507,0.1455,0.1481,6149342.37,FETUSDT
2019-07-02 16:00:00,0.1481,0.1512,0.148,0.1484,7576214.34,FETUSDT
2019-07-02 20:00:00,0.1483,0.1495,0.1463,0.1481,3130507.24,FETUSDT
2019-07-03 00:00:00,0.1482,0.1497,0.1432,0.1487,7015454.07,FETUSDT
2019-07-03 04:00:00,0.1487,0.1497,0.1465,0.1482,4041189.93,FETUSDT
2019-07-03 08:00:00,0.1481,0.1518,0.147,0.1489,4947374.54,FETUSDT
2019-07-03 12:00:00,0.1491,0.157,0.1486,0.1504,6640308.88,FETUSDT
2019-07-03 16:00:00,0.1504,0.1513,0.1482,0.1495,4392056.62,FETUSDT
2019-07-03 20:00:00,0.1495,0.152,0.146,0.1484,5869139.63,FETUSDT
2019-07-04 00:00:00,0.1485,0.1492,0.1445,0.1456,5382919.49,FETUSDT
2019-07-04 04:00:00,0.1457,0.1464,0.1342,0.1343,9229269.86,FETUSDT
2019-07-04 08:00:00,0.1342,0.1408,0.1329,0.1388,6316675.68,FETUSDT
2019-07-04 12:00:00,0.1389,0.1413,0.1367,0.1378,1632304.57,FETUSDT
2019-07-04 16:00:00,0.138,0.1394,0.1375,0.1387,1235097.3,FETUSDT
2019-07-04 20:00:00,0.1389,0.1413,0.135,0.1362,1891210.89,FETUSDT
2019-07-05 00:00:00,0.1358,0.1428,0.1354,0.1424,1606110.29,FETUSDT
2019-07-05 04:00:00,0.1422,0.1448,0.1387,0.1423,2845345.38,FETUSDT
2019-07-05 08:00:00,0.1425,0.1526,0.1403,0.1476,4992756.49,FETUSDT
2019-07-05 12:00:00,0.1473,0.1478,0.1424,0.1438,2900192.71,FETUSDT
2019-07-05 16:00:00,0.1438,0.1471,0.1425,0.1444,1254358.56,FETUSDT
2019-07-05 20:00:00,0.1446,0.1466,0.1414,0.1457,1578925.47,FETUSDT
2019-07-06 00:00:00,0.1462,0.1482,0.1443,0.1481,2362783.12,FETUSDT
2019-07-06 04:00:00,0.1483,0.149,0.1433,0.1468,2932407.97,FETUSDT
2019-07-06 08:00:00,0.1467,0.151,0.1456,0.148,1950640.97,FETUSDT
2019-07-06 12:00:00,0.1482,0.1486,0.1453,0.1469,1845006.67,FETUSDT
2019-07-06 16:00:00,0.1472,0.1479,0.1413,0.1426,2045487.33,FETUSDT
2019-07-06 20:00:00,0.1426,0.1436,0.1401,0.1418,1692955.6,FETUSDT
2019-07-07 00:00:00,0.1418,0.143,0.1393,0.1419,692927.67,FETUSDT
2019-07-07 04:00:00,0.1418,0.1427,0.1403,0.1424,1026125.58,FETUSDT
2019-07-07 08:00:00,0.1425,0.1479,0.1416,0.1471,1631833.27,FETUSDT
2019-07-07 12:00:00,0.147,0.1475,0.1449,0.1463,1539047.24,FETUSDT
2019-07-07 16:00:00,0.1463,0.1486,0.1436,0.1446,2052609.8,FETUSDT
2019-07-07 20:00:00,0.1448,0.1473,0.1432,0.1451,2277987.02,FETUSDT
2019-07-08 00:00:00,0.1451,0.1464,0.1431,0.1441,966758.83,FETUSDT
2019-07-08 04:00:00,0.144,0.1479,0.1431,0.1454,2124862.95,FETUSDT
2019-07-08 08:00:00,0.1456,0.1456,0.1381,0.1387,3031646.59,FETUSDT
2019-07-08 12:00:00,0.1386,0.1408,0.1371,0.1401,1608188.78,FETUSDT
2019-07-08 16:00:00,0.1401,0.1402,0.1356,0.1367,1749392.94,FETUSDT
2019-07-08 20:00:00,0.137,0.1381,0.1334,0.1358,1816003.46,FETUSDT
2019-07-09 00:00:00,0.1358,0.1363,0.1315,0.1348,1834039.91,FETUSDT
2019-07-09 04:00:00,0.1351,0.1364,0.1327,0.1338,1679270.85,FETUSDT
2019-07-09 08:00:00,0.1338,0.1357,0.1313,0.133,2585948.1,FETUSDT
2019-07-09 12:00:00,0.133,0.1343,0.1314,0.1323,1472039.42,FETUSDT
2019-07-09 16:00:00,0.1324,0.1337,0.1301,0.1314,2086597.23,FETUSDT
2019-07-09 20:00:00,0.1311,0.1331,0.1287,0.1291,2093301.38,FETUSDT
2019-07-10 00:00:00,0.1291,0.13,0.125,0.127,2560519.65,FETUSDT
2019-07-10 04:00:00,0.127,0.1281,0.124,0.127,1513214.15,FETUSDT
2019-07-10 08:00:00,0.1265,0.1285,0.122,0.123,1880927.5,FETUSDT
2019-07-10 12:00:00,0.123,0.1249,0.118,0.1211,2919390.15,FETUSDT
2019-07-10 16:00:00,0.1209,0.1296,0.1194,0.1251,4143576.01,FETUSDT
2019-07-10 20:00:00,0.1252,0.1271,0.1225,0.1259,2411532.44,FETUSDT
2019-07-11 00:00:00,0.1255,0.1272,0.1232,0.1245,2702065.1,FETUSDT
2019-07-11 04:00:00,0.1242,0.1262,0.1162,0.1205,3420859.89,FETUSDT
2019-07-11 08:00:00,0.1205,0.1209,0.1177,0.1196,1767451.72,FETUSDT
2019-07-11 12:00:00,0.1198,0.1203,0.111,0.1126,3320388.51,FETUSDT
2019-07-11 16:00:00,0.1126,0.116,0.1125,0.1136,1594963.4,FETUSDT
2019-07-11 20:00:00,0.1138,0.1151,0.1098,0.1113,1659673.26,FETUSDT
2019-07-12 00:00:00,0.1113,0.1117,0.1051,0.1057,3746288.14,FETUSDT
2019-07-12 04:00:00,0.1056,0.111,0.1044,0.1104,2291619.47,FETUSDT
2019-07-12 08:00:00,0.1105,0.1159,0.1095,0.1154,3809024.9,FETUSDT
2019-07-12 12:00:00,0.1154,0.1206,0.1144,0.1185,2956471.42,FETUSDT
2019-07-12 16:00:00,0.1186,0.122,0.1171,0.1187,3273114.22,FETUSDT
2019-07-12 20:00:00,0.1189,0.1217,0.115,0.1194,1880965.54,FETUSDT
2019-07-13 00:00:00,0.1194,0.1199,0.1139,0.1148,1360917.49,FETUSDT
2019-07-13 04:00:00,0.1148,0.1249,0.1141,0.1235,4462786.24,FETUSDT
2019-07-13 08:00:00,0.1235,0.1394,0.1229,0.127,13972595.26,FETUSDT
2019-07-13 12:00:00,0.127,0.1323,0.1255,0.1281,2111534.71,FETUSDT
2019-07-13 16:00:00,0.1281,0.1309,0.1227,0.1245,2524502.08,FETUSDT
2019-07-13 20:00:00,0.124,0.1245,0.1173,0.122,3466896.39,FETUSDT
2019-07-14 00:00:00,0.1222,0.1295,0.1206,0.1266,3393030.68,FETUSDT
2019-07-14 04:00:00,0.1266,0.1272,0.1231,0.1234,1974496.39,FETUSDT
2019-07-14 08:00:00,0.1232,0.1243,0.1102,0.1125,4307341.67,FETUSDT
2019-07-14 12:00:00,0.1125,0.116,0.1053,0.1077,3262567.45,FETUSDT
2019-07-14 16:00:00,0.1072,0.1109,0.105,0.1091,2812339.57,FETUSDT
2019-07-14 20:00:00,0.1088,0.1105,0.1045,0.1045,1484749.11,FETUSDT
2019-07-15 00:00:00,0.1045,0.1046,0.0964,0.1018,3838571.31,FETUSDT
2019-07-15 04:00:00,0.1016,0.1035,0.0994,0.1032,3653966.49,FETUSDT
2019-07-15 08:00:00,0.1032,0.1054,0.0977,0.1039,1761417.35,FETUSDT
2019-07-15 12:00:00,0.1041,0.112,0.1026,0.1086,2968299.29,FETUSDT
2019-07-15 16:00:00,0.1084,0.1096,0.1019,0.1034,3082492.19,FETUSDT
2019-07-15 20:00:00,0.1031,0.1057,0.1029,0.1035,1141021.13,FETUSDT
2019-07-16 00:00:00,0.1036,0.1058,0.1024,0.1036,1649370.33,FETUSDT
2019-07-16 04:00:00,0.1035,0.1063,0.1011,0.1033,1885290.19,FETUSDT
2019-07-16 08:00:00,0.1031,0.1043,0.1011,0.1026,1856362.75,FETUSDT
2019-07-16 12:00:00,0.1026,0.1032,0.0988,0.1001,2949858.46,FETUSDT
2019-07-16 16:00:00,0.1003,0.1014,0.09,0.0937,3733877.59,FETUSDT
2019-07-16 20:00:00,0.0936,0.0967,0.0912,0.0924,1498051.85,FETUSDT
2019-07-17 00:00:00,0.0926,0.0951,0.0906,0.0941,1772908.33,FETUSDT
2019-07-17 04:00:00,0.0943,0.0963,0.0933,0.095,1459915.38,FETUSDT
2019-07-17 08:00:00,0.0949,0.0954,0.09,0.0907,1779350.15,FETUSDT
2019-07-17 12:00:00,0.0908,0.0995,0.0903,0.0983,4217868.53,FETUSDT
2019-07-17 16:00:00,0.0982,0.1028,0.0972,0.098,3515129.87,FETUSDT
2019-07-17 20:00:00,0.0982,0.1008,0.0969,0.0977,1529918.89,FETUSDT
2019-07-18 00:00:00,0.0976,0.1005,0.0953,0.0993,2422583.43,FETUSDT
2019-07-18 04:00:00,0.0995,0.1022,0.0986,0.101,2076169.08,FETUSDT
2019-07-18 08:00:00,0.1011,0.102,0.0983,0.1013,1810423.59,FETUSDT
2019-07-18 12:00:00,0.1015,0.1052,0.0951,0.1009,7189340.32,FETUSDT
2019-07-18 16:00:00,0.1011,0.1035,0.0992,0.1012,2793859.16,FETUSDT
2019-07-18 20:00:00,0.1008,0.1029,0.0999,0.1019,1481809.76,FETUSDT
2019-07-19 00:00:00,0.1018,0.1021,0.1,0.1017,1608117.53,FETUSDT
2019-07-19 04:00:00,0.1015,0.1023,0.0997,0.1018,1163557.4,FETUSDT
2019-07-19 08:00:00,0.1023,0.1024,0.0992,0.0998,1573620.55,FETUSDT
2019-07-19 12:00:00,0.0998,0.1019,0.099,0.1015,1835702.02,FETUSDT
2019-07-19 16:00:00,0.1018,0.1032,0.1011,0.1023,1310982.73,FETUSDT
2019-07-19 20:00:00,0.1023,0.1032,0.1016,0.1025,974442.4,FETUSDT
2019-07-20 00:00:00,0.1024,0.1034,0.1005,0.103,1933928.24,FETUSDT
2019-07-20 04:00:00,0.103,0.1063,0.103,0.1047,2956510.55,FETUSDT
2019-07-20 08:00:00,0.1048,0.1057,0.1042,0.1045,1571074.33,FETUSDT
2019-07-20 12:00:00,0.1046,0.1053,0.1032,0.105,1391394.48,FETUSDT
2019-07-20 16:00:00,0.1049,0.1087,0.1049,0.108,2861885.49,FETUSDT
2019-07-20 20:00:00,0.1079,0.1084,0.1054,0.1059,1369773.94,FETUSDT
2019-07-21 00:00:00,0.1058,0.1071,0.104,0.1044,1277526.22,FETUSDT
2019-07-21 04:00:00,0.1041,0.1042,0.1012,0.1034,2271939.37,FETUSDT
2019-07-21 08:00:00,0.1034,0.1045,0.1026,0.1038,938750.33,FETUSDT
2019-07-21 12:00:00,0.1038,0.1041,0.1009,0.102,1503882.91,FETUSDT
2019-07-21 16:00:00,0.102,0.1022,0.1003,0.1007,1425479.33,FETUSDT
2019-07-21 20:00:00,0.1005,0.1036,0.1004,0.1028,964776.52,FETUSDT
2019-07-22 00:00:00,0.103,0.104,0.1028,0.1034,817898.99,FETUSDT
2019-07-22 04:00:00,0.1034,0.1042,0.1029,0.1038,938573.36,FETUSDT
2019-07-22 08:00:00,0.1038,0.1044,0.1012,0.1022,1528251.47,FETUSDT
2019-07-22 12:00:00,0.1023,0.1023,0.095,0.0975,3513227.23,FETUSDT
2019-07-22 16:00:00,0.0975,0.0986,0.0952,0.0955,2281564.79,FETUSDT
2019-07-22 20:00:00,0.0955,0.0991,0.0955,0.0983,845879.7,FETUSDT
2019-07-23 00:00:00,0.0984,0.0987,0.0974,0.0978,650775.45,FETUSDT
2019-07-23 04:00:00,0.0979,0.0979,0.0938,0.0941,1471521.75,FETUSDT
2019-07-23 08:00:00,0.094,0.0946,0.0909,0.0928,1839022.37,FETUSDT
2019-07-23 12:00:00,0.0928,0.0938,0.0903,0.0904,1898920.05,FETUSDT
2019-07-23 16:00:00,0.0903,0.0932,0.0883,0.0926,2786102.59,FETUSDT
2019-07-23 20:00:00,0.0929,0.0937,0.0885,0.0888,2548368.7,FETUSDT
2019-07-24 00:00:00,0.0888,0.0889,0.0846,0.0854,2681551.94,FETUSDT
2019-07-24 04:00:00,0.0854,0.0875,0.0845,0.0871,1484356.91,FETUSDT
2019-07-24 08:00:00,0.0872,0.089,0.0863,0.0877,1556840.78,FETUSDT
2019-07-24 12:00:00,0.0879,0.0916,0.0868,0.0915,3308064.62,FETUSDT
2019-07-24 16:00:00,0.0915,0.0917,0.0853,0.088,4841795.25,FETUSDT
2019-07-24 20:00:00,0.0882,0.0891,0.0868,0.0874,1377048.64,FETUSDT
2019-07-25 00:00:00,0.0874,0.0906,0.0873,0.089,3019611.77,FETUSDT
2019-07-25 04:00:00,0.089,0.0903,0.088,0.0895,1889090.31,FETUSDT
2019-07-25 08:00:00,0.0895,0.1144,0.0893,0.106,20991811.32,FETUSDT
2019-07-25 12:00:00,0.106,0.107,0.1014,0.1046,7526417.3,FETUSDT
2019-07-25 16:00:00,0.1046,0.112,0.1041,0.1093,6951651.3,FETUSDT
2019-07-25 20:00:00,0.1094,0.1108,0.1043,0.1053,5954051.15,FETUSDT
2019-07-26 00:00:00,0.1053,0.1091,0.1037,0.1065,4762123.12,FETUSDT
2019-07-26 04:00:00,0.1065,0.1076,0.1041,0.1075,3723129.49,FETUSDT
2019-07-26 08:00:00,0.1075,0.1123,0.1068,0.111,5194246.03,FETUSDT
2019-07-26 12:00:00,0.1111,0.1112,0.1069,0.1078,3792454.71,FETUSDT
2019-07-26 16:00:00,0.1078,0.1085,0.106,0.1074,2860985.73,FETUSDT
2019-07-26 20:00:00,0.1076,0.1076,0.102,0.1023,3728826.07,FETUSDT
2019-07-27 00:00:00,0.1023,0.105,0.1023,0.1041,2656391.48,FETUSDT
2019-07-27 04:00:00,0.1042,0.1046,0.1025,0.103,1959634.0,FETUSDT
2019-07-27 08:00:00,0.1032,0.1037,0.0944,0.0956,7289687.02,FETUSDT
2019-07-27 12:00:00,0.0957,0.0974,0.0918,0.0946,6248926.32,FETUSDT
2019-07-27 16:00:00,0.0946,0.095,0.092,0.0929,4008188.89,FETUSDT
2019-07-27 20:00:00,0.0931,0.0939,0.0915,0.0917,2626567.37,FETUSDT
2019-07-28 00:00:00,0.0921,0.0945,0.0913,0.0939,2445974.27,FETUSDT
2019-07-28 04:00:00,0.0939,0.0949,0.0935,0.0944,1362028.6,FETUSDT
2019-07-28 08:00:00,0.0944,0.0946,0.0921,0.0928,1657704.23,FETUSDT
2019-07-28 12:00:00,0.0929,0.0935,0.0902,0.0913,2606902.35,FETUSDT
2019-07-28 16:00:00,0.0914,0.0927,0.0906,0.0921,1665294.26,FETUSDT
2019-07-28 20:00:00,0.0921,0.0921,0.0862,0.0902,5303537.04,FETUSDT
2019-07-29 00:00:00,0.0902,0.0922,0.0893,0.0911,1780775.59,FETUSDT
2019-07-29 04:00:00,0.0911,0.0921,0.0901,0.091,1653948.64,FETUSDT
2019-07-29 08:00:00,0.0911,0.0912,0.0882,0.0896,1351393.56,FETUSDT
2019-07-29 12:00:00,0.0897,0.0945,0.0889,0.0924,4453882.16,FETUSDT
2019-07-29 16:00:00,0.0924,0.0947,0.0915,0.0943,2789049.59,FETUSDT
2019-07-29 20:00:00,0.0943,0.0947,0.0927,0.0932,2044909.05,FETUSDT
2019-07-30 00:00:00,0.0932,0.0946,0.0909,0.0921,3130779.55,FETUSDT
2019-07-30 04:00:00,0.092,0.0934,0.0909,0.0932,1602275.51,FETUSDT
2019-07-30 08:00:00,0.0932,0.0933,0.0902,0.0921,2749562.39,FETUSDT
2019-07-30 12:00:00,0.0922,0.0947,0.092,0.0942,4006075.46,FETUSDT
2019-07-30 16:00:00,0.0943,0.0943,0.0921,0.0933,2808381.47,FETUSDT
2019-07-30 20:00:00,0.0934,0.0935,0.0914,0.0916,3004574.09,FETUSDT
2019-07-31 00:00:00,0.0916,0.0924,0.0911,0.0916,2223746.73,FETUSDT
2019-07-31 04:00:00,0.0917,0.093,0.091,0.0916,2581597.61,FETUSDT
2019-07-31 08:00:00,0.0917,0.093,0.0914,0.0925,1997837.14,FETUSDT
2019-07-31 12:00:00,0.0925,0.0929,0.0892,0.0898,5664475.1,FETUSDT
2019-07-31 16:00:00,0.0899,0.0903,0.0885,0.0893,3177469.2,FETUSDT
2019-07-31 20:00:00,0.0893,0.0903,0.089,0.0901,1538048.47,FETUSDT
2019-08-01 00:00:00,0.0901,0.0906,0.0895,0.0902,1082152.89,FETUSDT
2019-08-01 04:00:00,0.0902,0.0911,0.0894,0.0899,1251076.28,FETUSDT
2019-08-01 08:00:00,0.0899,0.0907,0.0836,0.0855,5383221.06,FETUSDT
2019-08-01 12:00:00,0.0856,0.0866,0.084,0.0852,3732758.63,FETUSDT
2019-08-01 16:00:00,0.0853,0.0855,0.084,0.0843,2978643.99,FETUSDT
2019-08-01 20:00:00,0.0843,0.0853,0.0826,0.0838,3962959.31,FETUSDT
2019-08-02 00:00:00,0.0838,0.0865,0.0831,0.0858,2913496.1,FETUSDT
2019-08-02 04:00:00,0.0858,0.0865,0.0848,0.0854,1556764.44,FETUSDT
2019-08-02 08:00:00,0.0854,0.09,0.0849,0.0867,3679018.3,FETUSDT
2019-08-02 12:00:00,0.0867,0.088,0.0862,0.0865,2028838.43,FETUSDT
2019-08-02 16:00:00,0.0866,0.0867,0.0837,0.0851,3369535.79,FETUSDT
2019-08-02 20:00:00,0.0851,0.0862,0.084,0.085,2468447.46,FETUSDT
2019-08-03 00:00:00,0.0851,0.0864,0.0842,0.0844,2405578.82,FETUSDT
2019-08-03 04:00:00,0.0846,0.0852,0.0838,0.0851,1984652.56,FETUSDT
2019-08-03 08:00:00,0.0849,0.0853,0.0827,0.0837,1288606.99,FETUSDT
2019-08-03 12:00:00,0.0835,0.0848,0.0814,0.0823,2013760.09,FETUSDT
2019-08-03 16:00:00,0.0826,0.083,0.0815,0.082,1152147.56,FETUSDT
2019-08-03 20:00:00,0.0819,0.0827,0.0812,0.0824,936340.51,FETUSDT
2019-08-04 00:00:00,0.0823,0.0827,0.0811,0.0817,807654.39,FETUSDT
2019-08-04 04:00:00,0.0817,0.0817,0.079,0.0801,1815847.07,FETUSDT
2019-08-04 08:00:00,0.0801,0.081,0.08,0.0804,1578086.92,FETUSDT
2019-08-04 12:00:00,0.0806,0.0818,0.0796,0.0797,1783692.46,FETUSDT
2019-08-04 16:00:00,0.0796,0.0804,0.0787,0.0793,1256306.36,FETUSDT
2019-08-04 20:00:00,0.0794,0.0812,0.0775,0.078,1699411.26,FETUSDT
2019-08-05 00:00:00,0.078,0.0785,0.076,0.0779,3258170.16,FETUSDT
2019-08-05 04:00:00,0.0779,0.0779,0.0745,0.0753,2672970.42,FETUSDT
2019-08-05 08:00:00,0.0753,0.0767,0.0747,0.076,1544470.87,FETUSDT
2019-08-05 12:00:00,0.0764,0.0767,0.0741,0.0746,1786310.75,FETUSDT
2019-08-05 16:00:00,0.0745,0.0803,0.0734,0.0795,6711604.37,FETUSDT
2019-08-05 20:00:00,0.0795,0.0819,0.0771,0.0772,5115583.72,FETUSDT
2019-08-06 00:00:00,0.0771,0.08,0.077,0.0783,1577274.65,FETUSDT
2019-08-06 04:00:00,0.0787,0.0807,0.0773,0.0776,1940884.93,FETUSDT
2019-08-06 08:00:00,0.0774,0.0862,0.077,0.083,11907560.28,FETUSDT
2019-08-06 12:00:00,0.083,0.0899,0.0809,0.0869,11542143.69,FETUSDT
2019-08-06 16:00:00,0.0869,0.0888,0.0834,0.0848,4676837.2,FETUSDT
2019-08-06 20:00:00,0.085,0.0853,0.081,0.0813,3377457.93,FETUSDT
2019-08-07 00:00:00,0.0816,0.0858,0.0791,0.0853,7532809.35,FETUSDT
2019-08-07 04:00:00,0.0853,0.0906,0.0836,0.0902,10680389.07,FETUSDT
2019-08-07 08:00:00,0.0903,0.0904,0.0865,0.0893,5686401.66,FETUSDT
2019-08-07 12:00:00,0.0897,0.0897,0.0804,0.0819,7461285.43,FETUSDT
2019-08-07 16:00:00,0.0819,0.0829,0.0797,0.0811,3817100.82,FETUSDT
2019-08-07 20:00:00,0.0809,0.0818,0.0771,0.0794,5295956.06,FETUSDT
2019-08-08 00:00:00,0.0797,0.0829,0.079,0.0804,4926701.18,FETUSDT
2019-08-08 04:00:00,0.0802,0.0815,0.0783,0.0802,2686797.68,FETUSDT
2019-08-08 08:00:00,0.0802,0.0827,0.0779,0.0791,3842464.94,FETUSDT
2019-08-08 12:00:00,0.0792,0.081,0.0778,0.0801,2763866.92,FETUSDT
2019-08-08 16:00:00,0.0799,0.0822,0.0786,0.0818,3418172.6,FETUSDT
2019-08-08 20:00:00,0.0816,0.0831,0.0796,0.0796,2145319.04,FETUSDT
2019-08-09 00:00:00,0.0801,0.0803,0.0775,0.0788,2046339.68,FETUSDT
2019-08-09 04:00:00,0.0784,0.0795,0.0778,0.0783,1304674.38,FETUSDT
2019-08-09 08:00:00,0.078,0.0787,0.0733,0.0754,3897357.41,FETUSDT
2019-08-09 12:00:00,0.0754,0.0768,0.0747,0.0761,1556329.69,FETUSDT
2019-08-09 16:00:00,0.0759,0.0767,0.0725,0.0738,2261692.55,FETUSDT
2019-08-09 20:00:00,0.0741,0.0741,0.0726,0.0732,1444122.06,FETUSDT
2019-08-10 00:00:00,0.0733,0.0743,0.0729,0.0736,1510555.78,FETUSDT
2019-08-10 04:00:00,0.0736,0.0754,0.0735,0.074,1446182.12,FETUSDT
2019-08-10 08:00:00,0.074,0.0759,0.0734,0.0742,2138398.19,FETUSDT
2019-08-10 12:00:00,0.0741,0.0775,0.0732,0.0736,2422377.06,FETUSDT
2019-08-10 16:00:00,0.0735,0.0755,0.0734,0.0753,1719903.78,FETUSDT
2019-08-10 20:00:00,0.0752,0.0762,0.0746,0.0753,1213116.69,FETUSDT
2019-08-11 00:00:00,0.0753,0.0761,0.0747,0.0756,1323953.42,FETUSDT
2019-08-11 04:00:00,0.0754,0.077,0.0753,0.0763,1146083.03,FETUSDT
2019-08-11 08:00:00,0.0763,0.0795,0.0761,0.0785,2638064.64,FETUSDT
2019-08-11 12:00:00,0.0785,0.0803,0.0775,0.0789,3174719.95,FETUSDT
2019-08-11 16:00:00,0.0789,0.0792,0.0768,0.0775,1669081.28,FETUSDT
2019-08-11 20:00:00,0.0776,0.0781,0.0752,0.0758,1846803.92,FETUSDT
2019-08-12 00:00:00,0.0758,0.0776,0.0754,0.0772,1334807.8,FETUSDT
2019-08-12 04:00:00,0.0771,0.0778,0.0762,0.0774,1303267.76,FETUSDT
2019-08-12 08:00:00,0.077,0.0802,0.0766,0.078,2901728.21,FETUSDT
2019-08-12 12:00:00,0.0781,0.0791,0.0769,0.0779,1599176.4,FETUSDT
2019-08-12 16:00:00,0.0779,0.0781,0.0756,0.0769,1785120.86,FETUSDT
2019-08-12 20:00:00,0.0768,0.0782,0.0767,0.0779,618697.87,FETUSDT
2019-08-13 00:00:00,0.0776,0.078,0.0761,0.0764,940870.8,FETUSDT
2019-08-13 04:00:00,0.0762,0.0789,0.0757,0.0771,2008548.98,FETUSDT
2019-08-13 08:00:00,0.0771,0.0788,0.0771,0.0777,1556251.5,FETUSDT
2019-08-13 12:00:00,0.0777,0.078,0.0733,0.0742,2394195.77,FETUSDT
2019-08-13 16:00:00,0.0741,0.0787,0.0741,0.078,3126838.34,FETUSDT
2019-08-13 20:00:00,0.0779,0.0784,0.0764,0.0769,1185612.06,FETUSDT
2019-08-14 00:00:00,0.077,0.0777,0.0752,0.0769,1262471.88,FETUSDT
2019-08-14 04:00:00,0.0769,0.0778,0.0758,0.0764,2318138.62,FETUSDT
2019-08-14 08:00:00,0.0764,0.0765,0.0747,0.0754,1033793.94,FETUSDT
2019-08-14 12:00:00,0.0754,0.0775,0.0747,0.0754,1578348.61,FETUSDT
2019-08-14 16:00:00,0.0756,0.0756,0.0679,0.071,4015198.15,FETUSDT
2019-08-14 20:00:00,0.0706,0.0721,0.0683,0.0693,1142727.89,FETUSDT
2019-08-15 00:00:00,0.0694,0.0707,0.0689,0.07,499047.79,FETUSDT
2019-08-15 08:00:00,0.0705,0.0709,0.069,0.0706,782762.23,FETUSDT
2019-08-15 12:00:00,0.0706,0.0709,0.0685,0.0703,1447921.8,FETUSDT
2019-08-15 16:00:00,0.0702,0.0706,0.0695,0.0704,1179093.36,FETUSDT
2019-08-15 20:00:00,0.0706,0.0728,0.0703,0.0716,1974483.06,FETUSDT
2019-08-16 00:00:00,0.0716,0.0728,0.0711,0.0714,902128.69,FETUSDT
2019-08-16 04:00:00,0.0714,0.0715,0.0687,0.0691,1889365.35,FETUSDT
2019-08-16 08:00:00,0.069,0.0707,0.0684,0.0692,1770807.18,FETUSDT
2019-08-16 12:00:00,0.0691,0.07,0.0671,0.0677,1590696.19,FETUSDT
2019-08-16 16:00:00,0.0678,0.069,0.065,0.0666,4017642.35,FETUSDT
2019-08-16 20:00:00,0.0666,0.0685,0.0661,0.067,1091984.4,FETUSDT
2019-08-17 00:00:00,0.0671,0.0676,0.0666,0.0672,514766.95,FETUSDT
2019-08-17 04:00:00,0.0671,0.0675,0.0665,0.0672,411352.06,FETUSDT
2019-08-17 08:00:00,0.0672,0.0675,0.0665,0.0668,1464730.89,FETUSDT
2019-08-17 12:00:00,0.0669,0.0673,0.0661,0.0667,1196159.69,FETUSDT
2019-08-17 16:00:00,0.0667,0.0671,0.0651,0.0663,789142.76,FETUSDT
2019-08-17 20:00:00,0.0662,0.0671,0.0659,0.0665,742467.11,FETUSDT
2019-08-18 00:00:00,0.0665,0.0675,0.066,0.0669,898890.68,FETUSDT
2019-08-18 04:00:00,0.0668,0.0668,0.066,0.0665,465466.65,FETUSDT
2019-08-18 08:00:00,0.0665,0.0678,0.0663,0.0675,1337918.41,FETUSDT
2019-08-18 12:00:00,0.0673,0.0682,0.0671,0.0676,1343327.85,FETUSDT
2019-08-18 16:00:00,0.0675,0.0683,0.0668,0.0673,2967223.62,FETUSDT
2019-08-18 20:00:00,0.0672,0.0678,0.0668,0.067,1628797.55,FETUSDT
2019-08-19 00:00:00,0.0669,0.0694,0.0665,0.0692,2752865.83,FETUSDT
2019-08-19 04:00:00,0.0692,0.0698,0.0677,0.0684,2709413.08,FETUSDT
2019-08-19 08:00:00,0.0684,0.0705,0.0683,0.0697,2725952.46,FETUSDT
2019-08-19 12:00:00,0.0696,0.0709,0.0688,0.0706,2460777.98,FETUSDT
2019-08-19 16:00:00,0.0709,0.0723,0.0689,0.0697,5076661.59,FETUSDT
2019-08-19 20:00:00,0.0696,0.0701,0.069,0.0692,1225047.11,FETUSDT
2019-08-20 00:00:00,0.0692,0.0701,0.0689,0.0698,1549479.31,FETUSDT
2019-08-20 04:00:00,0.0697,0.0707,0.0691,0.0693,1623011.54,FETUSDT
2019-08-20 08:00:00,0.0692,0.0692,0.0666,0.0678,2452639.12,FETUSDT
2019-08-20 12:00:00,0.0679,0.0689,0.0662,0.0674,4970390.64,FETUSDT
2019-08-20 16:00:00,0.0673,0.0681,0.067,0.0675,1256634.59,FETUSDT
2019-08-20 20:00:00,0.0675,0.0678,0.0669,0.0676,1129364.04,FETUSDT
2019-08-21 00:00:00,0.0677,0.0685,0.065,0.0655,4209588.58,FETUSDT
2019-08-21 04:00:00,0.0654,0.0656,0.0634,0.0646,3745888.03,FETUSDT
2019-08-21 08:00:00,0.0648,0.0662,0.0635,0.0646,1937826.08,FETUSDT
2019-08-21 12:00:00,0.0644,0.0647,0.0616,0.0619,3523885.52,FETUSDT
2019-08-21 16:00:00,0.0618,0.0646,0.0615,0.0641,2364191.86,FETUSDT
2019-08-21 20:00:00,0.0643,0.065,0.063,0.0636,1207109.81,FETUSDT
2019-08-22 00:00:00,0.0637,0.0639,0.0609,0.0618,2423330.17,FETUSDT
2019-08-22 04:00:00,0.0619,0.0634,0.0617,0.0629,1408465.8,FETUSDT
2019-08-22 08:00:00,0.0631,0.0653,0.0625,0.0639,2452587.4,FETUSDT
2019-08-22 12:00:00,0.0641,0.066,0.0637,0.0655,2410822.12,FETUSDT
2019-08-22 16:00:00,0.0656,0.0665,0.0653,0.066,2609829.51,FETUSDT
2019-08-22 20:00:00,0.0659,0.0666,0.0647,0.0653,4193009.73,FETUSDT
2019-08-23 00:00:00,0.0651,0.0659,0.0645,0.0658,2017662.41,FETUSDT
2019-08-23 04:00:00,0.0658,0.0667,0.0655,0.0663,2173976.6,FETUSDT
2019-08-23 08:00:00,0.0663,0.0666,0.0648,0.0655,2507756.87,FETUSDT
2019-08-23 12:00:00,0.0653,0.066,0.0639,0.0651,3037322.44,FETUSDT
2019-08-23 16:00:00,0.0652,0.0658,0.0641,0.0657,2439435.4,FETUSDT
2019-08-23 20:00:00,0.0658,0.066,0.0647,0.0656,2248911.43,FETUSDT
2019-08-24 00:00:00,0.0656,0.0665,0.065,0.0655,2695665.36,FETUSDT
2019-08-24 04:00:00,0.0656,0.0657,0.0647,0.0648,3817367.69,FETUSDT
2019-08-24 08:00:00,0.0649,0.0651,0.0623,0.0641,4205138.55,FETUSDT
2019-08-24 12:00:00,0.0641,0.0642,0.0631,0.0636,2700263.67,FETUSDT
2019-08-24 16:00:00,0.0636,0.0675,0.0632,0.0665,4151092.07,FETUSDT
2019-08-24 20:00:00,0.0665,0.0682,0.0662,0.0673,2316857.44,FETUSDT
2019-08-25 00:00:00,0.0672,0.0682,0.067,0.0673,2909854.93,FETUSDT
2019-08-25 04:00:00,0.0673,0.0674,0.066,0.0663,3163854.57,FETUSDT
2019-08-25 08:00:00,0.0663,0.0701,0.0662,0.0693,5448298.16,FETUSDT
2019-08-25 12:00:00,0.0694,0.0697,0.0636,0.0649,8420035.21,FETUSDT
2019-08-25 16:00:00,0.0649,0.0654,0.0626,0.0634,4385623.17,FETUSDT
2019-08-25 20:00:00,0.0634,0.0637,0.0618,0.0626,3848143.79,FETUSDT
2019-08-26 00:00:00,0.0628,0.063,0.0601,0.0626,5122988.45,FETUSDT
2019-08-26 04:00:00,0.0626,0.0633,0.0626,0.063,2768723.35,FETUSDT
2019-08-26 08:00:00,0.063,0.0634,0.0622,0.0626,3241896.69,FETUSDT
2019-08-26 12:00:00,0.0627,0.0628,0.0619,0.0627,2083784.6,FETUSDT
2019-08-26 16:00:00,0.0626,0.0627,0.06,0.0612,5974384.49,FETUSDT
2019-08-26 20:00:00,0.0612,0.0613,0.0594,0.0607,3626424.16,FETUSDT
2019-08-27 00:00:00,0.0608,0.0614,0.0588,0.0596,4332025.22,FETUSDT
2019-08-27 04:00:00,0.0596,0.0601,0.059,0.0596,3213205.17,FETUSDT
2019-08-27 08:00:00,0.0596,0.0601,0.0593,0.06,3067209.73,FETUSDT
2019-08-27 12:00:00,0.06,0.0623,0.0596,0.0611,4955656.26,FETUSDT
2019-08-27 16:00:00,0.0611,0.0619,0.0608,0.0613,2908482.12,FETUSDT
2019-08-27 20:00:00,0.0612,0.0613,0.0604,0.0606,2432728.69,FETUSDT
2019-08-28 00:00:00,0.0606,0.0607,0.0599,0.0602,1953360.18,FETUSDT
2019-08-28 04:00:00,0.0602,0.0604,0.0596,0.06,1919605.94,FETUSDT
2019-08-28 08:00:00,0.06,0.0606,0.0598,0.0602,3028637.6,FETUSDT
2019-08-28 12:00:00,0.0603,0.0606,0.0594,0.0601,2472545.96,FETUSDT
2019-08-28 16:00:00,0.0602,0.0602,0.0522,0.0531,8271048.49,FETUSDT
2019-08-28 20:00:00,0.0532,0.0536,0.0514,0.052,4945537.13,FETUSDT
2019-08-29 00:00:00,0.0521,0.0521,0.0505,0.0506,4288484.82,FETUSDT
2019-08-29 04:00:00,0.0506,0.0528,0.0494,0.0498,4363326.53,FETUSDT
2019-08-29 08:00:00,0.05,0.051,0.05,0.0506,3259076.91,FETUSDT
2019-08-29 12:00:00,0.0506,0.0508,0.0494,0.0502,5042832.66,FETUSDT
2019-08-29 16:00:00,0.0502,0.0508,0.0496,0.0506,3017937.53,FETUSDT
2019-08-29 20:00:00,0.0506,0.051,0.05,0.0502,2255844.37,FETUSDT
2019-08-30 00:00:00,0.0502,0.0504,0.049,0.05,2126726.82,FETUSDT
2019-08-30 04:00:00,0.05,0.0508,0.0494,0.0503,2454512.51,FETUSDT
2019-08-30 08:00:00,0.0503,0.051,0.0503,0.0508,3160928.87,FETUSDT
2019-08-30 12:00:00,0.0508,0.0523,0.0505,0.0514,3738089.45,FETUSDT
2019-08-30 16:00:00,0.0515,0.0523,0.0507,0.0514,2315455.48,FETUSDT
2019-08-30 20:00:00,0.0515,0.0522,0.0512,0.0516,3111637.75,FETUSDT
2019-08-31 00:00:00,0.0516,0.0538,0.0511,0.0523,5685483.67,FETUSDT
2019-08-31 04:00:00,0.0525,0.0527,0.0516,0.0517,3307883.32,FETUSDT
2019-08-31 08:00:00,0.0517,0.0519,0.0507,0.0511,2513840.5,FETUSDT
2019-08-31 12:00:00,0.0514,0.0515,0.0505,0.0508,1540347.96,FETUSDT
2019-08-31 16:00:00,0.0508,0.0512,0.0501,0.0504,2206041.16,FETUSDT
2019-08-31 20:00:00,0.0504,0.0509,0.0495,0.0505,1602984.34,FETUSDT
2019-09-01 00:00:00,0.0504,0.0511,0.0503,0.051,1645379.61,FETUSDT
2019-09-01 04:00:00,0.051,0.0512,0.0503,0.0504,2894761.3,FETUSDT
2019-09-01 08:00:00,0.0504,0.0506,0.0492,0.05,1984666.52,FETUSDT
2019-09-01 12:00:00,0.05,0.0501,0.0481,0.0487,2194155.05,FETUSDT
2019-09-01 16:00:00,0.0488,0.0493,0.0477,0.0489,2419589.86,FETUSDT
2019-09-01 20:00:00,0.0488,0.0493,0.0485,0.0488,2332220.55,FETUSDT
2019-09-02 00:00:00,0.0488,0.0503,0.0485,0.05,2614185.5,FETUSDT
2019-09-02 04:00:00,0.05,0.051,0.05,0.0508,2727765.8,FETUSDT
2019-09-02 08:00:00,0.0507,0.0511,0.0487,0.0498,2991366.2,FETUSDT
2019-09-02 12:00:00,0.0498,0.0501,0.0481,0.0491,3972928.24,FETUSDT
2019-09-02 16:00:00,0.049,0.0501,0.0489,0.0494,3239148.39,FETUSDT
2019-09-02 20:00:00,0.0494,0.0496,0.0489,0.0494,2402232.23,FETUSDT
2019-09-03 00:00:00,0.0494,0.0498,0.049,0.0494,1903958.52,FETUSDT
2019-09-03 04:00:00,0.0492,0.0497,0.0492,0.0494,3258815.74,FETUSDT
2019-09-03 08:00:00,0.0494,0.0507,0.0493,0.0493,4146008.05,FETUSDT
2019-09-03 12:00:00,0.0493,0.0496,0.0488,0.0493,4013824.64,FETUSDT
2019-09-03 16:00:00,0.0493,0.0502,0.0491,0.0496,2342754.97,FETUSDT
2019-09-03 20:00:00,0.0495,0.051,0.0491,0.0496,5781485.01,FETUSDT
2019-09-04 00:00:00,0.0496,0.0509,0.0494,0.0508,5813953.65,FETUSDT
2019-09-04 04:00:00,0.0507,0.0527,0.0503,0.0519,7892271.75,FETUSDT
2019-09-04 08:00:00,0.0519,0.0529,0.0515,0.0519,5307766.49,FETUSDT
2019-09-04 12:00:00,0.0519,0.0525,0.0502,0.0509,5967893.25,FETUSDT
2019-09-04 16:00:00,0.0509,0.0515,0.049,0.0497,6115979.16,FETUSDT
2019-09-04 20:00:00,0.0497,0.0499,0.049,0.0492,4156971.24,FETUSDT
2019-09-05 00:00:00,0.0492,0.0495,0.0487,0.0493,4819182.82,FETUSDT
2019-09-05 04:00:00,0.0492,0.0576,0.0492,0.0535,17918775.55,FETUSDT
2019-09-05 08:00:00,0.0535,0.0543,0.0527,0.0534,4794918.78,FETUSDT
2019-09-05 12:00:00,0.0533,0.0555,0.0526,0.054,5182709.12,FETUSDT
2019-09-05 16:00:00,0.0539,0.0539,0.0515,0.0539,6053688.24,FETUSDT
2019-09-05 20:00:00,0.054,0.0547,0.0515,0.0524,4353368.74,FETUSDT
2019-09-06 00:00:00,0.0524,0.0551,0.0524,0.0535,6407932.8,FETUSDT
2019-09-06 04:00:00,0.0538,0.0538,0.0512,0.0515,5430455.67,FETUSDT
2019-09-06 08:00:00,0.0514,0.0517,0.0504,0.0513,7823746.04,FETUSDT
2019-09-06 12:00:00,0.0513,0.0518,0.0501,0.0513,7945186.68,FETUSDT
2019-09-06 16:00:00,0.0512,0.0513,0.05,0.0503,7358798.33,FETUSDT
2019-09-06 20:00:00,0.0504,0.0505,0.0492,0.0497,6587057.46,FETUSDT
2019-09-07 00:00:00,0.0495,0.0499,0.0493,0.0495,3647744.42,FETUSDT
2019-09-07 04:00:00,0.0495,0.0503,0.0493,0.0501,7481644.78,FETUSDT
2019-09-07 08:00:00,0.0501,0.0508,0.05,0.0503,5392540.49,FETUSDT
2019-09-07 12:00:00,0.0503,0.0512,0.0499,0.0505,2911963.82,FETUSDT
2019-09-07 16:00:00,0.0506,0.0512,0.0502,0.0509,3641488.04,FETUSDT
2019-09-07 20:00:00,0.051,0.0524,0.0508,0.0514,4565832.49,FETUSDT
2019-09-08 00:00:00,0.0514,0.0519,0.051,0.0515,3621065.98,FETUSDT
2019-09-08 04:00:00,0.0515,0.052,0.0511,0.0517,2070479.2,FETUSDT
2019-09-08 08:00:00,0.0516,0.0519,0.0508,0.0512,2727549.06,FETUSDT
2019-09-08 12:00:00,0.0512,0.0538,0.0511,0.0528,7465399.07,FETUSDT
2019-09-08 16:00:00,0.0528,0.0543,0.0527,0.0528,4641795.42,FETUSDT
2019-09-08 20:00:00,0.0528,0.0538,0.0527,0.0536,4810942.06,FETUSDT
2019-09-09 00:00:00,0.0535,0.0551,0.0529,0.0532,4890769.35,FETUSDT
2019-09-09 04:00:00,0.0533,0.0533,0.0507,0.0509,7838434.87,FETUSDT
2019-09-09 08:00:00,0.051,0.0529,0.0508,0.0518,8060361.48,FETUSDT
2019-09-09 12:00:00,0.0517,0.0528,0.0513,0.0517,8813806.49,FETUSDT
2019-09-09 16:00:00,0.0518,0.0527,0.0509,0.0514,7020019.24,FETUSDT
2019-09-09 20:00:00,0.0516,0.0531,0.0515,0.0523,4725296.62,FETUSDT
2019-09-10 00:00:00,0.0523,0.0525,0.0519,0.0523,4445940.14,FETUSDT
2019-09-10 04:00:00,0.0523,0.0525,0.0518,0.0522,3408925.11,FETUSDT
2019-09-10 08:00:00,0.0522,0.054,0.0518,0.0532,7119508.42,FETUSDT
2019-09-10 12:00:00,0.0531,0.0535,0.0523,0.0526,3797058.14,FETUSDT
2019-09-10 16:00:00,0.0526,0.0529,0.0515,0.0521,5058398.09,FETUSDT
2019-09-10 20:00:00,0.0521,0.0524,0.0518,0.0523,7761268.15,FETUSDT
2019-09-11 00:00:00,0.0522,0.0531,0.0518,0.0521,6387733.86,FETUSDT
2019-09-11 04:00:00,0.0521,0.055,0.051,0.0546,7799337.42,FETUSDT
2019-09-11 08:00:00,0.0544,0.0555,0.053,0.0546,9376807.76,FETUSDT
2019-09-11 12:00:00,0.0546,0.057,0.0541,0.0553,7829904.4,FETUSDT
2019-09-11 16:00:00,0.0554,0.0578,0.0544,0.0564,7659498.34,FETUSDT
2019-09-11 20:00:00,0.0565,0.0572,0.0546,0.0572,6288353.97,FETUSDT
2019-09-12 00:00:00,0.0571,0.0572,0.0536,0.0541,7077018.84,FETUSDT
2019-09-12 04:00:00,0.0541,0.0556,0.0536,0.0553,7862702.98,FETUSDT
2019-09-12 08:00:00,0.0553,0.0559,0.0544,0.0547,4005932.91,FETUSDT
2019-09-12 12:00:00,0.0548,0.0556,0.0536,0.0547,5331312.15,FETUSDT
2019-09-12 16:00:00,0.0547,0.0551,0.054,0.0548,2946405.88,FETUSDT
2019-09-12 20:00:00,0.0548,0.0549,0.0526,0.0532,7225237.68,FETUSDT
2019-09-13 00:00:00,0.0533,0.0535,0.0523,0.053,4930604.58,FETUSDT
2019-09-13 04:00:00,0.0531,0.0533,0.0526,0.053,2833088.83,FETUSDT
2019-09-13 08:00:00,0.053,0.0537,0.053,0.0536,3914018.27,FETUSDT
2019-09-13 12:00:00,0.0536,0.0553,0.0532,0.0546,4147375.12,FETUSDT
2019-09-13 16:00:00,0.0547,0.0553,0.0539,0.054,4784007.6,FETUSDT
2019-09-13 20:00:00,0.054,0.0567,0.0538,0.0565,7120592.56,FETUSDT
2019-09-14 00:00:00,0.0565,0.0567,0.0556,0.0561,1881379.81,FETUSDT
2019-09-14 04:00:00,0.056,0.0561,0.0549,0.0556,5030705.68,FETUSDT
2019-09-14 08:00:00,0.0556,0.0558,0.0547,0.0552,3493995.1,FETUSDT
2019-09-14 12:00:00,0.0552,0.0552,0.0543,0.0549,3839069.28,FETUSDT
2019-09-14 16:00:00,0.0549,0.0558,0.0544,0.0556,3455322.3,FETUSDT
2019-09-14 20:00:00,0.0556,0.0561,0.0552,0.0554,2958490.68,FETUSDT
2019-09-15 00:00:00,0.0554,0.056,0.0552,0.0559,2911099.65,FETUSDT
2019-09-15 04:00:00,0.056,0.057,0.0555,0.0569,4033259.46,FETUSDT
2019-09-15 08:00:00,0.0569,0.0587,0.0561,0.0582,7731136.42,FETUSDT
2019-09-15 12:00:00,0.0584,0.0593,0.0576,0.0588,5809920.95,FETUSDT
2019-09-15 16:00:00,0.0588,0.0588,0.0575,0.058,3741046.09,FETUSDT
2019-09-15 20:00:00,0.058,0.0603,0.0578,0.0599,7508579.2,FETUSDT
2019-09-16 00:00:00,0.0598,0.0599,0.0583,0.0593,7677501.28,FETUSDT
2019-09-16 04:00:00,0.0594,0.0594,0.0581,0.0591,4481263.8,FETUSDT
2019-09-16 08:00:00,0.0587,0.0598,0.0579,0.0582,5867906.65,FETUSDT
2019-09-16 12:00:00,0.0582,0.0582,0.0563,0.0568,6246228.89,FETUSDT
2019-09-16 16:00:00,0.0568,0.058,0.0565,0.0575,4011182.96,FETUSDT
2019-09-16 20:00:00,0.0574,0.0589,0.0572,0.0582,4108417.57,FETUSDT
2019-09-17 00:00:00,0.0582,0.059,0.0577,0.0582,4409687.91,FETUSDT
2019-09-17 04:00:00,0.0582,0.0583,0.0572,0.0581,3282760.73,FETUSDT
2019-09-17 08:00:00,0.0581,0.0583,0.0566,0.0578,3492001.09,FETUSDT
2019-09-17 12:00:00,0.0578,0.0586,0.0573,0.0586,3080801.61,FETUSDT
2019-09-17 16:00:00,0.0585,0.06,0.0574,0.0589,6401427.02,FETUSDT
2019-09-17 20:00:00,0.059,0.0599,0.0588,0.0598,2421768.01,FETUSDT
2019-09-18 00:00:00,0.0597,0.0618,0.0591,0.0612,4752745.45,FETUSDT
2019-09-18 04:00:00,0.0613,0.0613,0.0598,0.0602,5155091.78,FETUSDT
2019-09-18 08:00:00,0.0602,0.0607,0.0591,0.0593,3527322.19,FETUSDT
2019-09-18 12:00:00,0.0593,0.061,0.0583,0.0604,8675808.15,FETUSDT
2019-09-18 16:00:00,0.0604,0.062,0.0602,0.0617,4577567.58,FETUSDT
2019-09-18 20:00:00,0.0617,0.063,0.0608,0.0621,5879540.06,FETUSDT
2019-09-19 00:00:00,0.062,0.0622,0.0563,0.0574,5805075.8,FETUSDT
2019-09-19 04:00:00,0.0574,0.0582,0.0569,0.0576,5808084.58,FETUSDT
2019-09-19 08:00:00,0.0576,0.0579,0.0566,0.057,5146458.58,FETUSDT
2019-09-19 12:00:00,0.057,0.0585,0.0565,0.0571,5061424.71,FETUSDT
2019-09-19 16:00:00,0.0573,0.0585,0.057,0.0584,6182259.32,FETUSDT
2019-09-19 20:00:00,0.0584,0.0588,0.0569,0.0585,3218161.71,FETUSDT
2019-09-20 00:00:00,0.0585,0.0586,0.0569,0.0573,3200053.55,FETUSDT
2019-09-20 04:00:00,0.0572,0.0575,0.0556,0.0562,7077816.35,FETUSDT
2019-09-20 08:00:00,0.0563,0.057,0.056,0.0565,4418980.95,FETUSDT
2019-09-20 12:00:00,0.0564,0.0581,0.0556,0.0571,8086210.08,FETUSDT
2019-09-20 16:00:00,0.0574,0.0577,0.0562,0.0571,5386234.09,FETUSDT
2019-09-20 20:00:00,0.0573,0.0577,0.0564,0.057,5311365.43,FETUSDT
2019-09-21 00:00:00,0.057,0.0571,0.0568,0.0569,4706483.55,FETUSDT
2019-09-21 04:00:00,0.0569,0.0595,0.0566,0.0585,6400534.4,FETUSDT
2019-09-21 08:00:00,0.0584,0.0585,0.0575,0.0576,1653673.39,FETUSDT
2019-09-21 12:00:00,0.0576,0.0578,0.0565,0.0571,4096309.59,FETUSDT
2019-09-21 16:00:00,0.0571,0.0573,0.0566,0.057,4240666.68,FETUSDT
2019-09-21 20:00:00,0.057,0.0575,0.0569,0.0574,3639241.55,FETUSDT
2019-09-22 00:00:00,0.0573,0.0574,0.0543,0.0548,5287155.54,FETUSDT
2019-09-22 04:00:00,0.0548,0.0551,0.0537,0.0549,6699657.67,FETUSDT
2019-09-22 08:00:00,0.0551,0.0555,0.0539,0.0542,4370560.49,FETUSDT
2019-09-22 12:00:00,0.0544,0.0551,0.0538,0.0542,3573071.56,FETUSDT
2019-09-22 16:00:00,0.0542,0.0542,0.0529,0.053,2657879.99,FETUSDT
2019-09-22 20:00:00,0.053,0.0534,0.0518,0.0532,6017765.96,FETUSDT
2019-09-23 00:00:00,0.0532,0.0532,0.0515,0.0518,4605044.97,FETUSDT
2019-09-23 04:00:00,0.0518,0.0525,0.0515,0.0523,4640193.91,FETUSDT
2019-09-23 08:00:00,0.0523,0.0529,0.052,0.0525,4800641.05,FETUSDT
2019-09-23 12:00:00,0.0524,0.0525,0.051,0.0516,4990155.14,FETUSDT
2019-09-23 16:00:00,0.0517,0.0518,0.0501,0.0509,4887711.7,FETUSDT
2019-09-23 20:00:00,0.0508,0.0512,0.0482,0.0493,4200697.63,FETUSDT
2019-09-24 00:00:00,0.0493,0.0505,0.049,0.0498,5806036.16,FETUSDT
2019-09-24 04:00:00,0.0498,0.0515,0.0493,0.0513,3596714.45,FETUSDT
2019-09-24 08:00:00,0.0513,0.0517,0.0506,0.0513,3595290.23,FETUSDT
2019-09-24 12:00:00,0.0513,0.0514,0.0453,0.0471,8606880.71,FETUSDT
2019-09-24 16:00:00,0.047,0.048,0.0345,0.0393,15807752.08,FETUSDT
2019-09-24 20:00:00,0.0391,0.0403,0.0368,0.0374,6644892.59,FETUSDT
2019-09-25 00:00:00,0.0375,0.04,0.037,0.0386,6288291.48,FETUSDT
2019-09-25 04:00:00,0.0388,0.0392,0.0369,0.0369,5833450.6,FETUSDT
2019-09-25 08:00:00,0.0369,0.0371,0.0358,0.0362,6783381.4,FETUSDT
2019-09-25 12:00:00,0.0362,0.0372,0.0347,0.0368,5776248.25,FETUSDT
2019-09-25 16:00:00,0.0367,0.0382,0.0363,0.0375,7011419.46,FETUSDT
2019-09-25 20:00:00,0.0376,0.0394,0.0374,0.038,9879842.89,FETUSDT
2019-09-26 00:00:00,0.038,0.0381,0.0366,0.0379,8401907.77,FETUSDT
2019-09-26 04:00:00,0.0378,0.0388,0.0376,0.0379,4794489.29,FETUSDT
2019-09-26 08:00:00,0.0379,0.039,0.0377,0.0386,4217600.02,FETUSDT
2019-09-26 12:00:00,0.0386,0.0394,0.0339,0.0339,8760622.39,FETUSDT
2019-09-26 16:00:00,0.034,0.0345,0.0314,0.034,24548465.3,FETUSDT
2019-09-26 20:00:00,0.034,0.0342,0.0328,0.0336,7646257.75,FETUSDT
2019-09-27 00:00:00,0.0336,0.0345,0.033,0.0344,3723214.11,FETUSDT
2019-09-27 04:00:00,0.0344,0.0346,0.0338,0.0344,3715445.38,FETUSDT
2019-09-27 08:00:00,0.0345,0.0347,0.0333,0.0336,5926781.2,FETUSDT
2019-09-27 12:00:00,0.0338,0.0345,0.0321,0.0333,4396301.6,FETUSDT
2019-09-27 16:00:00,0.0333,0.0344,0.0333,0.034,4107834.42,FETUSDT
2019-09-27 20:00:00,0.0339,0.0349,0.0337,0.0345,3644070.79,FETUSDT
2019-09-28 00:00:00,0.0345,0.0347,0.0337,0.0342,4376534.0,FETUSDT
2019-09-28 04:00:00,0.0343,0.0347,0.034,0.0346,3443624.76,FETUSDT
2019-09-28 08:00:00,0.0348,0.0351,0.0327,0.0339,5460399.83,FETUSDT
2019-09-28 12:00:00,0.0337,0.0343,0.0334,0.0338,4429988.36,FETUSDT
2019-09-28 16:00:00,0.0339,0.0348,0.0338,0.0347,3181709.72,FETUSDT
2019-09-28 20:00:00,0.0347,0.0351,0.034,0.0345,3990060.47,FETUSDT
2019-09-29 00:00:00,0.0345,0.0349,0.0344,0.0345,3971467.41,FETUSDT
2019-09-29 04:00:00,0.0346,0.0346,0.0341,0.0343,1717379.8,FETUSDT
2019-09-29 08:00:00,0.0342,0.036,0.0341,0.0353,7271070.57,FETUSDT
2019-09-29 12:00:00,0.0353,0.0361,0.0335,0.034,8946756.17,FETUSDT
2019-09-29 16:00:00,0.0341,0.0353,0.0341,0.0344,3798811.72,FETUSDT
2019-09-29 20:00:00,0.0343,0.0357,0.0343,0.0351,2617195.5,FETUSDT
2019-09-30 00:00:00,0.0351,0.0352,0.0345,0.0347,2717805.46,FETUSDT
2019-09-30 04:00:00,0.0347,0.0348,0.0322,0.0327,6965631.08,FETUSDT
2019-09-30 08:00:00,0.0326,0.0342,0.0326,0.034,5345893.1,FETUSDT
2019-09-30 12:00:00,0.034,0.0351,0.0337,0.0345,4306636.55,FETUSDT
2019-09-30 16:00:00,0.0347,0.0349,0.033,0.0343,6571777.54,FETUSDT
2019-09-30 20:00:00,0.0343,0.0344,0.033,0.0342,3500592.95,FETUSDT
2019-10-01 00:00:00,0.0342,0.0353,0.0338,0.0349,3341605.59,FETUSDT
2019-10-01 04:00:00,0.0348,0.0353,0.0345,0.0352,2742349.09,FETUSDT
2019-10-01 08:00:00,0.0353,0.0353,0.0344,0.0349,2836323.17,FETUSDT
2019-10-01 12:00:00,0.0349,0.036,0.0342,0.0346,3310043.07,FETUSDT
2019-10-01 16:00:00,0.0346,0.0351,0.0332,0.0339,3313200.78,FETUSDT
2019-10-01 20:00:00,0.0339,0.0346,0.0338,0.0343,2487252.87,FETUSDT
2019-10-02 00:00:00,0.0343,0.0346,0.0339,0.0344,4043821.61,FETUSDT
2019-10-02 04:00:00,0.0341,0.035,0.0337,0.0342,4361837.33,FETUSDT
2019-10-02 08:00:00,0.0343,0.0352,0.0342,0.0352,3026586.0,FETUSDT
2019-10-02 12:00:00,0.0351,0.0352,0.0343,0.0347,4278209.06,FETUSDT
2019-10-02 16:00:00,0.0347,0.0349,0.0343,0.0345,3092605.48,FETUSDT
2019-10-02 20:00:00,0.0345,0.0348,0.0342,0.0347,4027487.45,FETUSDT
2019-10-03 00:00:00,0.0348,0.0354,0.0346,0.0353,4573569.98,FETUSDT
2019-10-03 04:00:00,0.0353,0.0358,0.0348,0.0349,6446766.86,FETUSDT
2019-10-03 08:00:00,0.0349,0.0352,0.0344,0.0347,2915390.82,FETUSDT
2019-10-03 12:00:00,0.0347,0.0349,0.0335,0.0339,4167871.72,FETUSDT
2019-10-03 16:00:00,0.0339,0.0345,0.0339,0.034,4583834.66,FETUSDT
2019-10-03 20:00:00,0.034,0.0349,0.0339,0.0347,6861874.25,FETUSDT
2019-10-04 00:00:00,0.0347,0.0347,0.034,0.0341,3150295.6,FETUSDT
2019-10-04 04:00:00,0.0341,0.0341,0.0337,0.034,3759123.03,FETUSDT
2019-10-04 08:00:00,0.034,0.0345,0.0339,0.0343,5811892.66,FETUSDT
2019-10-04 12:00:00,0.0343,0.0346,0.0342,0.0346,2293531.1,FETUSDT
2019-10-04 16:00:00,0.0346,0.0353,0.0343,0.0351,2400181.37,FETUSDT
2019-10-04 20:00:00,0.0352,0.0354,0.0347,0.0349,993022.5,FETUSDT
2019-10-05 00:00:00,0.0349,0.0355,0.0346,0.0353,3015108.49,FETUSDT
2019-10-05 04:00:00,0.0354,0.0366,0.0351,0.036,5393298.5,FETUSDT
2019-10-05 08:00:00,0.036,0.036,0.0351,0.0356,3276524.68,FETUSDT
2019-10-05 12:00:00,0.0355,0.0357,0.0344,0.0349,4042645.97,FETUSDT
2019-10-05 16:00:00,0.035,0.0352,0.0347,0.0351,927974.1,FETUSDT
2019-10-05 20:00:00,0.035,0.0355,0.035,0.0354,1572635.84,FETUSDT
2019-10-06 00:00:00,0.0355,0.0356,0.0349,0.0351,2586145.6,FETUSDT
2019-10-06 04:00:00,0.0351,0.0363,0.0351,0.0357,4037747.21,FETUSDT
2019-10-06 08:00:00,0.0356,0.0357,0.0342,0.0355,4314571.9,FETUSDT
2019-10-06 12:00:00,0.0355,0.0359,0.0351,0.0359,3218851.11,FETUSDT
2019-10-06 16:00:00,0.0358,0.0382,0.0355,0.0372,8647064.55,FETUSDT
2019-10-06 20:00:00,0.0372,0.0382,0.0368,0.0376,4346036.3,FETUSDT
2019-10-07 00:00:00,0.0377,0.0392,0.0368,0.0378,10748512.97,FETUSDT
2019-10-07 04:00:00,0.0378,0.038,0.0368,0.0378,7727866.21,FETUSDT
2019-10-07 08:00:00,0.0378,0.0383,0.0375,0.0377,9780835.52,FETUSDT
2019-10-07 12:00:00,0.0377,0.0386,0.0377,0.0385,6932041.6,FETUSDT
2019-10-07 16:00:00,0.0385,0.0393,0.0382,0.039,5612668.07,FETUSDT
2019-10-07 20:00:00,0.0391,0.0404,0.0389,0.0398,4681177.3,FETUSDT
2019-10-08 00:00:00,0.0398,0.0413,0.0398,0.04,4037535.47,FETUSDT
2019-10-08 04:00:00,0.04,0.0419,0.0399,0.0411,5131682.37,FETUSDT
2019-10-08 08:00:00,0.041,0.0422,0.0406,0.041,4136273.98,FETUSDT
2019-10-08 12:00:00,0.0411,0.05,0.041,0.0431,30827980.41,FETUSDT
2019-10-08 16:00:00,0.0431,0.0435,0.0416,0.0421,8683119.33,FETUSDT
2019-10-08 20:00:00,0.0421,0.0433,0.0416,0.0427,4353866.58,FETUSDT
2019-10-09 00:00:00,0.0427,0.0432,0.0405,0.041,4807847.03,FETUSDT
2019-10-09 04:00:00,0.041,0.0432,0.0409,0.043,7462361.29,FETUSDT
2019-10-09 08:00:00,0.0431,0.0447,0.0427,0.0445,8337540.62,FETUSDT
2019-10-09 12:00:00,0.0443,0.0448,0.0406,0.0422,13448823.4,FETUSDT
2019-10-09 16:00:00,0.0422,0.0424,0.0408,0.0415,6253517.32,FETUSDT
2019-10-09 20:00:00,0.0414,0.0425,0.0414,0.0417,5488395.51,FETUSDT
2019-10-10 00:00:00,0.0417,0.0428,0.0409,0.0412,4030530.8,FETUSDT
2019-10-10 04:00:00,0.0413,0.0422,0.0398,0.0404,4646881.13,FETUSDT
2019-10-10 08:00:00,0.0404,0.042,0.0394,0.0403,10597046.08,FETUSDT
2019-10-10 12:00:00,0.0403,0.0413,0.0397,0.0411,3187027.03,FETUSDT
2019-10-10 16:00:00,0.041,0.0433,0.0409,0.0432,4320486.73,FETUSDT
2019-10-10 20:00:00,0.0432,0.0446,0.0426,0.0439,4259614.9,FETUSDT
2019-10-11 00:00:00,0.0439,0.0463,0.0426,0.0451,11685411.51,FETUSDT
2019-10-11 04:00:00,0.0451,0.0453,0.0419,0.0433,11259061.71,FETUSDT
2019-10-11 08:00:00,0.0432,0.0434,0.0418,0.0427,7025330.72,FETUSDT
2019-10-11 12:00:00,0.0427,0.0459,0.0423,0.0454,9662698.25,FETUSDT
2019-10-11 16:00:00,0.0454,0.0464,0.0443,0.0461,6618362.5,FETUSDT
2019-10-11 20:00:00,0.0461,0.0472,0.0439,0.0443,8469106.26,FETUSDT
2019-10-12 00:00:00,0.0444,0.0453,0.0438,0.0444,3811330.6,FETUSDT
2019-10-12 04:00:00,0.0444,0.045,0.0431,0.0437,9627808.15,FETUSDT
2019-10-12 08:00:00,0.0437,0.0456,0.0437,0.0445,11226005.93,FETUSDT
2019-10-12 12:00:00,0.0445,0.046,0.0443,0.0451,10994043.64,FETUSDT
2019-10-12 16:00:00,0.0451,0.0454,0.0446,0.0448,9576741.51,FETUSDT
2019-10-12 20:00:00,0.0448,0.046,0.0444,0.0455,9433813.69,FETUSDT
2019-10-13 00:00:00,0.0454,0.0454,0.0438,0.0443,8216735.17,FETUSDT
2019-10-13 04:00:00,0.0443,0.0447,0.0437,0.0444,7339315.52,FETUSDT
2019-10-13 08:00:00,0.0443,0.0446,0.0433,0.0442,8217402.79,FETUSDT
2019-10-13 12:00:00,0.0442,0.0442,0.0425,0.0432,7554336.6,FETUSDT
2019-10-13 16:00:00,0.0432,0.0436,0.0429,0.0431,5672900.61,FETUSDT
2019-10-13 20:00:00,0.0431,0.0431,0.0417,0.0428,6761905.47,FETUSDT
2019-10-14 00:00:00,0.0428,0.044,0.0425,0.0436,7631833.32,FETUSDT
2019-10-14 04:00:00,0.0437,0.0533,0.043,0.0459,26070993.91,FETUSDT
2019-10-14 08:00:00,0.0459,0.0466,0.0445,0.0458,12560366.1,FETUSDT
2019-10-14 12:00:00,0.0457,0.048,0.0448,0.0473,11058587.22,FETUSDT
2019-10-14 16:00:00,0.0473,0.0477,0.0454,0.0467,12363337.39,FETUSDT
2019-10-14 20:00:00,0.0467,0.047,0.0455,0.0459,6379497.23,FETUSDT
2019-10-15 00:00:00,0.0459,0.0469,0.0456,0.0468,7897197.91,FETUSDT
2019-10-15 04:00:00,0.0468,0.0477,0.0462,0.0473,6732141.11,FETUSDT
2019-10-15 08:00:00,0.0473,0.0473,0.0458,0.046,6785930.89,FETUSDT
2019-10-15 12:00:00,0.046,0.0472,0.0458,0.0465,5068084.84,FETUSDT
2019-10-15 16:00:00,0.0464,0.0464,0.0436,0.0446,7603540.94,FETUSDT
2019-10-15 20:00:00,0.0446,0.0446,0.043,0.0437,5285109.08,FETUSDT
2019-10-16 00:00:00,0.0437,0.0443,0.0425,0.0431,5218821.46,FETUSDT
2019-10-16 04:00:00,0.0431,0.0438,0.043,0.0433,4654379.68,FETUSDT
2019-10-16 08:00:00,0.0432,0.0434,0.04,0.0407,8154946.71,FETUSDT
2019-10-16 12:00:00,0.0408,0.0408,0.038,0.0399,6649872.58,FETUSDT
2019-10-16 16:00:00,0.0399,0.0402,0.0393,0.0396,1498900.5,FETUSDT
2019-10-16 20:00:00,0.0396,0.0401,0.0392,0.04,2165040.65,FETUSDT
2019-10-17 00:00:00,0.0399,0.0411,0.0397,0.0409,1404304.39,FETUSDT
2019-10-17 04:00:00,0.0411,0.0413,0.04,0.0405,2460865.79,FETUSDT
2019-10-17 08:00:00,0.0405,0.0422,0.0405,0.0417,2796160.86,FETUSDT
2019-10-17 12:00:00,0.0419,0.0421,0.041,0.0416,5904129.87,FETUSDT
2019-10-17 16:00:00,0.0416,0.042,0.0411,0.0412,7998235.83,FETUSDT
2019-10-17 20:00:00,0.0413,0.0414,0.0405,0.0408,10043406.61,FETUSDT
2019-10-18 00:00:00,0.0408,0.0419,0.0406,0.0408,24582466.44,FETUSDT
2019-10-18 04:00:00,0.041,0.0412,0.0388,0.0392,17084461.55,FETUSDT
2019-10-18 08:00:00,0.0392,0.0396,0.0383,0.0393,5163808.18,FETUSDT
2019-10-18 12:00:00,0.0393,0.0398,0.0388,0.0391,2531518.09,FETUSDT
2019-10-18 16:00:00,0.0391,0.0398,0.039,0.0397,1461783.09,FETUSDT
2019-10-18 20:00:00,0.0396,0.0399,0.0391,0.0395,1362791.27,FETUSDT
2019-10-19 00:00:00,0.0393,0.0396,0.039,0.0392,1200815.19,FETUSDT
2019-10-19 04:00:00,0.0393,0.0396,0.0391,0.0394,1297370.1,FETUSDT
2019-10-19 08:00:00,0.0394,0.0407,0.0394,0.0402,15240895.96,FETUSDT
2019-10-19 12:00:00,0.0401,0.0405,0.0397,0.0401,12206219.05,FETUSDT
2019-10-19 16:00:00,0.0401,0.0402,0.039,0.0397,14902201.02,FETUSDT
2019-10-19 20:00:00,0.0397,0.0404,0.0395,0.0403,14756690.76,FETUSDT
2019-10-20 00:00:00,0.0403,0.0403,0.0392,0.0397,16848506.2,FETUSDT
2019-10-20 04:00:00,0.0398,0.0401,0.0393,0.0398,8950441.02,FETUSDT
2019-10-20 08:00:00,0.0398,0.0399,0.0383,0.0387,12604777.46,FETUSDT
2019-10-20 12:00:00,0.0387,0.0394,0.0384,0.0391,9693621.69,FETUSDT
2019-10-20 16:00:00,0.0391,0.0405,0.0388,0.0394,24266723.11,FETUSDT
2019-10-20 20:00:00,0.0395,0.0403,0.0393,0.04,9133137.94,FETUSDT
2019-10-21 00:00:00,0.0399,0.0402,0.03931,0.03935,6004975.56,FETUSDT
2019-10-21 04:00:00,0.03931,0.03974,0.0391,0.0394,3163626.24,FETUSDT
2019-10-21 08:00:00,0.03947,0.04089,0.03927,0.0405,11599459.03,FETUSDT
2019-10-21 12:00:00,0.04051,0.04154,0.04021,0.04036,9778405.26,FETUSDT
2019-10-21 16:00:00,0.04031,0.04098,0.04031,0.04071,11280479.3,FETUSDT
2019-10-21 20:00:00,0.04063,0.041,0.04032,0.0405,13251277.6,FETUSDT
2019-10-22 00:00:00,0.0405,0.04064,0.04003,0.04043,14500374.6,FETUSDT
2019-10-22 04:00:00,0.04041,0.04076,0.0402,0.0404,18361901.8,FETUSDT
2019-10-22 08:00:00,0.04042,0.04109,0.0403,0.041,5639537.3,FETUSDT
2019-10-22 12:00:00,0.04098,0.04109,0.0404,0.04081,4420788.8,FETUSDT
2019-10-22 16:00:00,0.04079,0.04085,0.04036,0.04058,5206826.5,FETUSDT
2019-10-22 20:00:00,0.04057,0.0412,0.0403,0.04073,7523035.9,FETUSDT
2019-10-23 00:00:00,0.04071,0.04095,0.03918,0.0395,7555877.3,FETUSDT
2019-10-23 04:00:00,0.0395,0.0403,0.0393,0.03936,14556912.1,FETUSDT
2019-10-23 08:00:00,0.03932,0.03997,0.03932,0.0397,9426167.1,FETUSDT
2019-10-23 12:00:00,0.03967,0.03971,0.03586,0.03596,13530014.29,FETUSDT
2019-10-23 16:00:00,0.03585,0.03647,0.03489,0.03629,8515573.73,FETUSDT
2019-10-23 20:00:00,0.0363,0.03636,0.03551,0.03595,17073761.7,FETUSDT
2019-10-24 00:00:00,0.03598,0.03644,0.03574,0.03579,13054298.0,FETUSDT
2019-10-24 04:00:00,0.03578,0.03612,0.03524,0.03564,10578713.9,FETUSDT
2019-10-24 08:00:00,0.03565,0.0368,0.03548,0.03663,22781699.8,FETUSDT
2019-10-24 12:00:00,0.03666,0.03693,0.03637,0.03644,10969484.8,FETUSDT
2019-10-24 16:00:00,0.03644,0.03695,0.03636,0.03657,9936255.7,FETUSDT
2019-10-24 20:00:00,0.03656,0.03672,0.03608,0.03622,11455293.7,FETUSDT
2019-10-25 00:00:00,0.03632,0.03646,0.03606,0.0362,10204883.6,FETUSDT
2019-10-25 04:00:00,0.03617,0.0365,0.03553,0.03642,15484820.9,FETUSDT
2019-10-25 08:00:00,0.03647,0.03727,0.03631,0.03685,8887585.9,FETUSDT
2019-10-25 12:00:00,0.03682,0.03917,0.03654,0.0374,13656939.17,FETUSDT
2019-10-25 16:00:00,0.03788,0.03967,0.03788,0.0389,16838390.5,FETUSDT
2019-10-25 20:00:00,0.03885,0.03885,0.03779,0.0383,11691502.9,FETUSDT
2019-10-26 00:00:00,0.03828,0.0393,0.0372,0.03869,17057248.7,FETUSDT
2019-10-26 04:00:00,0.03863,0.03989,0.03821,0.0389,13875612.7,FETUSDT
2019-10-26 08:00:00,0.03889,0.03973,0.03802,0.03878,4191839.1,FETUSDT
2019-10-26 12:00:00,0.03858,0.03879,0.038,0.03832,2983305.8,FETUSDT
2019-10-26 16:00:00,0.03853,0.03861,0.03741,0.03777,2805023.4,FETUSDT
2019-10-26 20:00:00,0.03771,0.03867,0.03757,0.0386,7848206.3,FETUSDT
2019-10-27 00:00:00,0.03863,0.0389,0.03828,0.03831,3475353.2,FETUSDT
2019-10-27 04:00:00,0.03829,0.03839,0.03788,0.03808,2561895.4,FETUSDT
2019-10-27 08:00:00,0.03811,0.03855,0.03701,0.03752,4761157.3,FETUSDT
2019-10-27 12:00:00,0.03741,0.0394,0.03708,0.03921,6105985.5,FETUSDT
2019-10-27 16:00:00,0.03922,0.0409,0.03886,0.04016,4741385.5,FETUSDT
2019-10-27 20:00:00,0.03995,0.04023,0.03912,0.03999,3752103.1,FETUSDT
2019-10-28 00:00:00,0.03999,0.0427,0.03988,0.04123,3841032.34,FETUSDT
2019-10-28 04:00:00,0.04128,0.04134,0.0394,0.03981,6581136.4,FETUSDT
2019-10-28 08:00:00,0.03981,0.04121,0.03971,0.04101,3892136.8,FETUSDT
2019-10-28 12:00:00,0.041,0.04102,0.03984,0.04041,1827468.9,FETUSDT
2019-10-28 16:00:00,0.04041,0.04041,0.0394,0.0401,2240334.5,FETUSDT
2019-10-28 20:00:00,0.04015,0.0405,0.03942,0.03953,2156158.1,FETUSDT
2019-10-29 00:00:00,0.0395,0.0398,0.0389,0.03955,2669768.0,FETUSDT
2019-10-29 04:00:00,0.03953,0.04036,0.03899,0.03969,9679557.9,FETUSDT
2019-10-29 08:00:00,0.03969,0.04046,0.03945,0.04039,2703917.9,FETUSDT
2019-10-29 12:00:00,0.04049,0.04069,0.0391,0.04044,6376681.9,FETUSDT
2019-10-29 16:00:00,0.04046,0.04212,0.04031,0.04077,10319498.9,FETUSDT
2019-10-29 20:00:00,0.04072,0.04129,0.04013,0.0411,9530202.3,FETUSDT
2019-10-30 00:00:00,0.04109,0.0412,0.04008,0.04008,10363165.3,FETUSDT
2019-10-30 04:00:00,0.04014,0.04014,0.03921,0.03958,9532568.5,FETUSDT
2019-10-30 08:00:00,0.03968,0.03984,0.03844,0.03879,12016864.2,FETUSDT
2019-10-30 12:00:00,0.03881,0.03969,0.0386,0.03887,10355411.6,FETUSDT
2019-10-30 16:00:00,0.03902,0.03926,0.03865,0.03926,2551492.5,FETUSDT
2019-10-30 20:00:00,0.0393,0.03933,0.03893,0.03908,1543608.4,FETUSDT
2019-10-31 00:00:00,0.03904,0.03931,0.03865,0.03899,1773338.3,FETUSDT
2019-10-31 04:00:00,0.03896,0.03902,0.03879,0.03884,2819414.5,FETUSDT
2019-10-31 08:00:00,0.03884,0.03899,0.0374,0.03887,7483258.7,FETUSDT
2019-10-31 12:00:00,0.03891,0.03943,0.03814,0.0385,6105607.3,FETUSDT
2019-10-31 16:00:00,0.0385,0.03878,0.03806,0.03821,3890813.2,FETUSDT
2019-10-31 20:00:00,0.03823,0.03823,0.03702,0.03776,3589342.3,FETUSDT
2019-11-01 00:00:00,0.03776,0.03779,0.03734,0.03756,2568236.6,FETUSDT
2019-11-01 04:00:00,0.03744,0.0378,0.03713,0.03723,3112265.5,FETUSDT
2019-11-01 08:00:00,0.03716,0.03814,0.03714,0.03791,9374137.1,FETUSDT
2019-11-01 12:00:00,0.03789,0.03814,0.03735,0.03746,6967006.3,FETUSDT
2019-11-01 16:00:00,0.03741,0.03824,0.03716,0.03823,9055139.0,FETUSDT
2019-11-01 20:00:00,0.03821,0.03882,0.03807,0.03876,5044061.4,FETUSDT
2019-11-02 00:00:00,0.03878,0.03966,0.03861,0.03913,6876563.7,FETUSDT
2019-11-02 04:00:00,0.03911,0.0396,0.0388,0.03928,10207861.3,FETUSDT
2019-11-02 08:00:00,0.03928,0.03954,0.03862,0.03899,7606407.4,FETUSDT
2019-11-02 12:00:00,0.03907,0.03924,0.03821,0.03873,8144302.3,FETUSDT
2019-11-02 16:00:00,0.0388,0.0389,0.03848,0.03874,8264069.4,FETUSDT
2019-11-02 20:00:00,0.03872,0.0395,0.03856,0.03871,6712922.4,FETUSDT
2019-11-03 00:00:00,0.03869,0.03905,0.03859,0.03905,5351178.9,FETUSDT
2019-11-03 04:00:00,0.03906,0.0394,0.03877,0.03921,7359162.3,FETUSDT
2019-11-03 08:00:00,0.03922,0.03928,0.03843,0.03858,5691334.6,FETUSDT
2019-11-03 12:00:00,0.03862,0.03919,0.03844,0.03919,5292563.2,FETUSDT
2019-11-03 16:00:00,0.03919,0.04047,0.03876,0.03986,7039426.5,FETUSDT
2019-11-03 20:00:00,0.03989,0.04033,0.0397,0.04025,11198927.5,FETUSDT
2019-11-04 00:00:00,0.0403,0.043,0.03993,0.0416,14921400.8,FETUSDT
2019-11-04 04:00:00,0.04155,0.0419,0.04086,0.04152,9013113.6,FETUSDT
2019-11-04 08:00:00,0.0414,0.04241,0.04122,0.04213,16864090.0,FETUSDT
2019-11-04 12:00:00,0.04207,0.04297,0.0417,0.04271,9317479.4,FETUSDT
2019-11-04 16:00:00,0.04265,0.04288,0.04181,0.0423,8567847.5,FETUSDT
2019-11-04 20:00:00,0.04228,0.04239,0.04141,0.04229,10168854.0,FETUSDT
2019-11-05 00:00:00,0.04221,0.04226,0.04129,0.04132,12235960.7,FETUSDT
2019-11-05 04:00:00,0.04132,0.04168,0.04,0.04052,13949871.3,FETUSDT
2019-11-05 08:00:00,0.04052,0.04226,0.04001,0.04148,10205059.6,FETUSDT
2019-11-05 12:00:00,0.0414,0.04181,0.0409,0.04143,11786486.6,FETUSDT
2019-11-05 16:00:00,0.04143,0.04298,0.0412,0.04249,13130903.7,FETUSDT
2019-11-05 20:00:00,0.0425,0.04292,0.04218,0.04267,11144975.3,FETUSDT
2019-11-06 00:00:00,0.04277,0.0428,0.042,0.04218,13353178.6,FETUSDT
2019-11-06 04:00:00,0.04238,0.04398,0.04211,0.04337,12508498.0,FETUSDT
2019-11-06 08:00:00,0.04337,0.04452,0.04289,0.04324,11339105.11,FETUSDT
2019-11-06 12:00:00,0.04316,0.04329,0.0425,0.04309,12001233.9,FETUSDT
2019-11-06 16:00:00,0.04308,0.04312,0.0424,0.04255,9112000.4,FETUSDT
2019-11-06 20:00:00,0.04248,0.04319,0.04208,0.04246,9567730.9,FETUSDT
2019-11-07 00:00:00,0.04245,0.0427,0.04107,0.0414,9465572.7,FETUSDT
2019-11-07 04:00:00,0.04143,0.04159,0.04094,0.04101,10438267.1,FETUSDT
2019-11-07 08:00:00,0.04093,0.04128,0.04,0.04075,17488544.9,FETUSDT
2019-11-07 12:00:00,0.04073,0.04185,0.04041,0.04152,12973571.5,FETUSDT
2019-11-07 16:00:00,0.0415,0.04191,0.04118,0.04165,14807728.1,FETUSDT
2019-11-07 20:00:00,0.04164,0.04188,0.04082,0.04174,7455015.0,FETUSDT
2019-11-08 00:00:00,0.04174,0.04196,0.04136,0.04181,9697131.8,FETUSDT
2019-11-08 04:00:00,0.04181,0.04183,0.04062,0.04072,11839778.3,FETUSDT
2019-11-08 08:00:00,0.04067,0.04082,0.04003,0.04046,14677327.2,FETUSDT
2019-11-08 12:00:00,0.04052,0.04057,0.038,0.03886,14807296.8,FETUSDT
2019-11-08 16:00:00,0.03887,0.0391,0.0384,0.03878,8553546.8,FETUSDT
2019-11-08 20:00:00,0.03875,0.03926,0.03861,0.03901,8778641.8,FETUSDT
2019-11-09 00:00:00,0.03901,0.03911,0.0387,0.03891,8106577.6,FETUSDT
2019-11-09 04:00:00,0.03886,0.0396,0.03871,0.03937,10348549.8,FETUSDT
2019-11-09 08:00:00,0.03927,0.03984,0.0391,0.03973,21597159.9,FETUSDT
2019-11-09 12:00:00,0.03959,0.03972,0.03911,0.03933,10469394.7,FETUSDT
2019-11-09 16:00:00,0.0392,0.0399,0.03901,0.03962,8355124.4,FETUSDT
2019-11-09 20:00:00,0.03963,0.04006,0.0396,0.03998,6380409.1,FETUSDT
2019-11-10 00:00:00,0.04003,0.0401,0.03982,0.03991,10841377.6,FETUSDT
2019-11-10 04:00:00,0.03991,0.0408,0.03972,0.04007,6009708.5,FETUSDT
2019-11-10 08:00:00,0.04004,0.0402,0.0397,0.03986,8064456.8,FETUSDT
2019-11-10 12:00:00,0.03987,0.04006,0.03956,0.0398,4772629.4,FETUSDT
2019-11-10 16:00:00,0.03979,0.04064,0.0397,0.04059,5536405.2,FETUSDT
2019-11-10 20:00:00,0.04057,0.0406,0.04013,0.04049,8180519.6,FETUSDT
2019-11-11 00:00:00,0.04041,0.04059,0.04017,0.04053,12582843.4,FETUSDT
2019-11-11 04:00:00,0.04049,0.04052,0.03911,0.03938,12886107.2,FETUSDT
2019-11-11 08:00:00,0.03939,0.03946,0.03844,0.03917,8499346.5,FETUSDT
2019-11-11 12:00:00,0.03919,0.03949,0.03895,0.03926,4549831.2,FETUSDT
2019-11-11 16:00:00,0.0393,0.041,0.03926,0.04074,6448681.5,FETUSDT
2019-11-11 20:00:00,0.04072,0.04098,0.0405,0.04073,9246925.1,FETUSDT
2019-11-12 00:00:00,0.04072,0.04152,0.04021,0.04048,14984905.3,FETUSDT
2019-11-12 04:00:00,0.04048,0.04094,0.04022,0.04086,8183620.0,FETUSDT
2019-11-12 08:00:00,0.04085,0.04114,0.04036,0.04108,8644835.7,FETUSDT
2019-11-12 12:00:00,0.04112,0.04143,0.03916,0.03996,10450393.8,FETUSDT
2019-11-12 16:00:00,0.03995,0.04099,0.03982,0.04042,10657585.0,FETUSDT
2019-11-12 20:00:00,0.04044,0.0406,0.04003,0.04034,14208746.0,FETUSDT
2019-11-13 00:00:00,0.04046,0.04057,0.04009,0.04022,4607426.6,FETUSDT
2019-11-13 04:00:00,0.04021,0.04086,0.04011,0.04075,11525188.2,FETUSDT
2019-11-13 08:00:00,0.04086,0.04148,0.04083,0.04106,15266604.6,FETUSDT
2019-11-13 12:00:00,0.04106,0.0423,0.04085,0.0422,17433644.5,FETUSDT
2019-11-13 16:00:00,0.04218,0.04267,0.04205,0.0424,17583228.1,FETUSDT
2019-11-13 20:00:00,0.04241,0.04251,0.04177,0.04198,12257227.9,FETUSDT
2019-11-14 00:00:00,0.04199,0.0429,0.04185,0.04206,14815101.9,FETUSDT
2019-11-14 04:00:00,0.04208,0.04209,0.04093,0.04161,18602131.4,FETUSDT
2019-11-14 08:00:00,0.04158,0.04164,0.0408,0.04157,8919246.6,FETUSDT
2019-11-14 12:00:00,0.04158,0.0435,0.04109,0.04301,17120167.0,FETUSDT
2019-11-14 16:00:00,0.04296,0.04344,0.0428,0.04314,13870340.2,FETUSDT
2019-11-14 20:00:00,0.04309,0.0439,0.04293,0.04378,12781542.0,FETUSDT
2019-11-15 00:00:00,0.04372,0.0449,0.0428,0.0435,29361862.9,FETUSDT
2019-11-15 04:00:00,0.04347,0.04777,0.0431,0.04632,33112755.25,FETUSDT
2019-11-15 08:00:00,0.04632,0.04868,0.04569,0.04801,23558829.87,FETUSDT
2019-11-15 12:00:00,0.04809,0.04879,0.04503,0.04567,27465743.1,FETUSDT
2019-11-15 16:00:00,0.04567,0.04617,0.0445,0.04535,33216515.4,FETUSDT
2019-11-15 20:00:00,0.0453,0.04635,0.0447,0.04623,20952213.6,FETUSDT
2019-11-16 00:00:00,0.04625,0.05,0.04624,0.04755,34134577.14,FETUSDT
2019-11-16 04:00:00,0.04761,0.04867,0.0468,0.04695,42334917.4,FETUSDT
2019-11-16 08:00:00,0.04695,0.04773,0.0464,0.0465,23394826.2,FETUSDT
2019-11-16 12:00:00,0.0465,0.04978,0.0462,0.04872,27435701.0,FETUSDT
2019-11-16 16:00:00,0.04864,0.051,0.04785,0.04995,28922964.76,FETUSDT
2019-11-16 20:00:00,0.04995,0.05003,0.04788,0.04935,28577679.0,FETUSDT
2019-11-17 00:00:00,0.04938,0.04946,0.04789,0.04817,18146072.5,FETUSDT
2019-11-17 04:00:00,0.04821,0.04936,0.04721,0.04797,39553428.8,FETUSDT
2019-11-17 08:00:00,0.04796,0.04889,0.04595,0.04661,24120122.1,FETUSDT
2019-11-17 12:00:00,0.04656,0.04679,0.04546,0.04665,19404854.8,FETUSDT
2019-11-17 16:00:00,0.04665,0.04685,0.0459,0.04641,23935716.5,FETUSDT
2019-11-17 20:00:00,0.04641,0.0467,0.0447,0.04569,15939853.0,FETUSDT
2019-11-18 00:00:00,0.04568,0.04671,0.04505,0.04624,16564038.4,FETUSDT
2019-11-18 04:00:00,0.04624,0.04667,0.045,0.0456,19432629.7,FETUSDT
2019-11-18 08:00:00,0.04553,0.04638,0.04475,0.04487,24555254.5,FETUSDT
2019-11-18 12:00:00,0.04475,0.0448,0.04366,0.04389,31280381.0,FETUSDT
2019-11-18 16:00:00,0.04389,0.04422,0.04214,0.04272,22079951.6,FETUSDT
2019-11-18 20:00:00,0.04275,0.04319,0.0421,0.04257,19625748.9,FETUSDT
2019-11-19 00:00:00,0.04249,0.04344,0.04182,0.04288,29606640.5,FETUSDT
2019-11-19 04:00:00,0.04288,0.04305,0.04111,0.04122,20498298.4,FETUSDT
2019-11-19 08:00:00,0.04127,0.04184,0.04002,0.04002,18597197.9,FETUSDT
2019-11-19 12:00:00,0.04002,0.04212,0.04002,0.04196,15702959.7,FETUSDT
2019-11-19 16:00:00,0.04196,0.04276,0.04111,0.04208,22616330.6,FETUSDT
2019-11-19 20:00:00,0.04202,0.04324,0.0416,0.04286,20748571.2,FETUSDT
2019-11-20 00:00:00,0.04286,0.04441,0.04231,0.04307,16383313.6,FETUSDT
2019-11-20 04:00:00,0.04307,0.0435,0.04255,0.04326,1794849.8,FETUSDT
2019-11-20 08:00:00,0.0433,0.04355,0.04057,0.04112,6344815.8,FETUSDT
2019-11-20 12:00:00,0.04112,0.0418,0.041,0.04136,2151297.1,FETUSDT
2019-11-20 16:00:00,0.04141,0.04164,0.04021,0.04051,1599882.8,FETUSDT
2019-11-20 20:00:00,0.04051,0.04079,0.04016,0.04031,1396455.5,FETUSDT
2019-11-21 00:00:00,0.0403,0.04169,0.04016,0.04152,1690269.5,FETUSDT
2019-11-21 04:00:00,0.0416,0.0425,0.04039,0.04066,17152957.4,FETUSDT
2019-11-21 08:00:00,0.04065,0.04079,0.0376,0.03825,31566084.3,FETUSDT
2019-11-21 12:00:00,0.0383,0.03883,0.03612,0.03728,16400567.0,FETUSDT
2019-11-21 16:00:00,0.03723,0.03911,0.0367,0.03863,13880421.3,FETUSDT
2019-11-21 20:00:00,0.03863,0.03964,0.03816,0.03937,17930942.0,FETUSDT
2019-11-22 00:00:00,0.03937,0.03999,0.03882,0.03904,31192837.8,FETUSDT
2019-11-22 04:00:00,0.03902,0.03936,0.0375,0.03865,28764016.2,FETUSDT
2019-11-22 08:00:00,0.03878,0.03975,0.03439,0.0351,23452285.8,FETUSDT
2019-11-22 12:00:00,0.03511,0.0356,0.03217,0.03426,24258822.63,FETUSDT
2019-11-22 16:00:00,0.0343,0.03586,0.03398,0.03529,21621190.9,FETUSDT
2019-11-22 20:00:00,0.03529,0.03564,0.03394,0.03461,19685224.4,FETUSDT
2019-11-23 00:00:00,0.03456,0.0354,0.03382,0.03472,12945306.8,FETUSDT
2019-11-23 04:00:00,0.03473,0.03574,0.03406,0.03528,15304309.4,FETUSDT
2019-11-23 08:00:00,0.03525,0.0379,0.03466,0.03752,26098539.5,FETUSDT
2019-11-23 12:00:00,0.03745,0.03889,0.03686,0.0381,32663144.4,FETUSDT
2019-11-23 16:00:00,0.03801,0.0389,0.03734,0.03825,17847301.4,FETUSDT
2019-11-23 20:00:00,0.03825,0.03945,0.03782,0.03913,23858641.0,FETUSDT
2019-11-24 00:00:00,0.03913,0.0399,0.03752,0.03796,19089047.1,FETUSDT
2019-11-24 04:00:00,0.03793,0.03902,0.03774,0.03867,23342133.5,FETUSDT
2019-11-24 08:00:00,0.03864,0.04011,0.03804,0.03867,19124820.6,FETUSDT
2019-11-24 12:00:00,0.0387,0.03918,0.0355,0.03551,32836128.2,FETUSDT
2019-11-24 16:00:00,0.03562,0.03778,0.03517,0.03675,22256159.7,FETUSDT
2019-11-24 20:00:00,0.03676,0.0384,0.03621,0.03709,16833259.0,FETUSDT
2019-11-25 00:00:00,0.03705,0.03728,0.0347,0.03554,14242768.8,FETUSDT
2019-11-25 04:00:00,0.03542,0.0386,0.0349,0.03741,35548828.3,FETUSDT
2019-11-25 08:00:00,0.03741,0.04379,0.037,0.0429,30892009.2,FETUSDT
2019-11-25 12:00:00,0.0428,0.0439,0.04059,0.04213,38240766.0,FETUSDT
2019-11-25 16:00:00,0.04215,0.04384,0.04105,0.04383,31463203.2,FETUSDT
2019-11-25 20:00:00,0.04367,0.04766,0.04339,0.04635,36489721.2,FETUSDT
2019-11-26 00:00:00,0.04635,0.04734,0.0445,0.04605,23070400.3,FETUSDT
2019-11-26 04:00:00,0.04604,0.04628,0.04335,0.04465,25821891.1,FETUSDT
2019-11-26 08:00:00,0.04464,0.04904,0.04429,0.04783,31787955.3,FETUSDT
2019-11-26 12:00:00,0.04784,0.04948,0.04723,0.04774,33786091.9,FETUSDT
2019-11-26 16:00:00,0.04763,0.0513,0.04673,0.0508,21968941.9,FETUSDT
2019-11-26 20:00:00,0.0508,0.0519,0.0479,0.04927,6141146.2,FETUSDT
2019-11-27 00:00:00,0.04923,0.0516,0.04599,0.04688,16789669.2,FETUSDT
2019-11-27 04:00:00,0.04684,0.0493,0.04607,0.04782,22988437.2,FETUSDT
2019-11-27 08:00:00,0.04779,0.048,0.0425,0.046,34845806.8,FETUSDT
2019-11-27 12:00:00,0.04599,0.04988,0.04515,0.04912,33588895.8,FETUSDT
2019-11-27 16:00:00,0.0491,0.0545,0.04775,0.05361,30058580.84,FETUSDT
2019-11-27 20:00:00,0.05359,0.057,0.05053,0.05594,27115571.55,FETUSDT
2019-11-28 00:00:00,0.05591,0.05752,0.05329,0.0563,18652851.37,FETUSDT
2019-11-28 04:00:00,0.05629,0.05656,0.0542,0.0562,21300129.2,FETUSDT
2019-11-28 08:00:00,0.05617,0.0582,0.05478,0.05657,25295421.66,FETUSDT
2019-11-28 12:00:00,0.05659,0.06135,0.05618,0.0587,37089139.1,FETUSDT
2019-11-28 16:00:00,0.05855,0.06074,0.05564,0.0558,32732246.2,FETUSDT
2019-11-28 20:00:00,0.05572,0.05739,0.05252,0.05357,19020392.7,FETUSDT
2019-11-29 00:00:00,0.05346,0.05426,0.0517,0.05219,23444662.2,FETUSDT
2019-11-29 04:00:00,0.05238,0.05719,0.05191,0.05585,21953055.2,FETUSDT
2019-11-29 08:00:00,0.05583,0.0579,0.05471,0.05682,14502575.1,FETUSDT
2019-11-29 12:00:00,0.0564,0.05731,0.05365,0.05467,20000118.8,FETUSDT
2019-11-29 16:00:00,0.05467,0.05726,0.05404,0.05607,14554344.5,FETUSDT
2019-11-29 20:00:00,0.05607,0.05698,0.05457,0.05511,10087474.7,FETUSDT
2019-11-30 00:00:00,0.05536,0.05826,0.05453,0.05812,15498909.5,FETUSDT
2019-11-30 04:00:00,0.0583,0.05849,0.05665,0.05784,11210188.9,FETUSDT
2019-11-30 08:00:00,0.05797,0.06251,0.0568,0.05951,22695360.27,FETUSDT
2019-11-30 12:00:00,0.05951,0.061,0.05756,0.06001,16567402.5,FETUSDT
2019-11-30 16:00:00,0.05994,0.06081,0.05728,0.0585,15051171.1,FETUSDT
2019-11-30 20:00:00,0.05844,0.0609,0.05824,0.06061,15176550.5,FETUSDT
2019-12-01 00:00:00,0.06064,0.06078,0.05378,0.05551,16490622.9,FETUSDT
2019-12-01 04:00:00,0.05539,0.0563,0.054,0.05432,11137786.4,FETUSDT
2019-12-01 08:00:00,0.05442,0.05606,0.05206,0.05506,20216317.7,FETUSDT
2019-12-01 12:00:00,0.05507,0.0589,0.055,0.05654,11215488.4,FETUSDT
2019-12-01 16:00:00,0.05654,0.05716,0.0555,0.05641,8547274.0,FETUSDT
2019-12-01 20:00:00,0.05631,0.05787,0.05545,0.056,5737501.4,FETUSDT
2019-12-02 00:00:00,0.05601,0.06315,0.055,0.06122,15996795.46,FETUSDT
2019-12-02 04:00:00,0.0615,0.063,0.05975,0.06048,11346896.5,FETUSDT
2019-12-02 08:00:00,0.06043,0.0622,0.05906,0.0613,9029215.8,FETUSDT
2019-12-02 12:00:00,0.06113,0.06244,0.05993,0.06098,6670799.0,FETUSDT
2019-12-02 16:00:00,0.0611,0.06145,0.0603,0.061,6254761.6,FETUSDT
2019-12-02 20:00:00,0.06101,0.06377,0.0605,0.06326,8134446.7,FETUSDT
2019-12-03 00:00:00,0.06325,0.06441,0.06181,0.06289,10506022.05,FETUSDT
2019-12-03 04:00:00,0.06284,0.065,0.06253,0.06424,12277289.4,FETUSDT
2019-12-03 08:00:00,0.06425,0.0644,0.0604,0.06098,9915628.9,FETUSDT
2019-12-03 12:00:00,0.06097,0.0617,0.0592,0.05994,17554659.6,FETUSDT
2019-12-03 16:00:00,0.06001,0.06095,0.05946,0.06014,25411991.2,FETUSDT
2019-12-03 20:00:00,0.06003,0.06244,0.05962,0.06202,23252111.8,FETUSDT
2019-12-04 00:00:00,0.06194,0.06219,0.05598,0.05772,16832961.3,FETUSDT
2019-12-04 04:00:00,0.05768,0.0587,0.05646,0.05821,14986197.9,FETUSDT
2019-12-04 08:00:00,0.05818,0.0607,0.05648,0.0603,26216504.4,FETUSDT
2019-12-04 12:00:00,0.06034,0.061,0.05677,0.05964,21634264.4,FETUSDT
2019-12-04 16:00:00,0.05964,0.05998,0.05781,0.05837,12260704.5,FETUSDT
2019-12-04 20:00:00,0.05845,0.0587,0.05555,0.05599,16434151.8,FETUSDT
2019-12-05 00:00:00,0.05593,0.05609,0.05063,0.05248,25689749.3,FETUSDT
2019-12-05 04:00:00,0.05248,0.0539,0.0517,0.0537,20694693.8,FETUSDT
2019-12-05 08:00:00,0.05366,0.05446,0.05307,0.05375,19972688.0,FETUSDT
2019-12-05 12:00:00,0.05376,0.05382,0.05045,0.0507,12949924.1,FETUSDT
2019-12-05 16:00:00,0.05068,0.0523,0.05045,0.0518,14359150.4,FETUSDT
2019-12-05 20:00:00,0.05172,0.05216,0.05129,0.05177,11948800.7,FETUSDT
2019-12-06 00:00:00,0.05177,0.05199,0.05094,0.05163,6283030.7,FETUSDT
2019-12-06 04:00:00,0.05146,0.05215,0.05061,0.05215,7655821.7,FETUSDT
2019-12-06 08:00:00,0.05215,0.05472,0.05155,0.05387,13223581.1,FETUSDT
2019-12-06 12:00:00,0.05392,0.0579,0.05355,0.05659,9947392.0,FETUSDT
2019-12-06 16:00:00,0.05657,0.05808,0.05595,0.05789,7180476.9,FETUSDT
2019-12-06 20:00:00,0.0579,0.0586,0.0567,0.0571,7014605.4,FETUSDT
2019-12-07 00:00:00,0.05702,0.05846,0.05609,0.05824,5432305.5,FETUSDT
2019-12-07 04:00:00,0.05823,0.06156,0.05686,0.06035,7976200.0,FETUSDT
2019-12-07 08:00:00,0.06043,0.06089,0.05921,0.05975,11235835.5,FETUSDT
2019-12-07 12:00:00,0.05976,0.0648,0.05952,0.06269,20242742.7,FETUSDT
2019-12-07 16:00:00,0.06272,0.069,0.06212,0.06834,23718312.79,FETUSDT
2019-12-07 20:00:00,0.06828,0.07049,0.06667,0.06898,20984396.65,FETUSDT
2019-12-08 00:00:00,0.06887,0.06907,0.0644,0.0653,16875613.2,FETUSDT
2019-12-08 04:00:00,0.0653,0.06831,0.064,0.06831,11097657.1,FETUSDT
2019-12-08 08:00:00,0.06828,0.07075,0.06683,0.0701,16685924.5,FETUSDT
2019-12-08 12:00:00,0.07008,0.07191,0.06802,0.06899,17518045.8,FETUSDT
2019-12-08 16:00:00,0.06912,0.06915,0.065,0.06529,13587548.1,FETUSDT
2019-12-08 20:00:00,0.06537,0.06639,0.064,0.06571,11438765.0,FETUSDT
2019-12-09 00:00:00,0.06586,0.06705,0.06471,0.06502,6658844.7,FETUSDT
2019-12-09 04:00:00,0.06501,0.06538,0.06312,0.06342,6726952.7,FETUSDT
2019-12-09 08:00:00,0.06346,0.06712,0.06241,0.06529,11026501.4,FETUSDT
2019-12-09 12:00:00,0.06528,0.06989,0.0652,0.06569,11690391.9,FETUSDT
2019-12-09 16:00:00,0.06567,0.0688,0.06497,0.06687,6178039.7,FETUSDT
2019-12-09 20:00:00,0.06681,0.06681,0.06334,0.06441,4895090.7,FETUSDT
2019-12-10 00:00:00,0.06434,0.06443,0.0495,0.05395,25657638.8,FETUSDT
2019-12-10 04:00:00,0.05405,0.05724,0.05252,0.05419,9900294.1,FETUSDT
2019-12-10 08:00:00,0.05405,0.05497,0.051,0.05338,11752390.7,FETUSDT
2019-12-10 12:00:00,0.05348,0.05529,0.04673,0.04712,14933548.0,FETUSDT
2019-12-10 16:00:00,0.04739,0.05005,0.04724,0.04917,7303381.2,FETUSDT
2019-12-10 20:00:00,0.04917,0.05003,0.04772,0.04942,2804103.9,FETUSDT
2019-12-11 00:00:00,0.04942,0.0519,0.04903,0.05088,10460607.3,FETUSDT
2019-12-11 04:00:00,0.05087,0.05579,0.05079,0.05559,21784670.6,FETUSDT
2019-12-11 08:00:00,0.05554,0.05786,0.0541,0.05481,24748603.5,FETUSDT
2019-12-11 12:00:00,0.05488,0.05745,0.0524,0.05369,28200668.5,FETUSDT
2019-12-11 16:00:00,0.05387,0.05411,0.0515,0.05271,16416821.3,FETUSDT
2019-12-11 20:00:00,0.05266,0.055,0.05154,0.05377,22225659.8,FETUSDT
2019-12-12 00:00:00,0.05378,0.05421,0.05,0.05197,22254287.9,FETUSDT
2019-12-12 04:00:00,0.05196,0.05274,0.05035,0.05062,10941166.8,FETUSDT
2019-12-12 08:00:00,0.05059,0.05164,0.04969,0.05126,14491412.7,FETUSDT
2019-12-12 12:00:00,0.0513,0.05167,0.04945,0.05033,21625195.3,FETUSDT
2019-12-12 16:00:00,0.05028,0.0519,0.05019,0.05157,13622822.3,FETUSDT
2019-12-12 20:00:00,0.05152,0.0535,0.0511,0.05188,13738132.8,FETUSDT
2019-12-13 00:00:00,0.052,0.05299,0.05095,0.05102,9655344.1,FETUSDT
2019-12-13 04:00:00,0.05103,0.05235,0.051,0.05225,8454928.8,FETUSDT
2019-12-13 08:00:00,0.05215,0.054,0.05158,0.05364,13838431.9,FETUSDT
2019-12-13 12:00:00,0.05356,0.0544,0.05268,0.05332,16344606.0,FETUSDT
2019-12-13 16:00:00,0.0535,0.05378,0.05275,0.05355,6021294.0,FETUSDT
2019-12-13 20:00:00,0.05367,0.05367,0.05012,0.05118,11202352.2,FETUSDT
2019-12-14 00:00:00,0.05117,0.0525,0.05052,0.05206,7338155.6,FETUSDT
2019-12-14 04:00:00,0.05218,0.05229,0.05141,0.05188,5028468.5,FETUSDT
2019-12-14 08:00:00,0.05194,0.0522,0.05052,0.05126,7746468.4,FETUSDT
2019-12-14 12:00:00,0.05126,0.05323,0.04791,0.04827,9161409.6,FETUSDT
2019-12-14 16:00:00,0.0481,0.04889,0.0464,0.04674,8395488.7,FETUSDT
2019-12-14 20:00:00,0.04675,0.04691,0.0448,0.04585,8619773.1,FETUSDT
2019-12-15 00:00:00,0.04586,0.04597,0.04401,0.04489,4476841.6,FETUSDT
2019-12-15 04:00:00,0.04483,0.04702,0.04452,0.0465,4456198.3,FETUSDT
2019-12-15 08:00:00,0.04669,0.04788,0.04645,0.04657,2493798.2,FETUSDT
2019-12-15 12:00:00,0.04659,0.04719,0.04551,0.04666,4357438.1,FETUSDT
2019-12-15 16:00:00,0.04667,0.04767,0.04582,0.04692,2615740.8,FETUSDT
2019-12-15 20:00:00,0.04695,0.04798,0.04667,0.04795,2471238.7,FETUSDT
2019-12-16 00:00:00,0.04795,0.04878,0.04725,0.04737,2624368.5,FETUSDT
2019-12-16 04:00:00,0.04732,0.04739,0.04586,0.04647,3450625.9,FETUSDT
2019-12-16 08:00:00,0.04645,0.0499,0.04615,0.04985,30130759.0,FETUSDT
2019-12-16 12:00:00,0.04987,0.05323,0.04945,0.05209,28920186.3,FETUSDT
2019-12-16 16:00:00,0.05211,0.05373,0.04848,0.04889,44957142.6,FETUSDT
2019-12-16 20:00:00,0.04903,0.051,0.04882,0.05071,24240892.9,FETUSDT
2019-12-17 00:00:00,0.05074,0.05333,0.04861,0.0523,38318349.6,FETUSDT
2019-12-17 04:00:00,0.0523,0.055,0.05111,0.05397,42660830.0,FETUSDT
2019-12-17 08:00:00,0.05397,0.0555,0.0522,0.05268,37263230.6,FETUSDT
2019-12-17 12:00:00,0.05277,0.05364,0.0505,0.05163,45819452.4,FETUSDT
2019-12-17 16:00:00,0.05171,0.0535,0.04971,0.05051,26651655.3,FETUSDT
2019-12-17 20:00:00,0.05045,0.05102,0.04805,0.05052,32917696.1,FETUSDT
2019-12-18 00:00:00,0.05035,0.05245,0.05005,0.05148,28144593.7,FETUSDT
2019-12-18 04:00:00,0.05138,0.05177,0.0483,0.04869,27731675.3,FETUSDT
2019-12-18 08:00:00,0.0487,0.04898,0.0469,0.04718,45592891.6,FETUSDT
2019-12-18 12:00:00,0.04717,0.04749,0.04252,0.04711,42659908.5,FETUSDT
2019-12-18 16:00:00,0.04712,0.0495,0.0467,0.04891,24385329.9,FETUSDT
2019-12-18 20:00:00,0.04907,0.05058,0.04794,0.04886,38190776.9,FETUSDT
2019-12-19 00:00:00,0.0489,0.04927,0.0461,0.04689,33262623.5,FETUSDT
2019-12-19 04:00:00,0.04691,0.049,0.0466,0.04784,19625566.1,FETUSDT
2019-12-19 08:00:00,0.04775,0.04971,0.04673,0.04853,27770197.8,FETUSDT
2019-12-19 12:00:00,0.04844,0.0495,0.04756,0.0477,28186957.4,FETUSDT
2019-12-19 16:00:00,0.04774,0.0495,0.04774,0.04897,18048539.9,FETUSDT
2019-12-19 20:00:00,0.04917,0.05229,0.04883,0.05169,24731240.5,FETUSDT
2019-12-20 00:00:00,0.05169,0.0529,0.05,0.05266,26448785.4,FETUSDT
2019-12-20 04:00:00,0.05265,0.05299,0.05111,0.05228,10753619.8,FETUSDT
2019-12-20 08:00:00,0.05226,0.05226,0.05116,0.05177,9650586.5,FETUSDT
2019-12-20 12:00:00,0.0518,0.0547,0.0516,0.05362,24184605.6,FETUSDT
2019-12-20 16:00:00,0.05369,0.05596,0.0533,0.05387,20545501.0,FETUSDT
2019-12-20 20:00:00,0.05388,0.05408,0.05312,0.05374,12963739.4,FETUSDT
2019-12-21 00:00:00,0.05374,0.05506,0.05352,0.05445,9651166.2,FETUSDT
2019-12-21 04:00:00,0.05431,0.055,0.05391,0.05407,8624194.9,FETUSDT
2019-12-21 08:00:00,0.05411,0.05412,0.0508,0.05188,16313568.1,FETUSDT
2019-12-21 12:00:00,0.05176,0.05309,0.05176,0.05244,8595888.8,FETUSDT
2019-12-21 16:00:00,0.05243,0.05291,0.05115,0.05133,7625987.3,FETUSDT
2019-12-21 20:00:00,0.05139,0.0519,0.0495,0.05012,11816444.4,FETUSDT
2019-12-22 00:00:00,0.05014,0.05167,0.04944,0.05145,10289023.3,FETUSDT
2019-12-22 04:00:00,0.05137,0.0522,0.05051,0.05187,12099414.0,FETUSDT
2019-12-22 08:00:00,0.0518,0.052,0.04961,0.05045,17897715.2,FETUSDT
2019-12-22 12:00:00,0.05038,0.05051,0.04929,0.04993,10268670.9,FETUSDT
2019-12-22 16:00:00,0.04983,0.05028,0.04905,0.05009,10934071.7,FETUSDT
2019-12-22 20:00:00,0.05009,0.05036,0.04938,0.04996,5649725.4,FETUSDT
2019-12-23 00:00:00,0.05,0.05142,0.04967,0.05131,6124273.5,FETUSDT
2019-12-23 04:00:00,0.05142,0.05148,0.04952,0.0509,3797695.5,FETUSDT
2019-12-23 08:00:00,0.05088,0.05088,0.0497,0.05021,6623370.7,FETUSDT
2019-12-23 12:00:00,0.05009,0.051,0.04981,0.05002,8611237.9,FETUSDT
2019-12-23 16:00:00,0.04991,0.0504,0.04818,0.04943,6523978.2,FETUSDT
2019-12-23 20:00:00,0.04927,0.0497,0.04887,0.04919,779973.3,FETUSDT
2019-12-24 00:00:00,0.04902,0.04918,0.0476,0.0484,3685366.6,FETUSDT
2019-12-24 04:00:00,0.0484,0.04873,0.04777,0.04803,6062906.1,FETUSDT
2019-12-24 08:00:00,0.04806,0.04973,0.0478,0.04938,4293547.7,FETUSDT
2019-12-24 12:00:00,0.04944,0.04992,0.04837,0.04865,6161130.8,FETUSDT
2019-12-24 16:00:00,0.04861,0.04955,0.04763,0.04885,6656952.4,FETUSDT
2019-12-24 20:00:00,0.04885,0.04894,0.04775,0.04847,5414257.3,FETUSDT
2019-12-25 00:00:00,0.04848,0.04888,0.04773,0.04793,3830441.2,FETUSDT
2019-12-25 04:00:00,0.04801,0.04803,0.0474,0.04787,7229107.2,FETUSDT
2019-12-25 08:00:00,0.0479,0.048,0.0472,0.04765,18330511.1,FETUSDT
2019-12-25 12:00:00,0.04766,0.04799,0.04581,0.0464,8613906.3,FETUSDT
2019-12-25 16:00:00,0.04635,0.0467,0.04471,0.04668,7010502.2,FETUSDT
2019-12-25 20:00:00,0.04664,0.04685,0.04542,0.04577,7436805.3,FETUSDT
2019-12-26 00:00:00,0.04577,0.0459,0.04503,0.04527,6625979.5,FETUSDT
2019-12-26 04:00:00,0.04526,0.04549,0.04455,0.04456,8458118.7,FETUSDT
2019-12-26 08:00:00,0.04456,0.04537,0.04453,0.04489,6191133.8,FETUSDT
2019-12-26 12:00:00,0.04493,0.0465,0.04476,0.0462,6183361.3,FETUSDT
2019-12-26 16:00:00,0.04624,0.04688,0.04498,0.04525,4553035.4,FETUSDT
2019-12-26 20:00:00,0.04523,0.0455,0.04414,0.04496,4413994.5,FETUSDT
2019-12-27 00:00:00,0.04498,0.04556,0.04463,0.04495,2839391.4,FETUSDT
2019-12-27 04:00:00,0.04495,0.04506,0.04441,0.0445,3906119.7,FETUSDT
2019-12-27 08:00:00,0.0445,0.04481,0.04345,0.04349,1801770.6,FETUSDT
2019-12-27 12:00:00,0.04369,0.04424,0.04303,0.04416,2059456.2,FETUSDT
2019-12-27 16:00:00,0.04416,0.04435,0.04352,0.04375,2412163.9,FETUSDT
2019-12-27 20:00:00,0.0438,0.04426,0.0437,0.04425,754881.8,FETUSDT
2019-12-28 00:00:00,0.0442,0.04454,0.04407,0.04436,367793.8,FETUSDT
2019-12-28 04:00:00,0.04435,0.0446,0.04403,0.04408,1210313.6,FETUSDT
2019-12-28 08:00:00,0.0441,0.04429,0.04367,0.04369,757678.1,FETUSDT
2019-12-28 12:00:00,0.04381,0.04432,0.04361,0.04389,683456.8,FETUSDT
2019-12-28 16:00:00,0.04368,0.046,0.04359,0.046,4148352.0,FETUSDT
2019-12-28 20:00:00,0.04574,0.04666,0.04497,0.0453,5513568.0,FETUSDT
2019-12-29 00:00:00,0.0453,0.04599,0.04523,0.04552,590328.8,FETUSDT
2019-12-29 04:00:00,0.04566,0.0463,0.04511,0.04529,1544194.7,FETUSDT
2019-12-29 08:00:00,0.04529,0.04541,0.0442,0.04447,1736109.3,FETUSDT
2019-12-29 12:00:00,0.04451,0.04482,0.043,0.04346,3889113.6,FETUSDT
2019-12-29 16:00:00,0.04346,0.04376,0.04266,0.04284,2674643.1,FETUSDT
2019-12-29 20:00:00,0.04293,0.04347,0.0419,0.04297,2814810.7,FETUSDT
2019-12-30 00:00:00,0.04295,0.04345,0.0426,0.04339,1026818.1,FETUSDT
2019-12-30 04:00:00,0.04339,0.04344,0.04257,0.04261,2135197.4,FETUSDT
2019-12-30 08:00:00,0.04261,0.04285,0.04114,0.04172,8054481.9,FETUSDT
2019-12-30 12:00:00,0.04173,0.04216,0.04001,0.04041,11252044.9,FETUSDT
2019-12-30 16:00:00,0.0403,0.04039,0.04,0.04007,3693704.7,FETUSDT
2019-12-30 20:00:00,0.04005,0.04158,0.04005,0.0406,4648223.1,FETUSDT
2019-12-31 00:00:00,0.04045,0.04079,0.04012,0.04037,651611.2,FETUSDT
2019-12-31 04:00:00,0.04037,0.04042,0.0392,0.03945,2879569.7,FETUSDT
2019-12-31 08:00:00,0.0395,0.03958,0.039,0.03919,1093124.2,FETUSDT
2019-12-31 12:00:00,0.03919,0.03919,0.038,0.03805,7745190.3,FETUSDT
2019-12-31 16:00:00,0.03805,0.03832,0.03735,0.03758,7459597.0,FETUSDT
2019-12-31 20:00:00,0.03758,0.03789,0.037,0.0371,1739758.4,FETUSDT
2020-01-01 00:00:00,0.03723,0.0381,0.03708,0.03794,4322501.0,FETUSDT
2020-01-01 04:00:00,0.03794,0.0384,0.03764,0.03818,2537744.3,FETUSDT
2020-01-01 08:00:00,0.03819,0.03895,0.0378,0.03883,2515158.6,FETUSDT
2020-01-01 12:00:00,0.0388,0.03967,0.03867,0.03916,5393736.6,FETUSDT
2020-01-01 16:00:00,0.03913,0.03959,0.03901,0.03949,3613331.0,FETUSDT
2020-01-01 20:00:00,0.03935,0.0395,0.03814,0.03832,1821763.3,FETUSDT
2020-01-02 00:00:00,0.03852,0.03852,0.03768,0.03775,3316127.4,FETUSDT
2020-01-02 04:00:00,0.03775,0.03837,0.03766,0.03818,3215811.2,FETUSDT
2020-01-02 08:00:00,0.03815,0.03918,0.03803,0.03876,5038552.9,FETUSDT
2020-01-02 12:00:00,0.03875,0.039,0.03833,0.03856,5800224.5,FETUSDT
2020-01-02 16:00:00,0.03861,0.03868,0.036,0.03714,8522941.7,FETUSDT
2020-01-02 20:00:00,0.03719,0.03719,0.03636,0.03642,4786641.1,FETUSDT
2020-01-03 00:00:00,0.03645,0.03658,0.03556,0.03639,2034674.4,FETUSDT
2020-01-03 04:00:00,0.03639,0.0381,0.03639,0.03761,4323145.6,FETUSDT
2020-01-03 08:00:00,0.03761,0.03854,0.03752,0.0383,4230811.8,FETUSDT
2020-01-03 12:00:00,0.0383,0.03899,0.03756,0.03886,5356191.2,FETUSDT
2020-01-03 16:00:00,0.03889,0.0395,0.03861,0.03949,8061776.7,FETUSDT
2020-01-03 20:00:00,0.03948,0.0396,0.03851,0.03906,3489734.5,FETUSDT
2020-01-04 00:00:00,0.03919,0.04147,0.039,0.04088,6403685.0,FETUSDT
2020-01-04 04:00:00,0.04088,0.04148,0.04,0.0414,5971165.5,FETUSDT
2020-01-04 08:00:00,0.0414,0.04248,0.04084,0.04177,6979645.3,FETUSDT
2020-01-04 12:00:00,0.04163,0.04188,0.04031,0.04059,3311904.1,FETUSDT
2020-01-04 16:00:00,0.04059,0.04087,0.04016,0.04054,4542677.2,FETUSDT
2020-01-04 20:00:00,0.04043,0.04052,0.03933,0.04027,6041858.9,FETUSDT
2020-01-05 00:00:00,0.04027,0.04085,0.03997,0.04049,3063312.4,FETUSDT
2020-01-05 04:00:00,0.04049,0.04095,0.04,0.04038,2443524.3,FETUSDT
2020-01-05 08:00:00,0.0402,0.0403,0.039,0.0394,3487961.4,FETUSDT
2020-01-05 12:00:00,0.03948,0.0396,0.03908,0.03949,2645014.1,FETUSDT
2020-01-05 16:00:00,0.03948,0.03963,0.0391,0.03924,6321173.0,FETUSDT
2020-01-05 20:00:00,0.03925,0.03963,0.0381,0.03847,5586147.6,FETUSDT
2020-01-06 00:00:00,0.03844,0.03955,0.03831,0.03928,6252215.9,FETUSDT
2020-01-06 04:00:00,0.03936,0.03944,0.03906,0.03913,4094736.0,FETUSDT
2020-01-06 08:00:00,0.03917,0.04012,0.03904,0.03976,13583113.6,FETUSDT
2020-01-06 12:00:00,0.03976,0.0401,0.03903,0.03942,3129432.5,FETUSDT
2020-01-06 16:00:00,0.03938,0.03995,0.03928,0.03983,2452549.4,FETUSDT
2020-01-06 20:00:00,0.03982,0.04025,0.03903,0.03949,5421740.3,FETUSDT
2020-01-07 00:00:00,0.03951,0.03957,0.03787,0.03837,7268716.6,FETUSDT
2020-01-07 04:00:00,0.03838,0.03858,0.03798,0.03823,2720102.6,FETUSDT
2020-01-07 08:00:00,0.0383,0.0385,0.03795,0.03807,5956392.4,FETUSDT
2020-01-07 12:00:00,0.03813,0.03822,0.03725,0.03772,14197947.1,FETUSDT
2020-01-07 16:00:00,0.03769,0.0383,0.03713,0.03747,5899956.4,FETUSDT
2020-01-07 20:00:00,0.03759,0.03794,0.0372,0.0372,1377730.8,FETUSDT
2020-01-08 00:00:00,0.03736,0.03759,0.03635,0.03665,4461367.0,FETUSDT
2020-01-08 04:00:00,0.03678,0.0373,0.03661,0.0368,4993652.4,FETUSDT
2020-01-08 08:00:00,0.03682,0.03742,0.03668,0.03689,1616090.5,FETUSDT
2020-01-08 12:00:00,0.03665,0.03795,0.03642,0.03693,3558620.5,FETUSDT
2020-01-08 16:00:00,0.03699,0.0372,0.03594,0.03687,9306731.5,FETUSDT
2020-01-08 20:00:00,0.03678,0.03735,0.03667,0.03686,11780894.6,FETUSDT
2020-01-09 00:00:00,0.03686,0.03778,0.0368,0.03705,7115809.9,FETUSDT
2020-01-09 04:00:00,0.037,0.03708,0.03648,0.03679,1537678.7,FETUSDT
2020-01-09 08:00:00,0.03679,0.03795,0.0367,0.0377,9258393.6,FETUSDT
2020-01-09 12:00:00,0.03771,0.03874,0.0376,0.03808,4507708.1,FETUSDT
2020-01-09 16:00:00,0.03799,0.03799,0.03701,0.03728,5373559.6,FETUSDT
2020-01-09 20:00:00,0.0374,0.03781,0.03699,0.0374,5563794.4,FETUSDT
2020-01-10 00:00:00,0.03749,0.0375,0.0369,0.03703,898429.7,FETUSDT
2020-01-10 04:00:00,0.03697,0.03697,0.03623,0.03635,4007778.1,FETUSDT
2020-01-10 08:00:00,0.0363,0.03684,0.03588,0.03671,2219684.3,FETUSDT
2020-01-10 12:00:00,0.03676,0.03702,0.03621,0.03632,2699609.7,FETUSDT
2020-01-10 16:00:00,0.03633,0.03683,0.03606,0.0361,3395350.1,FETUSDT
2020-01-10 20:00:00,0.03609,0.03639,0.03602,0.03619,1145908.5,FETUSDT
2020-01-11 00:00:00,0.0361,0.03645,0.03605,0.03626,905287.6,FETUSDT
2020-01-11 04:00:00,0.03626,0.03654,0.0361,0.03654,13962305.6,FETUSDT
2020-01-11 08:00:00,0.03654,0.0376,0.03641,0.03736,19970084.7,FETUSDT
2020-01-11 12:00:00,0.03714,0.03944,0.03711,0.03923,6771540.0,FETUSDT
2020-01-11 16:00:00,0.03939,0.03961,0.03868,0.03903,7979608.6,FETUSDT
2020-01-11 20:00:00,0.03902,0.03911,0.0374,0.03779,5980373.1,FETUSDT
2020-01-12 00:00:00,0.03774,0.0385,0.03744,0.0381,1409041.6,FETUSDT
2020-01-12 04:00:00,0.03828,0.03849,0.03773,0.03774,5400337.6,FETUSDT
2020-01-12 08:00:00,0.03774,0.03813,0.03772,0.03781,11886557.0,FETUSDT
2020-01-12 12:00:00,0.03781,0.0387,0.03778,0.0383,11546359.8,FETUSDT
2020-01-12 16:00:00,0.0382,0.0387,0.03801,0.03846,12215826.8,FETUSDT
2020-01-12 20:00:00,0.03858,0.03987,0.03841,0.03987,20697149.5,FETUSDT
2020-01-13 00:00:00,0.0398,0.03992,0.03852,0.03951,8008975.9,FETUSDT
2020-01-13 04:00:00,0.03961,0.04017,0.03904,0.03975,2560502.7,FETUSDT
2020-01-13 08:00:00,0.0397,0.04137,0.0396,0.0409,5344870.1,FETUSDT
2020-01-13 12:00:00,0.0409,0.04198,0.04061,0.04071,5837659.0,FETUSDT
2020-01-13 16:00:00,0.04083,0.04128,0.04026,0.04074,4555791.1,FETUSDT
2020-01-13 20:00:00,0.04093,0.04116,0.04004,0.04063,5457891.4,FETUSDT
2020-01-14 00:00:00,0.0407,0.0407,0.03874,0.03936,14281882.1,FETUSDT
2020-01-14 04:00:00,0.03935,0.03935,0.03853,0.0392,5325551.3,FETUSDT
2020-01-14 08:00:00,0.03916,0.0404,0.03851,0.04027,4756382.8,FETUSDT
2020-01-14 12:00:00,0.04027,0.0404,0.03829,0.03898,8824797.5,FETUSDT
2020-01-14 16:00:00,0.03891,0.03975,0.03848,0.03964,11309820.3,FETUSDT
2020-01-14 20:00:00,0.03957,0.03971,0.03878,0.03899,3161379.1,FETUSDT
2020-01-15 00:00:00,0.03899,0.04095,0.0388,0.04027,9537064.6,FETUSDT
2020-01-15 04:00:00,0.0404,0.04049,0.0396,0.03996,5084800.9,FETUSDT
2020-01-15 08:00:00,0.04009,0.04044,0.0398,0.04005,3015566.8,FETUSDT
2020-01-15 12:00:00,0.04005,0.04049,0.03948,0.0399,6334965.8,FETUSDT
2020-01-15 16:00:00,0.03993,0.04085,0.03963,0.04074,3776871.1,FETUSDT
2020-01-15 20:00:00,0.04075,0.04089,0.03971,0.04001,4097120.7,FETUSDT
2020-01-16 00:00:00,0.04005,0.0404,0.03882,0.0391,7434868.9,FETUSDT
2020-01-16 04:00:00,0.03912,0.03976,0.03905,0.03934,12869289.9,FETUSDT
2020-01-16 08:00:00,0.03934,0.03958,0.03898,0.03942,3115856.0,FETUSDT
2020-01-16 12:00:00,0.03942,0.04008,0.03919,0.0394,5356315.3,FETUSDT
2020-01-16 16:00:00,0.0394,0.03984,0.03901,0.03973,3425565.0,FETUSDT
2020-01-16 20:00:00,0.03973,0.03987,0.03935,0.03962,1552966.5,FETUSDT
2020-01-17 00:00:00,0.03975,0.03985,0.03911,0.03952,5768136.5,FETUSDT
2020-01-17 04:00:00,0.0395,0.04053,0.03939,0.0404,14170467.5,FETUSDT
2020-01-17 08:00:00,0.04017,0.0423,0.04016,0.04164,11471484.0,FETUSDT
2020-01-17 12:00:00,0.04164,0.0421,0.04045,0.04128,5975284.3,FETUSDT
2020-01-17 16:00:00,0.04129,0.04262,0.04101,0.0418,7380305.2,FETUSDT
2020-01-17 20:00:00,0.04191,0.04289,0.04132,0.0422,2528193.0,FETUSDT
2020-01-18 00:00:00,0.0422,0.04232,0.0414,0.04162,2283250.3,FETUSDT
2020-01-18 04:00:00,0.04147,0.0416,0.04062,0.04109,2572675.1,FETUSDT
2020-01-18 08:00:00,0.04108,0.04149,0.04085,0.04104,6547327.1,FETUSDT
2020-01-18 12:00:00,0.041,0.04147,0.04088,0.04099,7727831.9,FETUSDT
2020-01-18 16:00:00,0.04096,0.04141,0.0409,0.04101,7440557.7,FETUSDT
2020-01-18 20:00:00,0.04101,0.0413,0.04096,0.04109,9437137.9,FETUSDT
2020-01-19 00:00:00,0.04115,0.04115,0.04002,0.04022,4214373.1,FETUSDT
2020-01-19 04:00:00,0.04046,0.0407,0.0401,0.04034,1038887.2,FETUSDT
2020-01-19 08:00:00,0.04034,0.04046,0.03675,0.0382,9633405.8,FETUSDT
2020-01-19 12:00:00,0.03812,0.03831,0.0362,0.03768,6023878.7,FETUSDT
2020-01-19 16:00:00,0.0376,0.03878,0.0376,0.03791,8238302.6,FETUSDT
2020-01-19 20:00:00,0.03788,0.03818,0.03716,0.03771,8028948.5,FETUSDT
2020-01-20 00:00:00,0.03771,0.03797,0.03723,0.03752,5488160.6,FETUSDT
2020-01-20 04:00:00,0.03769,0.03799,0.03743,0.03765,1219437.5,FETUSDT
2020-01-20 08:00:00,0.03765,0.03766,0.03726,0.03732,5735842.3,FETUSDT
2020-01-20 12:00:00,0.03732,0.03762,0.0364,0.03746,10605195.3,FETUSDT
2020-01-20 16:00:00,0.03749,0.03803,0.03722,0.03778,3857918.4,FETUSDT
2020-01-20 20:00:00,0.0378,0.03788,0.0372,0.03734,9191260.9,FETUSDT
2020-01-21 00:00:00,0.0374,0.03769,0.03718,0.03765,6270554.2,FETUSDT
2020-01-21 04:00:00,0.03761,0.03782,0.0373,0.03733,1285759.8,FETUSDT
2020-01-21 08:00:00,0.03733,0.03869,0.0372,0.03857,5263089.4,FETUSDT
2020-01-21 12:00:00,0.03855,0.039,0.03814,0.03837,8376888.0,FETUSDT
2020-01-21 16:00:00,0.03837,0.03882,0.03713,0.03753,7279349.3,FETUSDT
2020-01-21 20:00:00,0.03759,0.0385,0.03759,0.03802,6835163.5,FETUSDT
2020-01-22 00:00:00,0.03798,0.03829,0.03772,0.03791,6426405.6,FETUSDT
2020-01-22 04:00:00,0.0379,0.03849,0.03773,0.0383,3832660.9,FETUSDT
2020-01-22 08:00:00,0.0383,0.03847,0.03797,0.03839,2927046.9,FETUSDT
2020-01-22 12:00:00,0.03839,0.03883,0.03821,0.03876,9252585.3,FETUSDT
2020-01-22 16:00:00,0.03881,0.03977,0.03854,0.03943,6626293.9,FETUSDT
2020-01-22 20:00:00,0.03943,0.03989,0.0387,0.03952,6693012.5,FETUSDT
2020-01-23 00:00:00,0.03953,0.03976,0.0386,0.03872,6249422.4,FETUSDT
2020-01-23 04:00:00,0.03876,0.03886,0.03779,0.03815,4689571.9,FETUSDT
2020-01-23 08:00:00,0.03838,0.0388,0.03794,0.0385,2606203.6,FETUSDT
2020-01-23 12:00:00,0.0385,0.03879,0.03715,0.03772,6858303.8,FETUSDT
2020-01-23 16:00:00,0.03773,0.03796,0.03711,0.03721,6174833.2,FETUSDT
2020-01-23 20:00:00,0.03723,0.0381,0.03709,0.03775,6177046.7,FETUSDT
2020-01-24 00:00:00,0.03777,0.03802,0.03721,0.03732,8080539.3,FETUSDT
2020-01-24 04:00:00,0.03732,0.03766,0.03721,0.03753,6319314.9,FETUSDT
2020-01-24 08:00:00,0.03752,0.03779,0.0368,0.03773,4993163.4,FETUSDT
2020-01-24 12:00:00,0.03779,0.03825,0.03746,0.03817,3699910.2,FETUSDT
2020-01-24 16:00:00,0.03817,0.03926,0.03788,0.03911,7433267.4,FETUSDT
2020-01-24 20:00:00,0.03901,0.03929,0.03855,0.03893,5301219.7,FETUSDT
2020-01-25 00:00:00,0.03893,0.03922,0.03803,0.03834,6269861.7,FETUSDT
2020-01-25 04:00:00,0.03823,0.03917,0.0381,0.03899,8330453.6,FETUSDT
2020-01-25 08:00:00,0.03895,0.03928,0.03885,0.03903,2296604.3,FETUSDT
2020-01-25 12:00:00,0.03903,0.0409,0.03903,0.04069,9313130.0,FETUSDT
2020-01-25 16:00:00,0.04069,0.04079,0.03969,0.04003,7287755.8,FETUSDT
2020-01-25 20:00:00,0.04004,0.04019,0.03956,0.03989,5614006.3,FETUSDT
2020-01-26 00:00:00,0.03985,0.03985,0.03951,0.03985,2465346.9,FETUSDT
2020-01-26 04:00:00,0.03983,0.0403,0.03977,0.04024,7035405.6,FETUSDT
2020-01-26 08:00:00,0.04022,0.04053,0.03965,0.03998,4701361.6,FETUSDT
2020-01-26 12:00:00,0.03998,0.03998,0.03936,0.03942,7987147.1,FETUSDT
2020-01-26 16:00:00,0.03946,0.03986,0.03921,0.03948,8416689.0,FETUSDT
2020-01-26 20:00:00,0.03946,0.03952,0.0385,0.03889,3699810.2,FETUSDT
2020-01-27 00:00:00,0.03901,0.03923,0.03883,0.03907,4215478.3,FETUSDT
2020-01-27 04:00:00,0.03911,0.0395,0.03884,0.0394,4964252.5,FETUSDT
2020-01-27 08:00:00,0.03939,0.03948,0.03881,0.03883,7351027.9,FETUSDT
2020-01-27 12:00:00,0.03888,0.03955,0.03877,0.0394,7441723.7,FETUSDT
2020-01-27 16:00:00,0.03937,0.03949,0.03887,0.0391,5778947.7,FETUSDT
2020-01-27 20:00:00,0.03901,0.0393,0.03875,0.03892,5804954.1,FETUSDT
2020-01-28 00:00:00,0.03892,0.03966,0.03869,0.03884,5102989.0,FETUSDT
2020-01-28 04:00:00,0.03891,0.03891,0.03801,0.03831,5109479.9,FETUSDT
2020-01-28 08:00:00,0.03833,0.03857,0.03795,0.03831,6901132.6,FETUSDT
2020-01-28 12:00:00,0.03834,0.03845,0.03735,0.03747,7629851.6,FETUSDT
2020-01-28 16:00:00,0.03745,0.03807,0.0372,0.03776,4601729.7,FETUSDT
2020-01-28 20:00:00,0.03777,0.03815,0.03766,0.03767,8903376.3,FETUSDT
2020-01-29 00:00:00,0.0377,0.03775,0.03702,0.03725,3950560.2,FETUSDT
2020-01-29 04:00:00,0.03729,0.03781,0.03713,0.03771,4169351.0,FETUSDT
2020-01-29 08:00:00,0.03771,0.03773,0.0369,0.03733,8551354.4,FETUSDT
2020-01-29 12:00:00,0.03739,0.0378,0.03706,0.03772,5287960.8,FETUSDT
2020-01-29 16:00:00,0.0377,0.03795,0.03754,0.0376,5923193.8,FETUSDT
2020-01-29 20:00:00,0.03779,0.03779,0.03692,0.03698,7234857.9,FETUSDT
2020-01-30 00:00:00,0.03698,0.03699,0.03621,0.03678,5180377.6,FETUSDT
2020-01-30 04:00:00,0.03668,0.03749,0.03664,0.03737,5181556.5,FETUSDT
2020-01-30 08:00:00,0.03738,0.0383,0.03704,0.03776,7955903.1,FETUSDT
2020-01-30 12:00:00,0.03773,0.0391,0.03773,0.03895,5481963.7,FETUSDT
2020-01-30 16:00:00,0.0389,0.03909,0.0381,0.03884,6916457.2,FETUSDT
2020-01-30 20:00:00,0.03884,0.03884,0.03817,0.0383,6413157.1,FETUSDT
2020-01-31 00:00:00,0.03837,0.03884,0.0382,0.0387,5590452.2,FETUSDT
2020-01-31 04:00:00,0.03868,0.03869,0.03804,0.03851,2583199.6,FETUSDT
2020-01-31 08:00:00,0.03857,0.03886,0.03831,0.0388,7117310.8,FETUSDT
2020-01-31 12:00:00,0.03879,0.03885,0.03751,0.03824,8735176.4,FETUSDT
2020-01-31 16:00:00,0.03825,0.03845,0.03787,0.03832,5512737.1,FETUSDT
2020-01-31 20:00:00,0.03834,0.03898,0.03818,0.0389,6230748.8,FETUSDT
2020-02-01 00:00:00,0.0389,0.03945,0.0388,0.03918,7964471.8,FETUSDT
2020-02-01 04:00:00,0.03929,0.03931,0.0388,0.0389,2287460.7,FETUSDT
2020-02-01 08:00:00,0.03892,0.03901,0.03811,0.03816,6415193.7,FETUSDT
2020-02-01 12:00:00,0.03817,0.03872,0.0379,0.03843,6687543.6,FETUSDT
2020-02-01 16:00:00,0.03841,0.0389,0.03829,0.03854,7082557.8,FETUSDT
2020-02-01 20:00:00,0.03854,0.03874,0.0383,0.03862,4027196.9,FETUSDT
2020-02-02 00:00:00,0.0386,0.0387,0.03785,0.038,8640037.2,FETUSDT
2020-02-02 04:00:00,0.03796,0.03886,0.03787,0.0387,2867110.9,FETUSDT
2020-02-02 08:00:00,0.0387,0.03976,0.03858,0.03976,6553704.3,FETUSDT
2020-02-02 12:00:00,0.03975,0.04011,0.0389,0.03989,7824399.7,FETUSDT
2020-02-02 16:00:00,0.03986,0.04029,0.03977,0.04006,6048507.6,FETUSDT
2020-02-02 20:00:00,0.04008,0.04022,0.0394,0.0394,4158655.3,FETUSDT
2020-02-03 00:00:00,0.03939,0.04,0.0391,0.03931,6773756.1,FETUSDT
2020-02-03 04:00:00,0.03929,0.03976,0.03926,0.03944,4247532.0,FETUSDT
2020-02-03 08:00:00,0.03944,0.03968,0.03903,0.03938,6892320.1,FETUSDT
2020-02-03 12:00:00,0.03941,0.041,0.03929,0.04029,10960752.0,FETUSDT
2020-02-03 16:00:00,0.04015,0.0409,0.03992,0.04037,5113558.7,FETUSDT
2020-02-03 20:00:00,0.04039,0.04112,0.04007,0.04111,2631873.7,FETUSDT
2020-02-04 00:00:00,0.0411,0.0414,0.04059,0.04077,5972867.9,FETUSDT
2020-02-04 04:00:00,0.04078,0.0415,0.04023,0.0415,9730171.9,FETUSDT
2020-02-04 08:00:00,0.0414,0.04272,0.0403,0.04075,12934801.3,FETUSDT
2020-02-04 12:00:00,0.04087,0.04087,0.03942,0.04017,7048100.0,FETUSDT
2020-02-04 16:00:00,0.0403,0.04142,0.04011,0.04135,8290994.8,FETUSDT
2020-02-04 20:00:00,0.04136,0.0416,0.0408,0.04117,1779642.9,FETUSDT
2020-02-05 00:00:00,0.04119,0.04141,0.04078,0.04108,7864612.1,FETUSDT
2020-02-05 04:00:00,0.04103,0.04163,0.04096,0.04163,9776389.7,FETUSDT
2020-02-05 08:00:00,0.04156,0.04178,0.04004,0.04039,17591789.4,FETUSDT
2020-02-05 12:00:00,0.0404,0.04123,0.0401,0.04097,4878848.3,FETUSDT
2020-02-05 16:00:00,0.04096,0.04127,0.04015,0.04041,9600678.6,FETUSDT
2020-02-05 20:00:00,0.04041,0.041,0.04041,0.04095,2168964.7,FETUSDT
2020-02-06 00:00:00,0.04098,0.04125,0.04052,0.04125,5059595.6,FETUSDT
2020-02-06 04:00:00,0.04125,0.042,0.04124,0.04172,10579304.4,FETUSDT
2020-02-06 08:00:00,0.04169,0.04485,0.04167,0.04415,17067141.3,FETUSDT
2020-02-06 12:00:00,0.04415,0.0449,0.04365,0.0445,13792296.5,FETUSDT
2020-02-06 16:00:00,0.0445,0.04676,0.04445,0.0466,17585800.7,FETUSDT
2020-02-06 20:00:00,0.04661,0.04749,0.046,0.04684,5921258.3,FETUSDT
2020-02-07 00:00:00,0.04697,0.04697,0.04558,0.04626,4408975.6,FETUSDT
2020-02-07 04:00:00,0.04634,0.04944,0.04604,0.04843,8845972.8,FETUSDT
2020-02-07 08:00:00,0.04859,0.0489,0.04681,0.0475,7200684.0,FETUSDT
2020-02-07 12:00:00,0.04761,0.04771,0.04598,0.04647,7563877.2,FETUSDT
2020-02-07 16:00:00,0.0464,0.04775,0.04605,0.0474,14348890.4,FETUSDT
2020-02-07 20:00:00,0.0474,0.04743,0.04601,0.04669,9696889.9,FETUSDT
2020-02-08 00:00:00,0.04663,0.0471,0.043,0.04404,12023337.2,FETUSDT
2020-02-08 04:00:00,0.04404,0.04513,0.04374,0.0446,3377414.6,FETUSDT
2020-02-08 08:00:00,0.04456,0.0471,0.04456,0.04611,6587905.9,FETUSDT
2020-02-08 12:00:00,0.04611,0.04654,0.04486,0.04591,3953638.5,FETUSDT
2020-02-08 16:00:00,0.04591,0.04593,0.04459,0.04533,6878465.6,FETUSDT
2020-02-08 20:00:00,0.04539,0.04559,0.0435,0.04483,4141139.3,FETUSDT
2020-02-09 00:00:00,0.04483,0.04849,0.04451,0.0459,10561707.3,FETUSDT
2020-02-09 04:00:00,0.04605,0.04792,0.04512,0.04689,14534472.4,FETUSDT
2020-02-09 08:00:00,0.04689,0.04764,0.04596,0.04681,9533275.5,FETUSDT
2020-02-09 12:00:00,0.04682,0.04891,0.04681,0.04863,7955999.0,FETUSDT
2020-02-09 16:00:00,0.04843,0.0493,0.04809,0.0489,4876246.8,FETUSDT
2020-02-09 20:00:00,0.0489,0.05,0.04874,0.04946,3310933.0,FETUSDT
2020-02-10 00:00:00,0.04945,0.04951,0.04735,0.04791,8157313.6,FETUSDT
2020-02-10 04:00:00,0.04795,0.048,0.0461,0.04726,15330971.1,FETUSDT
2020-02-10 08:00:00,0.0474,0.0475,0.04474,0.0459,10442150.3,FETUSDT
2020-02-10 12:00:00,0.04581,0.04749,0.04559,0.04687,8117128.6,FETUSDT
2020-02-10 16:00:00,0.04686,0.0481,0.0465,0.04789,6305203.4,FETUSDT
2020-02-10 20:00:00,0.0479,0.049,0.04749,0.04853,2375230.3,FETUSDT
2020-02-11 00:00:00,0.04853,0.04892,0.04676,0.04769,7705348.3,FETUSDT
2020-02-11 04:00:00,0.04766,0.05164,0.04733,0.05017,14477225.4,FETUSDT
2020-02-11 08:00:00,0.05008,0.05198,0.04965,0.05052,12869715.5,FETUSDT
2020-02-11 12:00:00,0.05065,0.0509,0.04909,0.05018,6785189.1,FETUSDT
2020-02-11 16:00:00,0.05018,0.05111,0.04882,0.05104,10233221.9,FETUSDT
2020-02-11 20:00:00,0.05104,0.05143,0.0501,0.05124,2758489.2,FETUSDT
2020-02-12 00:00:00,0.05122,0.05185,0.05019,0.05177,3473416.8,FETUSDT
2020-02-12 04:00:00,0.05178,0.05307,0.05176,0.05247,12752852.9,FETUSDT
2020-02-12 08:00:00,0.05247,0.05353,0.05192,0.05301,16986232.5,FETUSDT
2020-02-12 12:00:00,0.05304,0.05518,0.05253,0.0536,8232790.3,FETUSDT
2020-02-12 16:00:00,0.0536,0.05496,0.05335,0.05444,7634552.8,FETUSDT
2020-02-12 20:00:00,0.05445,0.05495,0.0523,0.05301,6851745.5,FETUSDT
2020-02-13 00:00:00,0.05301,0.0539,0.05254,0.05258,4586088.3,FETUSDT
2020-02-13 04:00:00,0.05262,0.05417,0.05229,0.05229,5273311.9,FETUSDT
2020-02-13 08:00:00,0.05229,0.05247,0.04925,0.0511,18696556.7,FETUSDT
2020-02-13 12:00:00,0.05113,0.0536,0.05067,0.0528,9799568.6,FETUSDT
2020-02-13 16:00:00,0.0528,0.0558,0.0528,0.0553,7772290.4,FETUSDT
2020-02-13 20:00:00,0.0553,0.05548,0.05365,0.05431,5396197.3,FETUSDT
2020-02-14 00:00:00,0.0544,0.05473,0.05213,0.05279,5312293.3,FETUSDT
2020-02-14 04:00:00,0.05282,0.05322,0.0505,0.05157,5061505.2,FETUSDT
2020-02-14 08:00:00,0.05157,0.05417,0.05141,0.05377,8819789.9,FETUSDT
2020-02-14 12:00:00,0.05378,0.05451,0.05309,0.05354,10588221.8,FETUSDT
2020-02-14 16:00:00,0.05355,0.05446,0.0535,0.05436,14367250.9,FETUSDT
2020-02-14 20:00:00,0.05435,0.05506,0.05377,0.05425,3120344.0,FETUSDT
2020-02-15 00:00:00,0.05426,0.05515,0.05375,0.0545,8887027.4,FETUSDT
2020-02-15 04:00:00,0.0545,0.05489,0.05351,0.0537,2287794.6,FETUSDT
2020-02-15 08:00:00,0.05368,0.0548,0.05308,0.05413,11373630.2,FETUSDT
2020-02-15 12:00:00,0.05412,0.057,0.0519,0.0524,10981687.6,FETUSDT
2020-02-15 16:00:00,0.05245,0.0539,0.04832,0.05049,21200650.9,FETUSDT
2020-02-15 20:00:00,0.05044,0.05112,0.04944,0.04983,1888941.4,FETUSDT
2020-02-16 00:00:00,0.04983,0.0524,0.0485,0.0511,10782265.2,FETUSDT
2020-02-16 04:00:00,0.0511,0.05129,0.0501,0.05107,2267446.3,FETUSDT
2020-02-16 08:00:00,0.05116,0.05151,0.04986,0.05023,5759671.3,FETUSDT
2020-02-16 12:00:00,0.05027,0.05052,0.04503,0.04635,16680156.7,FETUSDT
2020-02-16 16:00:00,0.04628,0.04705,0.04268,0.04558,20388596.4,FETUSDT
2020-02-16 20:00:00,0.0452,0.04697,0.04512,0.0465,2472971.6,FETUSDT
2020-02-17 00:00:00,0.04631,0.04666,0.04394,0.04416,7278089.6,FETUSDT
2020-02-17 04:00:00,0.04405,0.04476,0.04308,0.04418,5707670.5,FETUSDT
2020-02-17 08:00:00,0.04409,0.04543,0.04225,0.04299,6556746.8,FETUSDT
2020-02-17 12:00:00,0.04295,0.0442,0.04157,0.04395,15049146.5,FETUSDT
2020-02-17 16:00:00,0.04395,0.04556,0.0436,0.0455,10660022.4,FETUSDT
2020-02-17 20:00:00,0.0455,0.0458,0.04515,0.0458,5442168.6,FETUSDT
2020-02-18 00:00:00,0.04586,0.04661,0.0445,0.04636,6565359.8,FETUSDT
2020-02-18 04:00:00,0.04644,0.04733,0.04634,0.04706,6098225.5,FETUSDT
2020-02-18 08:00:00,0.04684,0.04706,0.04494,0.0461,2700961.0,FETUSDT
2020-02-18 12:00:00,0.04611,0.0469,0.04445,0.04676,9145229.1,FETUSDT
2020-02-18 16:00:00,0.04676,0.04743,0.04629,0.0471,10130922.9,FETUSDT
2020-02-18 20:00:00,0.04708,0.04823,0.04672,0.04787,11330035.4,FETUSDT
2020-02-19 00:00:00,0.04772,0.04795,0.0469,0.04728,5194025.0,FETUSDT
2020-02-19 04:00:00,0.04725,0.04731,0.0454,0.04569,10514886.8,FETUSDT
2020-02-19 08:00:00,0.0457,0.04707,0.04537,0.04707,4109367.6,FETUSDT
2020-02-19 16:00:00,0.04707,0.04718,0.04609,0.04611,10130961.3,FETUSDT
2020-02-19 20:00:00,0.04611,0.04616,0.04104,0.04213,16800499.2,FETUSDT
2020-02-20 00:00:00,0.04209,0.04265,0.04067,0.04142,14149590.7,FETUSDT
2020-02-20 04:00:00,0.04154,0.04188,0.04098,0.04173,5877737.3,FETUSDT
2020-02-20 08:00:00,0.04173,0.04199,0.04104,0.04139,6989259.8,FETUSDT
2020-02-20 12:00:00,0.04134,0.04178,0.04029,0.04098,2495193.2,FETUSDT
2020-02-20 16:00:00,0.04098,0.04179,0.04,0.04039,4959541.6,FETUSDT
2020-02-20 20:00:00,0.0404,0.04138,0.0404,0.04101,4938728.9,FETUSDT
2020-02-21 00:00:00,0.0411,0.0429,0.04072,0.04254,14625317.9,FETUSDT
2020-02-21 04:00:00,0.04243,0.04289,0.04229,0.0426,12924363.6,FETUSDT
2020-02-21 08:00:00,0.04258,0.04349,0.04188,0.04334,8553205.6,FETUSDT
2020-02-21 12:00:00,0.04333,0.04355,0.042,0.04266,7088954.1,FETUSDT
2020-02-21 16:00:00,0.04265,0.04305,0.04216,0.04234,2907096.4,FETUSDT
2020-02-21 20:00:00,0.04241,0.04249,0.04136,0.04205,1610753.9,FETUSDT
2020-02-22 00:00:00,0.04232,0.04245,0.04163,0.04202,9435232.4,FETUSDT
2020-02-22 04:00:00,0.04209,0.0421,0.04078,0.04124,10303398.1,FETUSDT
2020-02-22 08:00:00,0.04121,0.04197,0.041,0.04166,6775424.4,FETUSDT
2020-02-22 12:00:00,0.04165,0.04225,0.0415,0.04199,9436353.0,FETUSDT
2020-02-22 16:00:00,0.04199,0.04226,0.04138,0.04211,13490801.6,FETUSDT
2020-02-22 20:00:00,0.04214,0.04234,0.04188,0.04199,1893853.6,FETUSDT
2020-02-23 00:00:00,0.04199,0.04293,0.04196,0.04281,5460144.4,FETUSDT
2020-02-23 04:00:00,0.04282,0.04349,0.04278,0.04315,8028197.5,FETUSDT
2020-02-23 08:00:00,0.04315,0.0436,0.0426,0.04269,8139717.4,FETUSDT
2020-02-23 12:00:00,0.04268,0.04308,0.0425,0.04258,11740729.3,FETUSDT
2020-02-23 16:00:00,0.04254,0.04329,0.0425,0.04285,7159161.8,FETUSDT
2020-02-23 20:00:00,0.04285,0.04355,0.04269,0.04342,8968589.2,FETUSDT
2020-02-24 00:00:00,0.04338,0.04394,0.04188,0.04195,5056895.6,FETUSDT
2020-02-24 04:00:00,0.04193,0.04215,0.04141,0.04171,7255697.6,FETUSDT
2020-02-24 08:00:00,0.04163,0.0424,0.04155,0.04229,7093108.2,FETUSDT
2020-02-24 12:00:00,0.0424,0.04249,0.0416,0.04168,9297497.9,FETUSDT
2020-02-24 16:00:00,0.04161,0.04183,0.03975,0.04,10901669.7,FETUSDT
2020-02-24 20:00:00,0.04012,0.0408,0.03992,0.04061,6130854.7,FETUSDT
2020-02-25 00:00:00,0.0406,0.04078,0.04008,0.04032,7612032.6,FETUSDT
2020-02-25 04:00:00,0.04022,0.0404,0.0385,0.03867,6786578.7,FETUSDT
2020-02-25 08:00:00,0.03879,0.03958,0.03866,0.03958,7147367.9,FETUSDT
2020-02-25 12:00:00,0.03942,0.03968,0.0373,0.03775,6996913.1,FETUSDT
2020-02-25 16:00:00,0.03771,0.03831,0.03703,0.03773,8452131.6,FETUSDT
2020-02-25 20:00:00,0.03784,0.03816,0.03706,0.03761,5629358.8,FETUSDT
2020-02-26 00:00:00,0.03755,0.03809,0.03582,0.03619,7543277.2,FETUSDT
2020-02-26 04:00:00,0.0361,0.03654,0.03522,0.03535,7620551.9,FETUSDT
2020-02-26 08:00:00,0.03548,0.0356,0.03425,0.03425,8199889.6,FETUSDT
2020-02-26 12:00:00,0.0342,0.03546,0.03256,0.03303,12129253.1,FETUSDT
2020-02-26 16:00:00,0.03294,0.03327,0.03064,0.03303,11996019.8,FETUSDT
2020-02-26 20:00:00,0.03297,0.03314,0.032,0.03268,5093929.1,FETUSDT
2020-02-27 00:00:00,0.03254,0.03263,0.03067,0.0324,5755730.7,FETUSDT
2020-02-27 04:00:00,0.03241,0.03338,0.03216,0.03326,2431183.8,FETUSDT
2020-02-27 08:00:00,0.03325,0.034,0.03281,0.03357,3691141.3,FETUSDT
2020-02-27 12:00:00,0.03359,0.03433,0.03323,0.03386,5785461.2,FETUSDT
2020-02-27 16:00:00,0.03395,0.03498,0.03389,0.03417,11635506.6,FETUSDT
2020-02-27 20:00:00,0.03416,0.03428,0.03199,0.03278,11253436.8,FETUSDT
2020-02-28 00:00:00,0.03275,0.03383,0.03268,0.03344,6866932.0,FETUSDT
2020-02-28 04:00:00,0.03332,0.03334,0.03207,0.03232,1479312.9,FETUSDT
2020-02-28 08:00:00,0.03232,0.03285,0.03101,0.03189,6209226.8,FETUSDT
2020-02-28 12:00:00,0.03199,0.0329,0.0307,0.03268,3449256.1,FETUSDT
2020-02-28 16:00:00,0.03264,0.03281,0.0312,0.03161,7763161.1,FETUSDT
2020-02-28 20:00:00,0.03164,0.03344,0.03161,0.03242,7808978.5,FETUSDT
2020-02-29 00:00:00,0.03242,0.03297,0.03238,0.03277,7117991.5,FETUSDT
2020-02-29 04:00:00,0.03281,0.03473,0.03276,0.03358,7452465.7,FETUSDT
2020-02-29 08:00:00,0.03361,0.03419,0.03202,0.03304,8797658.8,FETUSDT
2020-02-29 12:00:00,0.03301,0.03301,0.03186,0.03238,1870621.3,FETUSDT
2020-02-29 16:00:00,0.0325,0.03327,0.03233,0.03286,7312740.7,FETUSDT
2020-02-29 20:00:00,0.03286,0.03296,0.03213,0.03215,7355244.9,FETUSDT
2020-03-01 00:00:00,0.03217,0.03324,0.03214,0.03307,7263667.5,FETUSDT
2020-03-01 04:00:00,0.03309,0.03323,0.03236,0.03243,6223666.3,FETUSDT
2020-03-01 08:00:00,0.03246,0.03319,0.0322,0.03311,5699316.9,FETUSDT
2020-03-01 12:00:00,0.03311,0.03344,0.03225,0.03233,7010778.8,FETUSDT
2020-03-01 16:00:00,0.03234,0.03258,0.03171,0.03236,5853409.7,FETUSDT
2020-03-01 20:00:00,0.03236,0.03271,0.03214,0.03232,6532601.5,FETUSDT
2020-03-02 00:00:00,0.03234,0.03319,0.03209,0.03275,7153200.8,FETUSDT
2020-03-02 04:00:00,0.03275,0.03337,0.0327,0.03301,6571368.0,FETUSDT
2020-03-02 08:00:00,0.03301,0.03414,0.03301,0.03391,7415833.4,FETUSDT
2020-03-02 12:00:00,0.03391,0.03443,0.03361,0.03426,5161190.0,FETUSDT
2020-03-02 16:00:00,0.03424,0.03535,0.03404,0.03499,6993612.9,FETUSDT
2020-03-02 20:00:00,0.03494,0.03519,0.03457,0.03483,4243500.0,FETUSDT
2020-03-03 00:00:00,0.03482,0.03491,0.03403,0.03447,4860864.8,FETUSDT
2020-03-03 04:00:00,0.03446,0.03452,0.03357,0.03367,4524713.6,FETUSDT
2020-03-03 08:00:00,0.03357,0.03451,0.0335,0.03431,3678767.3,FETUSDT
2020-03-03 12:00:00,0.03428,0.0345,0.03337,0.03385,4723949.7,FETUSDT
2020-03-03 16:00:00,0.03385,0.03415,0.03339,0.034,4253971.3,FETUSDT
2020-03-03 20:00:00,0.03398,0.03417,0.0338,0.03397,2307909.2,FETUSDT
2020-03-04 00:00:00,0.03394,0.03517,0.03381,0.03496,3421939.9,FETUSDT
2020-03-04 04:00:00,0.03495,0.03653,0.03478,0.03641,6670724.8,FETUSDT
2020-03-04 08:00:00,0.03638,0.03739,0.03569,0.03616,5944063.7,FETUSDT
2020-03-04 12:00:00,0.03612,0.0369,0.03575,0.03576,7131033.2,FETUSDT
2020-03-04 16:00:00,0.03577,0.03595,0.03501,0.03571,8727660.0,FETUSDT
2020-03-04 20:00:00,0.03564,0.03661,0.03556,0.03653,1325482.0,FETUSDT
2020-03-05 00:00:00,0.03652,0.0378,0.03628,0.03694,5595843.3,FETUSDT
2020-03-05 04:00:00,0.03697,0.03766,0.0368,0.03681,3095674.1,FETUSDT
2020-03-05 08:00:00,0.03693,0.03765,0.0368,0.03698,4579589.9,FETUSDT
2020-03-05 12:00:00,0.03692,0.03728,0.03656,0.03681,3664100.2,FETUSDT
2020-03-05 16:00:00,0.03681,0.03732,0.03675,0.03721,1134454.2,FETUSDT
2020-03-05 20:00:00,0.0373,0.03733,0.03629,0.03638,1504674.7,FETUSDT
2020-03-06 00:00:00,0.03652,0.03686,0.036,0.03674,2992195.2,FETUSDT
2020-03-06 04:00:00,0.0367,0.03697,0.03654,0.03681,16888930.3,FETUSDT
2020-03-06 08:00:00,0.03681,0.03782,0.03681,0.03758,10092727.3,FETUSDT
2020-03-06 12:00:00,0.03758,0.03768,0.03669,0.03677,3998628.6,FETUSDT
2020-03-06 16:00:00,0.03671,0.03727,0.03664,0.03684,4425356.8,FETUSDT
2020-03-06 20:00:00,0.03684,0.03729,0.03675,0.03714,736634.5,FETUSDT
2020-03-07 00:00:00,0.03714,0.03723,0.03677,0.0371,1106282.2,FETUSDT
2020-03-07 04:00:00,0.03724,0.03733,0.03692,0.03699,4560756.2,FETUSDT
2020-03-07 08:00:00,0.03699,0.0385,0.0369,0.03842,19273433.7,FETUSDT
2020-03-07 12:00:00,0.03849,0.03871,0.03753,0.03827,7065267.8,FETUSDT
2020-03-07 16:00:00,0.03833,0.03848,0.03481,0.03559,15892264.7,FETUSDT
2020-03-07 20:00:00,0.03547,0.03565,0.0353,0.03539,1081061.1,FETUSDT
2020-03-08 00:00:00,0.03531,0.03531,0.03328,0.03345,4324512.7,FETUSDT
2020-03-08 04:00:00,0.0335,0.03363,0.03323,0.03352,1636843.8,FETUSDT
2020-03-08 08:00:00,0.03339,0.03354,0.03273,0.03332,6285394.1,FETUSDT
2020-03-08 12:00:00,0.03331,0.03343,0.0306,0.03137,14823590.4,FETUSDT
2020-03-08 16:00:00,0.03141,0.03158,0.02995,0.03124,15691701.83,FETUSDT
2020-03-08 20:00:00,0.03126,0.03135,0.02999,0.02999,9915258.8,FETUSDT
2020-03-09 00:00:00,0.03015,0.03101,0.02971,0.03027,5665018.0,FETUSDT
2020-03-09 04:00:00,0.03012,0.03038,0.0282,0.03021,5342145.09,FETUSDT
2020-03-09 08:00:00,0.03031,0.03074,0.02885,0.0291,4000457.1,FETUSDT
2020-03-09 12:00:00,0.02912,0.0296,0.02666,0.02749,14800756.5,FETUSDT
2020-03-09 16:00:00,0.02735,0.02864,0.02723,0.02806,12046512.8,FETUSDT
2020-03-09 20:00:00,0.02796,0.02871,0.02774,0.02859,3008029.9,FETUSDT
2020-03-10 00:00:00,0.02862,0.02878,0.02805,0.02834,10487770.1,FETUSDT
2020-03-10 04:00:00,0.02844,0.02918,0.02813,0.02826,2007557.6,FETUSDT
2020-03-10 08:00:00,0.02826,0.02956,0.02825,0.02918,2726115.7,FETUSDT
2020-03-10 12:00:00,0.02926,0.03,0.02755,0.02766,4500395.7,FETUSDT
2020-03-10 16:00:00,0.02762,0.02921,0.02751,0.02909,4732813.1,FETUSDT
2020-03-10 20:00:00,0.0291,0.02951,0.02877,0.02883,5270837.7,FETUSDT
2020-03-11 00:00:00,0.02882,0.02995,0.0288,0.02971,11375701.5,FETUSDT
2020-03-11 04:00:00,0.02968,0.03039,0.02926,0.02952,6324863.7,FETUSDT
2020-03-11 08:00:00,0.02956,0.02998,0.02831,0.02901,1981491.3,FETUSDT
2020-03-11 12:00:00,0.02901,0.02926,0.0276,0.02802,3546777.0,FETUSDT
2020-03-11 16:00:00,0.02802,0.02845,0.02625,0.0278,6216755.8,FETUSDT
2020-03-11 20:00:00,0.02776,0.0285,0.02772,0.0283,1024322.1,FETUSDT
2020-03-12 00:00:00,0.02842,0.0285,0.02597,0.02665,6803567.6,FETUSDT
2020-03-12 04:00:00,0.02648,0.02655,0.01956,0.02084,36546466.75,FETUSDT
2020-03-12 08:00:00,0.02086,0.02133,0.01422,0.01496,30477410.0,FETUSDT
2020-03-12 12:00:00,0.01504,0.01608,0.0135,0.01587,39726638.8,FETUSDT
2020-03-12 16:00:00,0.01587,0.01642,0.01512,0.01595,14996530.9,FETUSDT
2020-03-12 20:00:00,0.01594,0.01605,0.00958,0.01071,29854354.8,FETUSDT
2020-03-13 00:00:00,0.01076,0.01215,0.00735,0.0111,36400255.9,FETUSDT
2020-03-13 04:00:00,0.0111,0.01233,0.01001,0.0122,6458184.2,FETUSDT
2020-03-13 08:00:00,0.01229,0.01301,0.01017,0.01223,12660714.5,FETUSDT
2020-03-13 12:00:00,0.01217,0.01403,0.01025,0.01125,13494328.2,FETUSDT
2020-03-13 16:00:00,0.01125,0.01265,0.00984,0.0116,10842458.0,FETUSDT
2020-03-13 20:00:00,0.0116,0.01318,0.01126,0.01262,7312788.7,FETUSDT
2020-03-14 00:00:00,0.01246,0.01308,0.01166,0.01301,7248861.3,FETUSDT
2020-03-14 04:00:00,0.01298,0.01298,0.01231,0.0125,2918912.6,FETUSDT
2020-03-14 08:00:00,0.01229,0.01232,0.0114,0.01218,4500098.7,FETUSDT
2020-03-14 12:00:00,0.01218,0.0123,0.01169,0.01202,4875217.2,FETUSDT
2020-03-14 16:00:00,0.01202,0.01249,0.0119,0.01227,5507904.7,FETUSDT
2020-03-14 20:00:00,0.01216,0.0123,0.0107,0.01116,6278205.3,FETUSDT
2020-03-15 00:00:00,0.0112,0.01171,0.01109,0.01142,5666447.5,FETUSDT
2020-03-15 04:00:00,0.01141,0.01175,0.0114,0.01168,2115061.3,FETUSDT
2020-03-15 08:00:00,0.01168,0.0125,0.01136,0.01228,3978092.9,FETUSDT
2020-03-15 12:00:00,0.01233,0.01265,0.01165,0.01165,4832536.0,FETUSDT
2020-03-15 16:00:00,0.01167,0.01193,0.01151,0.01175,2212224.5,FETUSDT
2020-03-15 20:00:00,0.01174,0.013,0.01085,0.01147,19831961.9,FETUSDT
2020-03-16 00:00:00,0.01147,0.01147,0.0111,0.01126,1888996.1,FETUSDT
2020-03-16 04:00:00,0.01121,0.01133,0.00938,0.00948,13029858.9,FETUSDT
2020-03-16 08:00:00,0.00937,0.01186,0.00892,0.00915,10392745.1,FETUSDT
2020-03-16 12:00:00,0.00918,0.0105,0.00895,0.01038,10407945.9,FETUSDT
2020-03-16 16:00:00,0.01048,0.01067,0.00969,0.00979,3735803.2,FETUSDT
2020-03-16 20:00:00,0.00986,0.00999,0.00958,0.00987,3767072.8,FETUSDT
2020-03-17 00:00:00,0.0099,0.01067,0.00964,0.01053,12810742.8,FETUSDT
2020-03-17 04:00:00,0.01055,0.01122,0.01029,0.01101,18037298.4,FETUSDT
2020-03-17 08:00:00,0.01105,0.01153,0.01051,0.01075,16363618.6,FETUSDT
2020-03-17 12:00:00,0.01075,0.01115,0.0103,0.01102,17973356.4,FETUSDT
2020-03-17 16:00:00,0.01098,0.01125,0.01082,0.01095,15641723.2,FETUSDT
2020-03-17 20:00:00,0.01094,0.01195,0.0108,0.01088,18770049.1,FETUSDT
2020-03-18 00:00:00,0.01088,0.01109,0.01073,0.01095,15853526.7,FETUSDT
2020-03-18 04:00:00,0.01094,0.01105,0.01005,0.01015,14679095.1,FETUSDT
2020-03-18 08:00:00,0.01016,0.01039,0.01003,0.0102,9219119.1,FETUSDT
2020-03-18 12:00:00,0.01014,0.011,0.00987,0.01073,8711817.0,FETUSDT
2020-03-18 16:00:00,0.01071,0.01077,0.01024,0.01069,9263064.1,FETUSDT
2020-03-18 20:00:00,0.01069,0.01105,0.0106,0.01092,20093567.3,FETUSDT
2020-03-19 00:00:00,0.011,0.01178,0.01096,0.01151,17982132.0,FETUSDT
2020-03-19 04:00:00,0.01147,0.01195,0.01147,0.01187,15370492.4,FETUSDT
2020-03-19 08:00:00,0.01187,0.01243,0.01183,0.01224,14697696.0,FETUSDT
2020-03-19 12:00:00,0.01228,0.01271,0.01189,0.01231,15045142.2,FETUSDT
2020-03-19 16:00:00,0.01231,0.01307,0.01213,0.01278,18640527.1,FETUSDT
2020-03-19 20:00:00,0.01278,0.01335,0.01259,0.01264,15734542.8,FETUSDT
2020-03-20 00:00:00,0.01272,0.01371,0.01272,0.01301,14690416.6,FETUSDT
2020-03-20 04:00:00,0.01299,0.01519,0.01299,0.01484,21866473.7,FETUSDT
2020-03-20 08:00:00,0.01482,0.01547,0.01375,0.01425,15526704.1,FETUSDT
2020-03-20 12:00:00,0.01425,0.01438,0.01353,0.01412,10150602.1,FETUSDT
2020-03-20 16:00:00,0.01421,0.0145,0.01255,0.01266,12030821.0,FETUSDT
2020-03-20 20:00:00,0.01261,0.01324,0.0115,0.01311,17263363.0,FETUSDT
2020-03-21 00:00:00,0.01315,0.01365,0.01266,0.01331,14121806.4,FETUSDT
2020-03-21 04:00:00,0.01345,0.01346,0.01263,0.01282,5040673.7,FETUSDT
2020-03-21 08:00:00,0.01285,0.01285,0.01216,0.01265,8417729.7,FETUSDT
2020-03-21 12:00:00,0.01269,0.01315,0.01254,0.01308,10761898.6,FETUSDT
2020-03-21 16:00:00,0.01313,0.01373,0.01266,0.01362,11400156.0,FETUSDT
2020-03-21 20:00:00,0.01362,0.01394,0.01315,0.01353,14339021.7,FETUSDT
2020-03-22 00:00:00,0.01344,0.01388,0.01332,0.01373,14019287.5,FETUSDT
2020-03-22 04:00:00,0.0138,0.0139,0.01343,0.0135,8569452.1,FETUSDT
2020-03-22 08:00:00,0.01357,0.01374,0.01308,0.01319,13804206.1,FETUSDT
2020-03-22 12:00:00,0.01319,0.01319,0.01252,0.0128,13131026.7,FETUSDT
2020-03-22 16:00:00,0.01281,0.01298,0.01222,0.01222,8459615.6,FETUSDT
2020-03-22 20:00:00,0.0122,0.01273,0.0116,0.01187,15185641.5,FETUSDT
2020-03-23 00:00:00,0.01183,0.01299,0.0116,0.01214,11043531.2,FETUSDT
2020-03-23 04:00:00,0.01214,0.01242,0.01198,0.01204,10248305.1,FETUSDT
2020-03-23 08:00:00,0.01205,0.01211,0.0115,0.01189,9530247.4,FETUSDT
2020-03-23 12:00:00,0.01195,0.01314,0.01195,0.01266,14366566.0,FETUSDT
2020-03-23 16:00:00,0.01268,0.013,0.01268,0.01285,9903452.1,FETUSDT
2020-03-23 20:00:00,0.01285,0.01354,0.01285,0.01348,14782981.3,FETUSDT
2020-03-24 00:00:00,0.01348,0.0144,0.01345,0.01352,16665422.2,FETUSDT
2020-03-24 04:00:00,0.01352,0.0136,0.01298,0.01325,10542851.8,FETUSDT
2020-03-24 08:00:00,0.01325,0.01402,0.01324,0.014,8843734.0,FETUSDT
2020-03-24 12:00:00,0.01411,0.01411,0.0131,0.01325,10346271.3,FETUSDT
2020-03-24 16:00:00,0.01325,0.01369,0.01316,0.01367,6798035.2,FETUSDT
2020-03-24 20:00:00,0.01366,0.01375,0.0134,0.01374,11187545.1,FETUSDT
2020-03-25 00:00:00,0.01368,0.01371,0.01337,0.0136,8738034.3,FETUSDT
2020-03-25 04:00:00,0.01352,0.01382,0.0135,0.01367,5365863.3,FETUSDT
2020-03-25 08:00:00,0.01373,0.01408,0.01313,0.01333,11688615.6,FETUSDT
2020-03-25 12:00:00,0.01333,0.01395,0.01327,0.0136,8226448.6,FETUSDT
2020-03-25 16:00:00,0.01355,0.0138,0.01354,0.01372,6451351.5,FETUSDT
2020-03-25 20:00:00,0.0136,0.01447,0.0135,0.0143,8482224.5,FETUSDT
2020-03-26 00:00:00,0.01436,0.0145,0.01402,0.01424,8831370.4,FETUSDT
2020-03-26 04:00:00,0.01425,0.01444,0.01392,0.01418,8873969.7,FETUSDT
2020-03-26 08:00:00,0.01421,0.01448,0.01403,0.01426,8715453.7,FETUSDT
2020-03-26 12:00:00,0.01428,0.01436,0.01362,0.01388,6601693.8,FETUSDT
2020-03-26 16:00:00,0.01388,0.01407,0.01367,0.01407,5493043.0,FETUSDT
2020-03-26 20:00:00,0.01407,0.01431,0.01394,0.01429,6263849.3,FETUSDT
2020-03-27 00:00:00,0.01433,0.01457,0.01409,0.0142,7540545.9,FETUSDT
2020-03-27 04:00:00,0.0142,0.0143,0.01379,0.01404,9842760.3,FETUSDT
2020-03-27 08:00:00,0.01409,0.0149,0.01401,0.01449,15356165.7,FETUSDT
2020-03-27 12:00:00,0.01447,0.01475,0.0143,0.01451,11067789.3,FETUSDT
2020-03-27 16:00:00,0.01443,0.01571,0.01441,0.0153,11251596.2,FETUSDT
2020-03-27 20:00:00,0.01535,0.01555,0.01388,0.01405,13091781.8,FETUSDT
2020-03-28 00:00:00,0.014,0.014,0.01294,0.01306,10814999.3,FETUSDT
2020-03-28 04:00:00,0.01308,0.01357,0.01305,0.01323,8278596.4,FETUSDT
2020-03-28 08:00:00,0.01323,0.01366,0.01318,0.01341,7707935.7,FETUSDT
2020-03-28 12:00:00,0.0134,0.01368,0.01326,0.01362,11698222.7,FETUSDT
2020-03-28 16:00:00,0.01367,0.01372,0.01282,0.01358,11887368.7,FETUSDT
2020-03-28 20:00:00,0.0136,0.0138,0.01349,0.01354,5269080.4,FETUSDT
2020-03-29 00:00:00,0.01357,0.01369,0.01332,0.01354,8222366.6,FETUSDT
2020-03-29 04:00:00,0.01345,0.01369,0.01341,0.01358,7526061.6,FETUSDT
2020-03-29 08:00:00,0.01353,0.01374,0.01335,0.01359,9629991.7,FETUSDT
2020-03-29 12:00:00,0.01356,0.01368,0.01337,0.01359,9811692.2,FETUSDT
2020-03-29 16:00:00,0.01352,0.01355,0.01255,0.01255,11149871.6,FETUSDT
2020-03-29 20:00:00,0.01256,0.01279,0.0125,0.0125,8124934.6,FETUSDT
2020-03-30 00:00:00,0.0125,0.01293,0.01239,0.01282,6982107.4,FETUSDT
2020-03-30 04:00:00,0.01285,0.01344,0.0128,0.01329,6898153.5,FETUSDT
2020-03-30 08:00:00,0.01337,0.01381,0.01326,0.0137,8076896.6,FETUSDT
2020-03-30 12:00:00,0.0137,0.01391,0.01351,0.01381,6292848.4,FETUSDT
2020-03-30 16:00:00,0.01381,0.0143,0.01371,0.0141,6926909.0,FETUSDT
2020-03-30 20:00:00,0.01411,0.01424,0.01377,0.01381,11213582.0,FETUSDT
2020-03-31 00:00:00,0.01378,0.01414,0.01376,0.01387,7367244.4,FETUSDT
2020-03-31 04:00:00,0.01381,0.01416,0.0137,0.0141,5863583.8,FETUSDT
2020-03-31 08:00:00,0.0141,0.0141,0.01382,0.01393,6445031.3,FETUSDT
2020-03-31 12:00:00,0.01393,0.0142,0.0138,0.01401,7786963.3,FETUSDT
2020-03-31 16:00:00,0.01407,0.01411,0.01391,0.01408,5375736.9,FETUSDT
2020-03-31 20:00:00,0.0141,0.01419,0.01387,0.01404,10627611.6,FETUSDT
2020-04-01 00:00:00,0.01403,0.01404,0.01342,0.01388,5467214.6,FETUSDT
2020-04-01 04:00:00,0.01388,0.014,0.01377,0.01388,7429452.4,FETUSDT
2020-04-01 08:00:00,0.01388,0.01397,0.01379,0.01383,5750778.7,FETUSDT
2020-04-01 12:00:00,0.01383,0.01384,0.01344,0.01361,2658532.2,FETUSDT
2020-04-01 16:00:00,0.01349,0.01361,0.01341,0.01353,3712183.2,FETUSDT
2020-04-01 20:00:00,0.01356,0.01433,0.01354,0.01411,5246147.7,FETUSDT
2020-04-02 00:00:00,0.01414,0.01427,0.01393,0.01409,4613513.4,FETUSDT
2020-04-02 04:00:00,0.01411,0.0145,0.014,0.01438,7673379.1,FETUSDT
2020-04-02 08:00:00,0.01446,0.0145,0.01428,0.01445,7120898.9,FETUSDT
2020-04-02 12:00:00,0.01445,0.0147,0.0142,0.0146,5931387.7,FETUSDT
2020-04-02 16:00:00,0.0147,0.01516,0.0142,0.01447,10971434.6,FETUSDT
2020-04-02 20:00:00,0.01441,0.01457,0.0142,0.01446,4058907.8,FETUSDT
2020-04-03 00:00:00,0.01446,0.01461,0.0143,0.01457,6038023.6,FETUSDT
2020-04-03 04:00:00,0.01461,0.01476,0.01435,0.01475,8783368.8,FETUSDT
2020-04-03 08:00:00,0.01475,0.01485,0.0146,0.01485,5940743.4,FETUSDT
2020-04-03 12:00:00,0.01486,0.0149,0.01424,0.01449,7997975.2,FETUSDT
2020-04-03 16:00:00,0.01449,0.01465,0.01423,0.0145,5770115.8,FETUSDT
2020-04-03 20:00:00,0.01458,0.01468,0.01422,0.01447,5592855.7,FETUSDT
2020-04-04 00:00:00,0.01448,0.01463,0.01441,0.01454,6444885.1,FETUSDT
2020-04-04 04:00:00,0.01443,0.0146,0.01439,0.01451,8007058.1,FETUSDT
2020-04-04 08:00:00,0.01453,0.01496,0.01443,0.0146,6833682.9,FETUSDT
2020-04-04 12:00:00,0.01457,0.01476,0.01434,0.01462,3248944.2,FETUSDT
2020-04-04 16:00:00,0.01466,0.01477,0.01456,0.01463,4237164.6,FETUSDT
2020-04-04 20:00:00,0.01461,0.01501,0.01449,0.01478,4158920.5,FETUSDT
2020-04-05 00:00:00,0.01483,0.015,0.01469,0.0147,6209929.6,FETUSDT
2020-04-05 04:00:00,0.01467,0.01475,0.01442,0.01458,4684940.9,FETUSDT
2020-04-05 08:00:00,0.01457,0.01469,0.01448,0.01462,3626925.0,FETUSDT
2020-04-05 12:00:00,0.01458,0.01478,0.01457,0.01459,2791534.9,FETUSDT
2020-04-05 16:00:00,0.01467,0.01475,0.01446,0.01453,3566467.7,FETUSDT
2020-04-05 20:00:00,0.0145,0.01451,0.0143,0.01437,5117345.8,FETUSDT
2020-04-06 00:00:00,0.01431,0.01462,0.01431,0.01452,2445559.9,FETUSDT
2020-04-06 04:00:00,0.01455,0.01518,0.01452,0.01483,7712882.6,FETUSDT
2020-04-06 08:00:00,0.01487,0.0152,0.01487,0.01505,4324129.1,FETUSDT
2020-04-06 12:00:00,0.01506,0.01534,0.0149,0.01533,8209181.6,FETUSDT
2020-04-06 16:00:00,0.01533,0.01569,0.01516,0.01567,8897963.4,FETUSDT
2020-04-06 20:00:00,0.01565,0.01582,0.01532,0.01573,4846837.5,FETUSDT
2020-04-07 00:00:00,0.01566,0.01598,0.01539,0.01557,2875548.6,FETUSDT
2020-04-07 04:00:00,0.0156,0.01615,0.01543,0.01601,5392515.7,FETUSDT
2020-04-07 08:00:00,0.01598,0.01643,0.01587,0.01618,7846301.5,FETUSDT
2020-04-07 12:00:00,0.01615,0.01631,0.01554,0.01569,7475607.1,FETUSDT
2020-04-07 16:00:00,0.01577,0.01624,0.01568,0.0157,6990898.8,FETUSDT
2020-04-07 20:00:00,0.01565,0.01565,0.01507,0.01564,6023730.1,FETUSDT
2020-04-08 00:00:00,0.01564,0.01598,0.01535,0.01591,4098030.4,FETUSDT
2020-04-08 04:00:00,0.01586,0.01599,0.01567,0.0158,4997028.1,FETUSDT
2020-04-08 08:00:00,0.0158,0.0158,0.01536,0.01555,8950681.9,FETUSDT
2020-04-08 12:00:00,0.01558,0.01562,0.01531,0.01554,4201446.2,FETUSDT
2020-04-08 16:00:00,0.01554,0.01573,0.01533,0.01571,4472018.5,FETUSDT
2020-04-08 20:00:00,0.0157,0.01617,0.0157,0.01609,10345665.3,FETUSDT
2020-04-09 00:00:00,0.01606,0.01607,0.01566,0.01572,4756614.5,FETUSDT
2020-04-09 04:00:00,0.01571,0.01604,0.01571,0.016,10642776.8,FETUSDT
2020-04-09 08:00:00,0.01598,0.017,0.01583,0.01583,9007195.5,FETUSDT
2020-04-09 12:00:00,0.01588,0.01644,0.01566,0.01633,6497595.6,FETUSDT
2020-04-09 16:00:00,0.01636,0.01749,0.01633,0.01657,15246015.8,FETUSDT
2020-04-09 20:00:00,0.01657,0.0171,0.01657,0.0167,8688123.4,FETUSDT
2020-04-10 00:00:00,0.01676,0.01676,0.01623,0.01623,6109001.1,FETUSDT
2020-04-10 04:00:00,0.01623,0.01623,0.01516,0.01531,9261080.6,FETUSDT
2020-04-10 08:00:00,0.0153,0.01546,0.0149,0.01501,8253670.4,FETUSDT
2020-04-10 12:00:00,0.015,0.01509,0.01429,0.01456,7792446.5,FETUSDT
2020-04-10 16:00:00,0.01454,0.0151,0.01454,0.01503,6712309.9,FETUSDT
2020-04-10 20:00:00,0.01504,0.01517,0.0147,0.01487,5082240.1,FETUSDT
2020-04-11 00:00:00,0.01487,0.01516,0.01485,0.0151,4654426.8,FETUSDT
2020-04-11 04:00:00,0.01517,0.01548,0.01511,0.01512,6838057.5,FETUSDT
2020-04-11 08:00:00,0.01518,0.01524,0.01494,0.01512,8368845.8,FETUSDT
2020-04-11 12:00:00,0.01514,0.01529,0.01478,0.0149,6435251.9,FETUSDT
2020-04-11 16:00:00,0.01489,0.01492,0.01465,0.01476,6236369.4,FETUSDT
2020-04-11 20:00:00,0.0147,0.01492,0.01446,0.01492,2499457.5,FETUSDT
2020-04-12 00:00:00,0.01492,0.01497,0.01481,0.01486,3166882.6,FETUSDT
2020-04-12 04:00:00,0.01482,0.01495,0.01475,0.01488,6290593.0,FETUSDT
2020-04-12 08:00:00,0.01488,0.01523,0.01486,0.01513,5779536.4,FETUSDT
2020-04-12 12:00:00,0.01521,0.01551,0.01513,0.01551,2891836.0,FETUSDT
2020-04-12 16:00:00,0.01552,0.01559,0.01529,0.01554,8550511.2,FETUSDT
2020-04-12 20:00:00,0.01554,0.01557,0.01505,0.01505,3390801.3,FETUSDT
2020-04-13 00:00:00,0.01504,0.01504,0.0143,0.01454,4958592.5,FETUSDT
2020-04-13 04:00:00,0.01454,0.01492,0.01447,0.01468,7165917.1,FETUSDT
2020-04-13 08:00:00,0.01465,0.01516,0.01448,0.0149,4841723.0,FETUSDT
2020-04-13 12:00:00,0.01483,0.01483,0.01445,0.01472,3700990.6,FETUSDT
2020-04-13 16:00:00,0.01472,0.01489,0.01459,0.01487,4061485.3,FETUSDT
2020-04-13 20:00:00,0.01488,0.01504,0.01483,0.01491,2169786.0,FETUSDT
2020-04-14 00:00:00,0.01493,0.01516,0.01488,0.01501,5889088.2,FETUSDT
2020-04-14 04:00:00,0.01506,0.0152,0.01489,0.01497,7382628.4,FETUSDT
2020-04-14 08:00:00,0.01485,0.01509,0.0147,0.01499,6706717.1,FETUSDT
2020-04-14 12:00:00,0.01497,0.01534,0.01497,0.01515,4756863.6,FETUSDT
2020-04-14 16:00:00,0.01512,0.0152,0.015,0.01504,4701195.4,FETUSDT
2020-04-14 20:00:00,0.01504,0.0151,0.01489,0.015,4459364.2,FETUSDT
2020-04-15 00:00:00,0.01507,0.01517,0.01477,0.01511,5939710.6,FETUSDT
2020-04-15 04:00:00,0.01518,0.01518,0.01486,0.01487,3273783.0,FETUSDT
2020-04-15 08:00:00,0.01491,0.01497,0.01476,0.01477,4095936.4,FETUSDT
2020-04-15 12:00:00,0.01477,0.01477,0.0143,0.01439,4421765.4,FETUSDT
2020-04-15 16:00:00,0.01436,0.01465,0.01436,0.01449,4457058.0,FETUSDT
2020-04-15 20:00:00,0.01453,0.01462,0.01407,0.01411,4464619.4,FETUSDT
2020-04-16 00:00:00,0.01407,0.0142,0.01352,0.01403,5505165.4,FETUSDT
2020-04-16 04:00:00,0.01404,0.01498,0.01391,0.0146,5664343.0,FETUSDT
2020-04-16 08:00:00,0.01467,0.0152,0.01462,0.01489,4772226.1,FETUSDT
2020-04-16 12:00:00,0.01489,0.01489,0.01464,0.01486,6001422.4,FETUSDT
2020-04-16 16:00:00,0.01482,0.01487,0.01468,0.01487,3114394.9,FETUSDT
2020-04-16 20:00:00,0.01478,0.01512,0.0147,0.01491,5532904.2,FETUSDT
2020-04-17 00:00:00,0.01491,0.01507,0.01469,0.01492,5128991.9,FETUSDT
2020-04-17 04:00:00,0.0148,0.0149,0.0147,0.01486,7263633.3,FETUSDT
2020-04-17 08:00:00,0.01484,0.0149,0.01476,0.01489,7960366.3,FETUSDT
2020-04-17 12:00:00,0.0149,0.01507,0.01481,0.01491,5253785.0,FETUSDT
2020-04-17 16:00:00,0.01497,0.01507,0.01487,0.01498,5604296.6,FETUSDT
2020-04-17 20:00:00,0.01496,0.01523,0.01496,0.01502,4241625.4,FETUSDT
2020-04-18 00:00:00,0.01501,0.01516,0.01501,0.01513,5117841.5,FETUSDT
2020-04-18 04:00:00,0.01516,0.01516,0.01504,0.01507,6254024.7,FETUSDT
2020-04-18 08:00:00,0.01507,0.01517,0.01503,0.01517,8305507.1,FETUSDT
2020-04-18 12:00:00,0.01514,0.0155,0.01504,0.01537,6401469.0,FETUSDT
2020-04-18 16:00:00,0.01541,0.01558,0.01529,0.01537,3318712.7,FETUSDT
2020-04-18 20:00:00,0.01539,0.01558,0.01536,0.01544,3959356.3,FETUSDT
2020-04-19 00:00:00,0.01544,0.01599,0.01541,0.01591,6014262.1,FETUSDT
2020-04-19 04:00:00,0.01591,0.01594,0.01553,0.01559,8909860.5,FETUSDT
2020-04-19 08:00:00,0.01556,0.01568,0.01544,0.01548,5661250.2,FETUSDT
2020-04-19 12:00:00,0.01554,0.01554,0.01499,0.01511,4116745.7,FETUSDT
2020-04-19 16:00:00,0.01508,0.0154,0.01508,0.01538,6590501.7,FETUSDT
2020-04-19 20:00:00,0.01531,0.01569,0.01531,0.01555,4408754.1,FETUSDT
2020-04-20 00:00:00,0.01554,0.01562,0.01539,0.01559,3354334.8,FETUSDT
2020-04-20 04:00:00,0.01559,0.01569,0.01554,0.01558,6942575.2,FETUSDT
2020-04-20 08:00:00,0.01558,0.0157,0.01494,0.01495,7185833.6,FETUSDT
2020-04-20 12:00:00,0.01494,0.01521,0.01475,0.01514,5140370.8,FETUSDT
2020-04-20 16:00:00,0.01514,0.01514,0.01419,0.01433,10125725.3,FETUSDT
2020-04-20 20:00:00,0.01425,0.01458,0.01422,0.01438,2725166.2,FETUSDT
2020-04-21 00:00:00,0.01438,0.01457,0.01435,0.01436,4481078.0,FETUSDT
2020-04-21 04:00:00,0.01436,0.0146,0.01435,0.01459,5501832.8,FETUSDT
2020-04-21 08:00:00,0.0146,0.01468,0.01417,0.01433,8355134.4,FETUSDT
2020-04-21 12:00:00,0.01432,0.01444,0.01413,0.0142,5329730.7,FETUSDT
2020-04-21 16:00:00,0.01424,0.01456,0.01418,0.01452,3948902.5,FETUSDT
2020-04-21 20:00:00,0.01451,0.01457,0.01441,0.01441,4213020.8,FETUSDT
2020-04-22 00:00:00,0.01443,0.01456,0.01432,0.01447,4278526.9,FETUSDT
2020-04-22 04:00:00,0.01447,0.01493,0.01441,0.01467,6454965.0,FETUSDT
2020-04-22 08:00:00,0.01463,0.01473,0.01463,0.01469,6918319.5,FETUSDT
2020-04-22 12:00:00,0.01471,0.01505,0.01468,0.01493,5247337.6,FETUSDT
2020-04-22 16:00:00,0.01496,0.01499,0.01477,0.01488,5029299.6,FETUSDT
2020-04-22 20:00:00,0.01488,0.01492,0.01482,0.01489,4678547.9,FETUSDT
2020-04-23 00:00:00,0.01486,0.01505,0.01486,0.01493,5369244.8,FETUSDT
2020-04-23 04:00:00,0.01491,0.01503,0.01468,0.01475,6419309.1,FETUSDT
2020-04-23 08:00:00,0.01479,0.015,0.01476,0.015,8221382.8,FETUSDT
2020-04-23 12:00:00,0.01495,0.01594,0.01495,0.01521,13870739.6,FETUSDT
2020-04-23 16:00:00,0.01529,0.01551,0.01515,0.01537,4222525.7,FETUSDT
2020-04-23 20:00:00,0.01531,0.01567,0.0153,0.01536,4555779.4,FETUSDT
2020-04-24 00:00:00,0.01536,0.01572,0.01536,0.01559,4122468.3,FETUSDT
2020-04-24 04:00:00,0.0156,0.0158,0.01558,0.01575,6147014.1,FETUSDT
2020-04-24 08:00:00,0.01579,0.0158,0.01538,0.01538,5206590.7,FETUSDT
2020-04-24 12:00:00,0.01537,0.01599,0.01532,0.0159,6914112.0,FETUSDT
2020-04-24 16:00:00,0.0159,0.01712,0.01588,0.01699,22011964.9,FETUSDT
2020-04-24 20:00:00,0.017,0.01708,0.0166,0.01693,5751101.7,FETUSDT
2020-04-25 00:00:00,0.01689,0.01689,0.01628,0.01652,4396576.4,FETUSDT
2020-04-25 04:00:00,0.01651,0.01838,0.01648,0.01829,10403265.6,FETUSDT
2020-04-25 08:00:00,0.01829,0.01987,0.01757,0.01911,44203287.7,FETUSDT
2020-04-25 12:00:00,0.01913,0.0196,0.01822,0.01837,33625461.0,FETUSDT
2020-04-25 16:00:00,0.01833,0.01897,0.01812,0.01877,12710265.4,FETUSDT
2020-04-25 20:00:00,0.01876,0.02075,0.01876,0.02032,24703929.0,FETUSDT
2020-04-26 00:00:00,0.02022,0.021,0.0196,0.0198,16848887.8,FETUSDT
2020-04-26 04:00:00,0.01968,0.02077,0.01933,0.02048,14913295.4,FETUSDT
2020-04-26 08:00:00,0.02044,0.02044,0.01901,0.01951,20280631.7,FETUSDT
2020-04-26 12:00:00,0.01951,0.01981,0.01853,0.0186,13932220.6,FETUSDT
2020-04-26 16:00:00,0.0186,0.01911,0.01852,0.01894,6977557.7,FETUSDT
2020-04-26 20:00:00,0.01888,0.01913,0.0184,0.01874,7846135.4,FETUSDT
2020-04-27 00:00:00,0.0188,0.0194,0.01856,0.01916,7483771.1,FETUSDT
2020-04-27 04:00:00,0.01918,0.01954,0.01821,0.01892,13672913.8,FETUSDT
2020-04-27 08:00:00,0.01893,0.01952,0.01858,0.01877,8734432.0,FETUSDT
2020-04-27 12:00:00,0.01869,0.01895,0.01811,0.01844,6057480.7,FETUSDT
2020-04-27 16:00:00,0.01839,0.01899,0.01794,0.01878,4785770.4,FETUSDT
2020-04-27 20:00:00,0.01878,0.02042,0.01874,0.02023,12760707.6,FETUSDT
2020-04-28 00:00:00,0.02031,0.02031,0.01898,0.01919,8680519.6,FETUSDT
2020-04-28 04:00:00,0.01919,0.02,0.01886,0.01944,8583347.0,FETUSDT
2020-04-28 08:00:00,0.01944,0.0207,0.0192,0.02,15597552.6,FETUSDT
2020-04-28 12:00:00,0.01998,0.02059,0.0197,0.02026,9369322.1,FETUSDT
2020-04-28 16:00:00,0.02031,0.0215,0.02002,0.0207,8922669.9,FETUSDT
2020-04-28 20:00:00,0.02074,0.02099,0.02007,0.02055,6099274.6,FETUSDT
2020-04-29 00:00:00,0.02055,0.0209,0.02032,0.02057,3549655.2,FETUSDT
2020-04-29 04:00:00,0.02056,0.02059,0.01969,0.01985,9774440.1,FETUSDT
2020-04-29 08:00:00,0.01985,0.02025,0.0198,0.01997,10028323.8,FETUSDT
2020-04-29 12:00:00,0.02,0.02042,0.01992,0.0203,9830957.1,FETUSDT
2020-04-29 16:00:00,0.02032,0.02103,0.02002,0.02068,15944312.8,FETUSDT
2020-04-29 20:00:00,0.02076,0.02097,0.02055,0.02094,7889501.4,FETUSDT
2020-04-30 00:00:00,0.02095,0.02212,0.02093,0.02159,16247232.8,FETUSDT
2020-04-30 04:00:00,0.02159,0.0224,0.02105,0.0213,13325044.9,FETUSDT
2020-04-30 08:00:00,0.02131,0.02144,0.01944,0.02038,13007702.4,FETUSDT
2020-04-30 12:00:00,0.0203,0.02094,0.02013,0.02065,3684540.2,FETUSDT
2020-04-30 16:00:00,0.02067,0.02067,0.0196,0.0203,5869187.0,FETUSDT
2020-04-30 20:00:00,0.02029,0.02039,0.01992,0.01997,3139532.4,FETUSDT
2020-05-01 00:00:00,0.02004,0.02163,0.02004,0.02088,4870352.8,FETUSDT
2020-05-01 04:00:00,0.02088,0.02169,0.02088,0.02141,3829543.8,FETUSDT
2020-05-01 08:00:00,0.02141,0.02155,0.0204,0.02057,7375570.9,FETUSDT
2020-05-01 12:00:00,0.02062,0.0208,0.02022,0.02034,3782832.8,FETUSDT
2020-05-01 16:00:00,0.0203,0.02062,0.02016,0.02048,3824631.2,FETUSDT
2020-05-01 20:00:00,0.02043,0.02068,0.0204,0.02053,2709501.3,FETUSDT
2020-05-02 00:00:00,0.02045,0.02091,0.0204,0.02084,4504003.7,FETUSDT
2020-05-02 04:00:00,0.02084,0.02121,0.02067,0.02103,5841537.2,FETUSDT
2020-05-02 08:00:00,0.02102,0.02134,0.02061,0.02067,4499182.3,FETUSDT
2020-05-02 12:00:00,0.02068,0.02073,0.0205,0.02061,4712501.8,FETUSDT
2020-05-02 16:00:00,0.02059,0.02079,0.02023,0.02041,5121164.8,FETUSDT
2020-05-02 20:00:00,0.02042,0.02043,0.0195,0.02029,6435864.2,FETUSDT
2020-05-03 00:00:00,0.02029,0.02042,0.01992,0.02015,4636910.9,FETUSDT
2020-05-03 04:00:00,0.02016,0.02017,0.01959,0.01977,5911032.6,FETUSDT
2020-05-03 08:00:00,0.01977,0.02024,0.01971,0.02,5667070.7,FETUSDT
2020-05-03 12:00:00,0.02,0.02002,0.01901,0.01913,6103541.5,FETUSDT
2020-05-03 16:00:00,0.01915,0.01958,0.01914,0.01946,4115168.9,FETUSDT
2020-05-03 20:00:00,0.01947,0.02015,0.01945,0.02005,3919419.2,FETUSDT
2020-05-04 00:00:00,0.02005,0.02015,0.01891,0.01916,3844870.7,FETUSDT
2020-05-04 04:00:00,0.01911,0.01911,0.01803,0.01843,7704340.8,FETUSDT
2020-05-04 08:00:00,0.01846,0.01863,0.01826,0.0184,4657968.5,FETUSDT
2020-05-04 12:00:00,0.01842,0.01925,0.01841,0.0192,6512036.1,FETUSDT
2020-05-04 16:00:00,0.01925,0.01931,0.01874,0.01892,2606322.7,FETUSDT
2020-05-04 20:00:00,0.01892,0.01915,0.01889,0.0189,2413387.0,FETUSDT
2020-05-05 00:00:00,0.01895,0.01911,0.01865,0.01886,2861301.8,FETUSDT
2020-05-05 04:00:00,0.01888,0.01907,0.01879,0.0189,3544177.3,FETUSDT
2020-05-05 08:00:00,0.01896,0.0191,0.01824,0.01852,6451898.7,FETUSDT
2020-05-05 12:00:00,0.01855,0.01914,0.0185,0.01888,6403602.7,FETUSDT
2020-05-05 16:00:00,0.01888,0.02018,0.01888,0.01975,8571219.7,FETUSDT
2020-05-05 20:00:00,0.01975,0.02008,0.01959,0.01959,3321749.0,FETUSDT
2020-05-06 00:00:00,0.01959,0.01972,0.01932,0.01965,2119631.2,FETUSDT
2020-05-06 04:00:00,0.01953,0.01969,0.01931,0.01969,3301012.9,FETUSDT
2020-05-06 08:00:00,0.01966,0.01988,0.0192,0.01956,4566024.9,FETUSDT
2020-05-06 12:00:00,0.01951,0.01963,0.01928,0.0194,4897843.6,FETUSDT
2020-05-06 16:00:00,0.01941,0.01949,0.01915,0.01949,3110617.3,FETUSDT
2020-05-06 20:00:00,0.01947,0.01948,0.0184,0.01852,5315224.7,FETUSDT
2020-05-07 00:00:00,0.01844,0.0192,0.0184,0.01893,3646138.3,FETUSDT
2020-05-07 04:00:00,0.01899,0.01917,0.01887,0.01887,1323951.8,FETUSDT
2020-05-07 08:00:00,0.01887,0.019,0.01825,0.01833,6181983.7,FETUSDT
2020-05-07 12:00:00,0.01836,0.0184,0.01749,0.0178,10025213.0,FETUSDT
2020-05-07 16:00:00,0.01787,0.0184,0.01734,0.01789,7817029.9,FETUSDT
2020-05-07 20:00:00,0.0179,0.01815,0.01784,0.01806,4096983.7,FETUSDT
2020-05-08 00:00:00,0.018,0.01856,0.018,0.01848,4660664.3,FETUSDT
2020-05-08 04:00:00,0.01849,0.01853,0.01809,0.01846,4340396.3,FETUSDT
2020-05-08 08:00:00,0.01853,0.01876,0.0183,0.01839,2974416.6,FETUSDT
2020-05-08 12:00:00,0.01833,0.0189,0.01823,0.01881,4214193.5,FETUSDT
2020-05-08 16:00:00,0.01881,0.01943,0.01875,0.01894,5211462.4,FETUSDT
2020-05-08 20:00:00,0.01894,0.0192,0.01879,0.01889,3788946.5,FETUSDT
2020-05-09 00:00:00,0.01881,0.01977,0.01872,0.01944,5144218.1,FETUSDT
2020-05-09 04:00:00,0.0195,0.0196,0.01905,0.01952,4288567.8,FETUSDT
2020-05-09 08:00:00,0.01947,0.01965,0.01887,0.01919,4794182.4,FETUSDT
2020-05-09 12:00:00,0.01918,0.01921,0.019,0.01908,4502558.8,FETUSDT
2020-05-09 16:00:00,0.01902,0.01914,0.01881,0.01906,3622189.0,FETUSDT
2020-05-09 20:00:00,0.01903,0.01907,0.01874,0.01879,5798658.0,FETUSDT
2020-05-10 00:00:00,0.01873,0.01874,0.01547,0.01639,15391704.8,FETUSDT
2020-05-10 04:00:00,0.01628,0.01699,0.01602,0.01684,3666234.9,FETUSDT
2020-05-10 08:00:00,0.01683,0.01719,0.0168,0.01702,4377130.9,FETUSDT
2020-05-10 12:00:00,0.01717,0.01837,0.01704,0.01786,7521517.2,FETUSDT
2020-05-10 16:00:00,0.01788,0.0183,0.01707,0.01714,4238187.4,FETUSDT
2020-05-10 20:00:00,0.01718,0.0178,0.01718,0.01768,5443847.2,FETUSDT
2020-05-11 00:00:00,0.0177,0.0179,0.01766,0.0178,2585808.5,FETUSDT
2020-05-11 04:00:00,0.01777,0.0181,0.01775,0.01798,4406753.8,FETUSDT
2020-05-11 08:00:00,0.01809,0.01809,0.01742,0.01769,4735399.2,FETUSDT
2020-05-11 12:00:00,0.01766,0.01777,0.0171,0.0176,6162531.3,FETUSDT
2020-05-11 16:00:00,0.0176,0.01768,0.01624,0.01715,5386418.5,FETUSDT
2020-05-11 20:00:00,0.01719,0.01724,0.01685,0.01697,4544035.2,FETUSDT
2020-05-12 00:00:00,0.01699,0.01727,0.01667,0.01725,4632044.7,FETUSDT
2020-05-12 04:00:00,0.01716,0.01761,0.01711,0.01739,4306006.2,FETUSDT
2020-05-12 08:00:00,0.01729,0.01785,0.01726,0.01777,4278786.8,FETUSDT
2020-05-12 12:00:00,0.01783,0.01804,0.01751,0.01781,3227413.0,FETUSDT
2020-05-12 16:00:00,0.01771,0.01831,0.01756,0.01798,4828922.5,FETUSDT
2020-05-12 20:00:00,0.018,0.01808,0.01739,0.01785,5558099.0,FETUSDT
2020-05-13 00:00:00,0.01785,0.01842,0.01785,0.01816,6439225.8,FETUSDT
2020-05-13 04:00:00,0.0182,0.01833,0.01777,0.01793,5227820.8,FETUSDT
2020-05-13 08:00:00,0.01783,0.01805,0.01773,0.01797,6646070.1,FETUSDT
2020-05-13 12:00:00,0.0179,0.01835,0.01784,0.01824,4271352.7,FETUSDT
2020-05-13 16:00:00,0.0183,0.01908,0.01803,0.01864,14750955.6,FETUSDT
2020-05-13 20:00:00,0.01864,0.01884,0.01838,0.01853,14454298.6,FETUSDT
2020-05-14 00:00:00,0.01853,0.01885,0.0183,0.01875,8576860.8,FETUSDT
2020-05-14 04:00:00,0.01865,0.01944,0.01865,0.01908,9575393.7,FETUSDT
2020-05-14 08:00:00,0.01911,0.01946,0.01884,0.019,7519649.1,FETUSDT
2020-05-14 12:00:00,0.01904,0.01905,0.01883,0.01888,9077850.4,FETUSDT
2020-05-14 16:00:00,0.01893,0.01902,0.01858,0.01902,8519415.4,FETUSDT
2020-05-14 20:00:00,0.01891,0.01948,0.01885,0.01944,16389428.5,FETUSDT
2020-05-15 00:00:00,0.01948,0.02039,0.01901,0.01985,9120419.4,FETUSDT
2020-05-15 04:00:00,0.01977,0.02039,0.01961,0.02024,8689442.6,FETUSDT
2020-05-15 08:00:00,0.02034,0.02039,0.01985,0.02,12242235.9,FETUSDT
2020-05-15 12:00:00,0.01995,0.02005,0.01963,0.01981,11935213.0,FETUSDT
2020-05-15 16:00:00,0.01975,0.02081,0.0197,0.02019,12641689.6,FETUSDT
2020-05-15 20:00:00,0.02016,0.02017,0.01944,0.0195,15934591.8,FETUSDT
2020-05-16 00:00:00,0.01951,0.02013,0.0194,0.02006,11581526.9,FETUSDT
2020-05-16 04:00:00,0.02014,0.02181,0.02008,0.02093,15980285.7,FETUSDT
2020-05-16 08:00:00,0.02093,0.02221,0.02083,0.02165,18108902.1,FETUSDT
2020-05-16 12:00:00,0.02165,0.02234,0.0211,0.02174,15415547.0,FETUSDT
2020-05-16 16:00:00,0.02174,0.02216,0.02102,0.02133,13008163.0,FETUSDT
2020-05-16 20:00:00,0.02137,0.02156,0.02126,0.02156,14135010.8,FETUSDT
2020-05-17 00:00:00,0.02146,0.02244,0.02141,0.02155,12388610.2,FETUSDT
2020-05-17 04:00:00,0.02156,0.02183,0.0213,0.0216,4746185.6,FETUSDT
2020-05-17 08:00:00,0.02159,0.02173,0.02065,0.02084,16097837.0,FETUSDT
2020-05-17 12:00:00,0.0209,0.02104,0.0204,0.02054,10042176.1,FETUSDT
2020-05-17 16:00:00,0.0206,0.02092,0.0205,0.02087,11246104.2,FETUSDT
2020-05-17 20:00:00,0.02087,0.02094,0.02042,0.02058,9738106.3,FETUSDT
2020-05-18 00:00:00,0.02058,0.02097,0.02058,0.0209,11171075.3,FETUSDT
2020-05-18 04:00:00,0.0209,0.02095,0.02057,0.02087,5410051.8,FETUSDT
2020-05-18 08:00:00,0.02087,0.02088,0.02017,0.02028,6043833.1,FETUSDT
2020-05-18 12:00:00,0.02025,0.02039,0.02013,0.0202,6494012.5,FETUSDT
2020-05-18 16:00:00,0.02022,0.02028,0.0201,0.02021,6732839.6,FETUSDT
2020-05-18 20:00:00,0.02025,0.02036,0.02013,0.02023,4950608.8,FETUSDT
2020-05-19 00:00:00,0.02023,0.02023,0.01976,0.01981,10694415.6,FETUSDT
2020-05-19 04:00:00,0.01981,0.01995,0.01965,0.01971,9558381.2,FETUSDT
2020-05-19 08:00:00,0.01976,0.02054,0.01969,0.0205,10063801.9,FETUSDT
2020-05-19 12:00:00,0.0205,0.02055,0.02016,0.0205,5373245.9,FETUSDT
2020-05-19 16:00:00,0.0205,0.02056,0.02021,0.02028,5101355.5,FETUSDT
2020-05-19 20:00:00,0.02029,0.02051,0.02027,0.0205,10451029.7,FETUSDT
2020-05-20 00:00:00,0.02043,0.02064,0.02029,0.02056,11217575.8,FETUSDT
2020-05-20 04:00:00,0.02056,0.02067,0.0202,0.0202,10265289.2,FETUSDT
2020-05-20 08:00:00,0.02022,0.02041,0.02015,0.02016,6859114.2,FETUSDT
2020-05-20 12:00:00,0.0202,0.0208,0.01912,0.0193,12023467.7,FETUSDT
2020-05-20 16:00:00,0.0193,0.01999,0.01885,0.01997,9188377.7,FETUSDT
2020-05-20 20:00:00,0.01993,0.0201,0.01948,0.01967,7651990.1,FETUSDT
2020-05-21 00:00:00,0.01962,0.01979,0.01947,0.01963,6732942.8,FETUSDT
2020-05-21 04:00:00,0.0197,0.01989,0.01954,0.0198,11840367.6,FETUSDT
2020-05-21 08:00:00,0.01981,0.01983,0.01917,0.01952,15819051.1,FETUSDT
2020-05-21 12:00:00,0.01955,0.01961,0.01843,0.01876,14742909.7,FETUSDT
2020-05-21 16:00:00,0.01884,0.01893,0.01831,0.01874,11558050.7,FETUSDT
2020-05-21 20:00:00,0.01871,0.01952,0.01866,0.01915,10318728.2,FETUSDT
2020-05-22 00:00:00,0.0191,0.01937,0.01898,0.01902,7811572.2,FETUSDT
2020-05-22 04:00:00,0.01912,0.02018,0.01896,0.02018,16092227.0,FETUSDT
2020-05-22 08:00:00,0.02017,0.02035,0.01991,0.02028,13791884.0,FETUSDT
2020-05-22 12:00:00,0.02028,0.02093,0.02026,0.0207,9747645.1,FETUSDT
2020-05-22 16:00:00,0.0207,0.0207,0.02025,0.02045,11422867.3,FETUSDT
2020-05-22 20:00:00,0.02045,0.02049,0.02025,0.02034,9913304.9,FETUSDT
2020-05-23 00:00:00,0.02041,0.02072,0.02036,0.02068,15139457.8,FETUSDT
2020-05-23 04:00:00,0.02071,0.02091,0.02057,0.02078,14927120.4,FETUSDT
2020-05-23 08:00:00,0.02078,0.02079,0.01978,0.0201,12499226.1,FETUSDT
2020-05-23 12:00:00,0.02007,0.02017,0.01966,0.01986,6253890.3,FETUSDT
2020-05-23 16:00:00,0.01991,0.02007,0.01962,0.02003,12123017.7,FETUSDT
2020-05-23 20:00:00,0.02006,0.02031,0.01993,0.02003,12854916.8,FETUSDT
2020-05-24 00:00:00,0.01996,0.02016,0.01988,0.02015,12338189.0,FETUSDT
2020-05-24 04:00:00,0.0201,0.02043,0.0201,0.02026,14448518.1,FETUSDT
2020-05-24 08:00:00,0.02032,0.02094,0.02012,0.02029,13454124.1,FETUSDT
2020-05-24 12:00:00,0.02023,0.0206,0.01984,0.02004,7724428.1,FETUSDT
2020-05-24 16:00:00,0.02004,0.02004,0.01889,0.01981,12647600.8,FETUSDT
2020-05-24 20:00:00,0.01981,0.021,0.01952,0.01999,15101620.7,FETUSDT
2020-05-25 00:00:00,0.01999,0.02179,0.01967,0.02125,16178499.5,FETUSDT
2020-05-25 04:00:00,0.02127,0.02184,0.02095,0.02122,11520670.6,FETUSDT
2020-05-25 08:00:00,0.02122,0.02197,0.0207,0.02183,15041114.0,FETUSDT
2020-05-25 12:00:00,0.02183,0.0228,0.02146,0.02157,20264139.3,FETUSDT
2020-05-25 16:00:00,0.02161,0.02207,0.02128,0.0219,11247501.0,FETUSDT
2020-05-25 20:00:00,0.02188,0.02299,0.02188,0.02256,11318985.7,FETUSDT
2020-05-26 00:00:00,0.02273,0.02279,0.02205,0.02272,12677680.4,FETUSDT
2020-05-26 04:00:00,0.02271,0.02592,0.0227,0.02487,30708013.6,FETUSDT
2020-05-26 08:00:00,0.02488,0.02505,0.02348,0.02455,14934866.7,FETUSDT
2020-05-26 12:00:00,0.02447,0.02506,0.0224,0.02247,15536647.6,FETUSDT
2020-05-26 16:00:00,0.02247,0.024,0.02238,0.02389,11564693.0,FETUSDT
2020-05-26 20:00:00,0.02393,0.02456,0.02368,0.02386,12182902.0,FETUSDT
2020-05-27 00:00:00,0.0238,0.02389,0.02267,0.02315,9534708.0,FETUSDT
2020-05-27 04:00:00,0.0231,0.02325,0.02276,0.02285,4609964.1,FETUSDT
2020-05-27 08:00:00,0.02285,0.02316,0.02168,0.0223,13404905.1,FETUSDT
2020-05-27 12:00:00,0.02229,0.02271,0.02209,0.02253,4828105.1,FETUSDT
2020-05-27 16:00:00,0.02256,0.02279,0.02217,0.02233,3068800.5,FETUSDT
2020-05-27 20:00:00,0.02226,0.02314,0.02224,0.02294,9024386.5,FETUSDT
2020-05-28 00:00:00,0.02287,0.023,0.02254,0.02265,4594125.2,FETUSDT
2020-05-28 04:00:00,0.02259,0.02259,0.02187,0.022,6371860.8,FETUSDT
2020-05-28 08:00:00,0.02204,0.02219,0.02175,0.02188,6352068.7,FETUSDT
2020-05-28 12:00:00,0.02182,0.02191,0.02102,0.02158,12388946.8,FETUSDT
2020-05-28 16:00:00,0.02159,0.02227,0.02155,0.02206,7210449.7,FETUSDT
2020-05-28 20:00:00,0.02206,0.02263,0.02193,0.02211,8366637.0,FETUSDT
2020-05-29 00:00:00,0.02211,0.02224,0.02183,0.02209,7180358.6,FETUSDT
2020-05-29 04:00:00,0.0221,0.02259,0.02203,0.02251,6401985.0,FETUSDT
2020-05-29 08:00:00,0.02258,0.02277,0.02192,0.02214,6033670.6,FETUSDT
2020-05-29 12:00:00,0.02211,0.02269,0.02202,0.0226,6259850.2,FETUSDT
2020-05-29 16:00:00,0.02266,0.02329,0.02259,0.02287,8931821.8,FETUSDT
2020-05-29 20:00:00,0.02285,0.02324,0.02267,0.02271,12593004.1,FETUSDT
2020-05-30 00:00:00,0.02271,0.02354,0.02267,0.02354,7362166.8,FETUSDT
2020-05-30 04:00:00,0.02349,0.02395,0.0231,0.02323,8492707.8,FETUSDT
2020-05-30 08:00:00,0.02324,0.02331,0.02294,0.02301,5381356.8,FETUSDT
2020-05-30 12:00:00,0.02308,0.0232,0.02239,0.02279,7313021.6,FETUSDT
2020-05-30 16:00:00,0.02279,0.02314,0.02273,0.0228,5896898.9,FETUSDT
2020-05-30 20:00:00,0.02281,0.02291,0.022,0.02242,10801965.9,FETUSDT
2020-05-31 00:00:00,0.02239,0.02283,0.02221,0.0223,6994979.5,FETUSDT
2020-05-31 04:00:00,0.02224,0.0227,0.0221,0.02254,5105492.1,FETUSDT
2020-05-31 08:00:00,0.02255,0.0229,0.02241,0.02266,11233059.3,FETUSDT
2020-05-31 12:00:00,0.02266,0.02446,0.02265,0.02368,25097721.3,FETUSDT
2020-05-31 16:00:00,0.02369,0.024,0.02311,0.02364,13880940.8,FETUSDT
2020-05-31 20:00:00,0.02366,0.02379,0.0215,0.02233,16292285.8,FETUSDT
2020-06-01 00:00:00,0.02214,0.02286,0.02214,0.02281,4452852.1,FETUSDT
2020-06-01 04:00:00,0.0228,0.02394,0.0228,0.02357,6696861.7,FETUSDT
2020-06-01 08:00:00,0.0235,0.02422,0.023,0.02405,6929416.4,FETUSDT
2020-06-01 12:00:00,0.0242,0.0242,0.02364,0.02372,3426100.7,FETUSDT
2020-06-01 16:00:00,0.02373,0.02373,0.02315,0.02332,3235117.3,FETUSDT
2020-06-01 20:00:00,0.02332,0.02452,0.02289,0.02372,9542493.4,FETUSDT
2020-06-02 00:00:00,0.02372,0.02492,0.02364,0.02428,5322158.6,FETUSDT
2020-06-02 04:00:00,0.02428,0.02429,0.02367,0.02376,5400832.8,FETUSDT
2020-06-02 08:00:00,0.02389,0.0252,0.02361,0.02487,5726430.1,FETUSDT
2020-06-02 12:00:00,0.02487,0.02487,0.02066,0.02272,16899319.9,FETUSDT
2020-06-02 16:00:00,0.02272,0.02309,0.02271,0.02309,1583558.3,FETUSDT
2020-06-02 20:00:00,0.02309,0.02334,0.02285,0.02303,8123330.1,FETUSDT
2020-06-03 00:00:00,0.02294,0.0234,0.02294,0.02322,4431342.1,FETUSDT
2020-06-03 04:00:00,0.02313,0.02385,0.02295,0.02367,6727557.1,FETUSDT
2020-06-03 08:00:00,0.02362,0.02433,0.0236,0.02433,4914680.5,FETUSDT
2020-06-03 12:00:00,0.02433,0.02498,0.02414,0.02467,10740469.6,FETUSDT
2020-06-03 16:00:00,0.02455,0.02481,0.02427,0.02453,6495620.1,FETUSDT
2020-06-03 20:00:00,0.0245,0.02498,0.02437,0.02496,5126762.7,FETUSDT
2020-06-04 00:00:00,0.02495,0.025,0.0246,0.02499,6464553.3,FETUSDT
2020-06-04 04:00:00,0.02496,0.02497,0.02401,0.02416,5354733.4,FETUSDT
2020-06-04 08:00:00,0.02427,0.0248,0.02362,0.02401,7355179.5,FETUSDT
2020-06-04 12:00:00,0.02406,0.0248,0.0239,0.02438,5146808.2,FETUSDT
2020-06-04 16:00:00,0.02444,0.02444,0.02381,0.02413,3982302.4,FETUSDT
2020-06-04 20:00:00,0.0243,0.02452,0.02392,0.02452,4319924.3,FETUSDT
2020-06-05 00:00:00,0.02449,0.0248,0.02436,0.02465,6064879.0,FETUSDT
2020-06-05 04:00:00,0.02467,0.02468,0.02446,0.02457,4985481.0,FETUSDT
2020-06-05 08:00:00,0.02457,0.0246,0.02406,0.0243,6328506.6,FETUSDT
2020-06-05 12:00:00,0.02435,0.02455,0.02405,0.02408,4761113.8,FETUSDT
2020-06-05 16:00:00,0.02408,0.02424,0.02404,0.02413,5642700.2,FETUSDT
2020-06-05 20:00:00,0.02412,0.02488,0.02396,0.02481,5530591.8,FETUSDT
2020-06-06 00:00:00,0.02481,0.02481,0.02451,0.02452,3441913.5,FETUSDT
2020-06-06 04:00:00,0.02462,0.02463,0.02429,0.02431,4015783.8,FETUSDT
2020-06-06 08:00:00,0.02428,0.02485,0.02424,0.02482,4498041.5,FETUSDT
2020-06-06 12:00:00,0.02482,0.0249,0.02451,0.02465,4270644.7,FETUSDT
2020-06-06 16:00:00,0.02465,0.0266,0.02465,0.02648,16893231.5,FETUSDT
2020-06-06 20:00:00,0.02648,0.02799,0.02569,0.02799,9908296.7,FETUSDT
2020-06-07 00:00:00,0.02799,0.028,0.02707,0.02728,6036072.5,FETUSDT
2020-06-07 04:00:00,0.02729,0.02903,0.0272,0.02894,7542343.9,FETUSDT
2020-06-07 08:00:00,0.02894,0.02993,0.02798,0.02842,25047564.9,FETUSDT
2020-06-07 12:00:00,0.02832,0.02943,0.02636,0.0276,20496972.5,FETUSDT
2020-06-07 16:00:00,0.02761,0.0285,0.02671,0.02785,8085985.2,FETUSDT
2020-06-07 20:00:00,0.02795,0.02811,0.02675,0.02752,6558357.8,FETUSDT
2020-06-08 00:00:00,0.02744,0.02863,0.02744,0.02861,4195220.3,FETUSDT
2020-06-08 04:00:00,0.02854,0.02975,0.02818,0.02908,9135078.3,FETUSDT
2020-06-08 08:00:00,0.0291,0.0291,0.02785,0.02808,8280384.6,FETUSDT
2020-06-08 12:00:00,0.02821,0.02823,0.02715,0.02758,6436563.4,FETUSDT
2020-06-08 16:00:00,0.02749,0.02757,0.02707,0.02752,10093411.1,FETUSDT
2020-06-08 20:00:00,0.02748,0.02788,0.02707,0.02709,8010687.9,FETUSDT
2020-06-09 00:00:00,0.0271,0.02754,0.02588,0.02737,11192595.8,FETUSDT
2020-06-09 04:00:00,0.02737,0.0274,0.02674,0.02708,4547592.4,FETUSDT
2020-06-09 08:00:00,0.02708,0.02764,0.02683,0.02742,4522549.1,FETUSDT
2020-06-09 12:00:00,0.02741,0.02869,0.02723,0.02789,5551090.2,FETUSDT
2020-06-09 16:00:00,0.02789,0.02789,0.0267,0.02704,3801041.0,FETUSDT
2020-06-09 20:00:00,0.02704,0.0277,0.0269,0.02752,7545974.6,FETUSDT
2020-06-10 00:00:00,0.02743,0.02755,0.0269,0.02729,5435588.0,FETUSDT
2020-06-10 04:00:00,0.02719,0.02873,0.02717,0.02836,6185676.8,FETUSDT
2020-06-10 08:00:00,0.02835,0.02903,0.02801,0.029,4953315.9,FETUSDT
2020-06-10 12:00:00,0.029,0.0299,0.02857,0.02976,6630536.7,FETUSDT
2020-06-10 16:00:00,0.02976,0.03,0.02746,0.02842,11128255.2,FETUSDT
2020-06-10 20:00:00,0.02859,0.02937,0.02859,0.02926,6374912.3,FETUSDT
2020-06-11 00:00:00,0.02911,0.02932,0.02881,0.02924,6391748.6,FETUSDT
2020-06-11 04:00:00,0.02913,0.03061,0.02882,0.03027,12375236.4,FETUSDT
2020-06-11 08:00:00,0.03027,0.0312,0.02962,0.03004,12357680.1,FETUSDT
2020-06-11 12:00:00,0.03005,0.0305,0.02783,0.02797,15723270.3,FETUSDT
2020-06-11 16:00:00,0.02797,0.02869,0.025,0.02689,11555614.8,FETUSDT
2020-06-11 20:00:00,0.02689,0.0275,0.0261,0.02621,3095653.3,FETUSDT
2020-06-12 00:00:00,0.02631,0.02736,0.02598,0.02726,2512632.4,FETUSDT
2020-06-12 04:00:00,0.0272,0.02812,0.0272,0.02802,3758610.9,FETUSDT
2020-06-12 08:00:00,0.02803,0.02875,0.02803,0.02835,6368416.7,FETUSDT
2020-06-12 12:00:00,0.02835,0.02845,0.02751,0.02773,5237089.3,FETUSDT
2020-06-12 16:00:00,0.02766,0.02787,0.02667,0.0269,7183389.8,FETUSDT
2020-06-12 20:00:00,0.0269,0.02801,0.02667,0.02755,9276217.4,FETUSDT
2020-06-13 00:00:00,0.02748,0.0276,0.02678,0.0271,5334568.6,FETUSDT
2020-06-13 04:00:00,0.02692,0.0278,0.02659,0.02777,3504162.2,FETUSDT
2020-06-13 08:00:00,0.02765,0.029,0.02765,0.02867,8741519.4,FETUSDT
2020-06-13 12:00:00,0.02867,0.02929,0.02854,0.02877,4260984.0,FETUSDT
2020-06-13 16:00:00,0.02878,0.02981,0.02845,0.02916,6508223.2,FETUSDT
2020-06-13 20:00:00,0.02911,0.02965,0.02856,0.02961,8216486.0,FETUSDT
2020-06-14 00:00:00,0.02962,0.03113,0.02925,0.0306,9283389.7,FETUSDT
2020-06-14 04:00:00,0.03058,0.03122,0.02883,0.02921,6334718.2,FETUSDT
2020-06-14 08:00:00,0.02921,0.02983,0.02885,0.02929,4796502.0,FETUSDT
2020-06-14 12:00:00,0.02922,0.02952,0.02801,0.02892,8194912.4,FETUSDT
2020-06-14 16:00:00,0.02893,0.03,0.028,0.02922,5045336.3,FETUSDT
2020-06-14 20:00:00,0.02921,0.02959,0.0282,0.02905,5861525.2,FETUSDT
2020-06-15 00:00:00,0.02903,0.02919,0.02666,0.02749,9214128.1,FETUSDT
2020-06-15 04:00:00,0.02747,0.02831,0.02606,0.02734,9718366.8,FETUSDT
2020-06-15 08:00:00,0.0273,0.0279,0.02676,0.0273,2671468.3,FETUSDT
2020-06-15 12:00:00,0.0273,0.02792,0.02625,0.02789,4788705.4,FETUSDT
2020-06-15 16:00:00,0.02789,0.02823,0.02764,0.02795,4235866.3,FETUSDT
2020-06-15 20:00:00,0.0279,0.02896,0.0279,0.02858,4153486.0,FETUSDT
2020-06-16 00:00:00,0.0287,0.02954,0.02861,0.02928,3718963.0,FETUSDT
2020-06-16 04:00:00,0.02928,0.02942,0.02869,0.0287,5337610.8,FETUSDT
2020-06-16 08:00:00,0.02871,0.0326,0.02865,0.03134,48841807.0,FETUSDT
2020-06-16 12:00:00,0.03132,0.03212,0.03102,0.03123,18327979.3,FETUSDT
2020-06-16 16:00:00,0.03122,0.03222,0.03117,0.032,12227962.1,FETUSDT
2020-06-16 20:00:00,0.03202,0.03299,0.03151,0.03274,15069384.8,FETUSDT
2020-06-17 00:00:00,0.03272,0.03285,0.03115,0.03163,31296344.9,FETUSDT
2020-06-17 04:00:00,0.03163,0.03282,0.03159,0.03232,34709853.7,FETUSDT
2020-06-17 08:00:00,0.03232,0.0325,0.03139,0.03166,48748006.3,FETUSDT
2020-06-17 12:00:00,0.03166,0.03186,0.03003,0.0307,60327009.4,FETUSDT
2020-06-17 16:00:00,0.0307,0.03083,0.02984,0.02993,21330015.9,FETUSDT
2020-06-17 20:00:00,0.02993,0.03117,0.02959,0.03102,31476534.2,FETUSDT
2020-06-18 00:00:00,0.03102,0.03121,0.03052,0.03072,31076748.9,FETUSDT
2020-06-18 04:00:00,0.03073,0.03082,0.03039,0.03046,20325655.1,FETUSDT
2020-06-18 08:00:00,0.03046,0.03046,0.03008,0.03035,12931799.7,FETUSDT
2020-06-18 12:00:00,0.03035,0.03086,0.03022,0.03065,20895060.7,FETUSDT
2020-06-18 16:00:00,0.03067,0.03133,0.03062,0.03121,40299026.6,FETUSDT
2020-06-18 20:00:00,0.0312,0.0312,0.03014,0.03046,24361163.3,FETUSDT
2020-06-19 00:00:00,0.03044,0.03046,0.02923,0.0294,33170495.0,FETUSDT
2020-06-19 04:00:00,0.0294,0.03009,0.02936,0.02984,33884185.0,FETUSDT
2020-06-19 08:00:00,0.02985,0.03123,0.0298,0.03087,43917144.9,FETUSDT
2020-06-19 12:00:00,0.03087,0.03171,0.03082,0.03142,36929102.5,FETUSDT
2020-06-19 16:00:00,0.03143,0.03188,0.03093,0.03169,58567780.1,FETUSDT
2020-06-19 20:00:00,0.0317,0.03183,0.0311,0.0312,61121619.1,FETUSDT
2020-06-20 00:00:00,0.0312,0.03159,0.03071,0.03143,19072859.0,FETUSDT
2020-06-20 04:00:00,0.03143,0.03147,0.03091,0.03097,23474339.6,FETUSDT
2020-06-20 08:00:00,0.03097,0.03099,0.02991,0.0306,22673275.7,FETUSDT
2020-06-20 12:00:00,0.03061,0.03075,0.03036,0.0304,15727139.4,FETUSDT
2020-06-20 16:00:00,0.0304,0.0307,0.03032,0.03064,15893307.4,FETUSDT
2020-06-20 20:00:00,0.03065,0.03132,0.03065,0.03097,11291544.1,FETUSDT
2020-06-21 00:00:00,0.03099,0.03132,0.03095,0.03108,14869058.9,FETUSDT
2020-06-21 04:00:00,0.03108,0.03112,0.0309,0.03093,18488490.0,FETUSDT
2020-06-21 08:00:00,0.03094,0.03096,0.03065,0.03072,15567839.1,FETUSDT
2020-06-21 12:00:00,0.03073,0.03171,0.03065,0.03144,33387672.0,FETUSDT
2020-06-21 16:00:00,0.03144,0.03167,0.03117,0.03121,25484465.2,FETUSDT
2020-06-21 20:00:00,0.03121,0.03124,0.0309,0.03117,19412935.2,FETUSDT
2020-06-22 00:00:00,0.03118,0.03144,0.03104,0.03144,15136229.7,FETUSDT
2020-06-22 04:00:00,0.03145,0.03235,0.03141,0.03182,37747110.1,FETUSDT
2020-06-22 08:00:00,0.03181,0.03182,0.03148,0.03177,44155031.4,FETUSDT
2020-06-22 12:00:00,0.03178,0.03181,0.03122,0.03146,31888539.6,FETUSDT
2020-06-22 16:00:00,0.03147,0.03159,0.03092,0.03127,35487534.4,FETUSDT
2020-06-22 20:00:00,0.03128,0.03147,0.03115,0.03128,19802335.0,FETUSDT
2020-06-23 00:00:00,0.03126,0.03155,0.03115,0.03117,22609148.9,FETUSDT
2020-06-23 04:00:00,0.03117,0.03144,0.03111,0.03122,95943434.0,FETUSDT
2020-06-23 08:00:00,0.03122,0.03133,0.03076,0.03096,82274176.3,FETUSDT
2020-06-23 12:00:00,0.03095,0.031,0.03034,0.03062,57034659.5,FETUSDT
2020-06-23 16:00:00,0.03062,0.03115,0.03059,0.03085,64204190.7,FETUSDT
2020-06-23 20:00:00,0.03084,0.03086,0.02979,0.03004,33363896.5,FETUSDT
2020-06-24 00:00:00,0.03005,0.03043,0.03005,0.03032,9531871.4,FETUSDT
2020-06-24 04:00:00,0.03033,0.03049,0.02983,0.03002,7164953.4,FETUSDT
2020-06-24 08:00:00,0.03,0.0305,0.02871,0.02876,13576691.9,FETUSDT
2020-06-24 12:00:00,0.02873,0.0294,0.0285,0.0286,11217963.0,FETUSDT
2020-06-24 16:00:00,0.0286,0.02924,0.0285,0.02903,3849040.4,FETUSDT
2020-06-24 20:00:00,0.029,0.02916,0.02877,0.02888,1330493.8,FETUSDT
2020-06-25 00:00:00,0.02882,0.02889,0.02675,0.02747,9208422.6,FETUSDT
2020-06-25 04:00:00,0.02746,0.028,0.02746,0.02792,3871874.3,FETUSDT
2020-06-25 08:00:00,0.02791,0.02829,0.02763,0.02789,2867646.9,FETUSDT
2020-06-25 12:00:00,0.02784,0.02788,0.02716,0.02778,4171438.7,FETUSDT
2020-06-25 16:00:00,0.02779,0.02832,0.02764,0.02777,2402476.6,FETUSDT
2020-06-25 20:00:00,0.02775,0.02867,0.02773,0.02803,1376933.2,FETUSDT
2020-06-26 00:00:00,0.02803,0.02845,0.02757,0.02788,2408660.9,FETUSDT
2020-06-26 04:00:00,0.02788,0.02808,0.02713,0.02737,4249437.6,FETUSDT
2020-06-26 08:00:00,0.02732,0.02778,0.02695,0.02752,3075478.7,FETUSDT
2020-06-26 12:00:00,0.02755,0.02836,0.02746,0.02786,3718853.1,FETUSDT
2020-06-26 16:00:00,0.02789,0.02797,0.02753,0.02755,1809113.8,FETUSDT
2020-06-26 20:00:00,0.02762,0.0279,0.02733,0.02742,558266.7,FETUSDT
2020-06-27 00:00:00,0.02745,0.02749,0.02693,0.02742,1962873.4,FETUSDT
2020-06-27 04:00:00,0.02744,0.028,0.02744,0.02785,1243401.6,FETUSDT
2020-06-27 08:00:00,0.02785,0.02807,0.02768,0.02785,1571294.8,FETUSDT
2020-06-27 12:00:00,0.02782,0.02782,0.02738,0.02743,1273726.0,FETUSDT
2020-06-27 16:00:00,0.02742,0.02742,0.0251,0.02562,8329500.8,FETUSDT
2020-06-27 20:00:00,0.02559,0.02685,0.02549,0.02621,5178071.8,FETUSDT
2020-06-28 00:00:00,0.02621,0.02621,0.0255,0.02562,958036.0,FETUSDT
2020-06-28 04:00:00,0.02556,0.0265,0.02556,0.02639,1309837.4,FETUSDT
2020-06-28 08:00:00,0.02643,0.02689,0.02642,0.02651,1737568.0,FETUSDT
2020-06-28 12:00:00,0.02652,0.02697,0.02625,0.02693,2411494.0,FETUSDT
2020-06-28 16:00:00,0.02693,0.02724,0.02675,0.02675,2210727.0,FETUSDT
2020-06-28 20:00:00,0.02684,0.02696,0.02643,0.02662,2239211.2,FETUSDT
2020-06-29 00:00:00,0.02662,0.02676,0.02646,0.02656,1255686.8,FETUSDT
2020-06-29 04:00:00,0.02656,0.02711,0.02648,0.0267,2894688.4,FETUSDT
2020-06-29 08:00:00,0.0267,0.02695,0.0259,0.02695,4055974.5,FETUSDT
2020-06-29 12:00:00,0.02695,0.02726,0.02644,0.02689,4351054.9,FETUSDT
2020-06-29 16:00:00,0.02698,0.027,0.02666,0.02684,3090361.8,FETUSDT
2020-06-29 20:00:00,0.0268,0.02732,0.02677,0.02722,4960091.5,FETUSDT
2020-06-30 00:00:00,0.02725,0.02742,0.02698,0.02701,7978835.7,FETUSDT
2020-06-30 04:00:00,0.02704,0.02705,0.02634,0.0269,5713404.7,FETUSDT
2020-06-30 08:00:00,0.02689,0.02703,0.02647,0.02676,7523064.3,FETUSDT
2020-06-30 12:00:00,0.02676,0.02736,0.02661,0.02718,6448707.1,FETUSDT
2020-06-30 16:00:00,0.02718,0.02813,0.0271,0.0276,10543018.9,FETUSDT
2020-06-30 20:00:00,0.0276,0.02788,0.02756,0.02772,6580684.9,FETUSDT
2020-07-01 00:00:00,0.02765,0.02774,0.02732,0.0275,6907844.8,FETUSDT
2020-07-01 04:00:00,0.02752,0.02778,0.02744,0.02767,6844032.8,FETUSDT
2020-07-01 08:00:00,0.0277,0.02813,0.02765,0.02804,4971717.5,FETUSDT
2020-07-01 12:00:00,0.02805,0.02806,0.02746,0.02779,5880823.9,FETUSDT
2020-07-01 16:00:00,0.02776,0.0279,0.02744,0.02772,5789675.5,FETUSDT
2020-07-01 20:00:00,0.02766,0.02791,0.02761,0.02788,11113834.7,FETUSDT
2020-07-02 00:00:00,0.02788,0.02804,0.02776,0.02801,6761308.6,FETUSDT
2020-07-02 04:00:00,0.02801,0.02808,0.02744,0.02767,3552660.3,FETUSDT
2020-07-02 08:00:00,0.02767,0.02778,0.02741,0.02762,4769624.6,FETUSDT
2020-07-02 12:00:00,0.0276,0.02928,0.02757,0.02813,9473550.6,FETUSDT
2020-07-02 16:00:00,0.02811,0.02889,0.0271,0.0286,9011452.7,FETUSDT
2020-07-02 20:00:00,0.02863,0.02989,0.02828,0.02895,15189681.3,FETUSDT
2020-07-03 00:00:00,0.02901,0.02989,0.02877,0.0296,8995640.4,FETUSDT
2020-07-03 04:00:00,0.0296,0.02988,0.02914,0.02979,6520799.6,FETUSDT
2020-07-03 08:00:00,0.02975,0.03119,0.02944,0.03099,10247453.3,FETUSDT
2020-07-03 12:00:00,0.03098,0.03166,0.03003,0.03059,17657735.1,FETUSDT
2020-07-03 16:00:00,0.03064,0.03143,0.0301,0.03078,6754087.3,FETUSDT
2020-07-03 20:00:00,0.03083,0.03138,0.03022,0.03069,9650045.2,FETUSDT
2020-07-04 00:00:00,0.0307,0.03145,0.03042,0.03108,8948607.4,FETUSDT
2020-07-04 04:00:00,0.03101,0.03101,0.02984,0.03023,6856922.7,FETUSDT
2020-07-04 08:00:00,0.03023,0.03055,0.03023,0.0303,4121083.8,FETUSDT
2020-07-04 12:00:00,0.03031,0.03045,0.0298,0.03002,8319427.3,FETUSDT
2020-07-04 16:00:00,0.02995,0.03006,0.0292,0.02978,8322591.9,FETUSDT
2020-07-04 20:00:00,0.02972,0.02993,0.02951,0.02968,8043582.7,FETUSDT
2020-07-05 00:00:00,0.02968,0.0299,0.02955,0.02982,5099793.4,FETUSDT
2020-07-05 04:00:00,0.02982,0.02989,0.02918,0.02963,6925344.4,FETUSDT
2020-07-05 08:00:00,0.02963,0.03029,0.02902,0.02913,7659276.9,FETUSDT
2020-07-05 12:00:00,0.02918,0.02926,0.0285,0.0288,7389833.1,FETUSDT
2020-07-05 16:00:00,0.02879,0.02914,0.02851,0.02873,3776701.9,FETUSDT
2020-07-05 20:00:00,0.02867,0.02876,0.02782,0.02799,8808310.6,FETUSDT
2020-07-06 00:00:00,0.02794,0.02845,0.02769,0.02834,5904241.5,FETUSDT
2020-07-06 04:00:00,0.02838,0.02897,0.0282,0.0288,6189541.4,FETUSDT
2020-07-06 08:00:00,0.02881,0.02936,0.0288,0.02919,5551727.9,FETUSDT
2020-07-06 12:00:00,0.02919,0.03021,0.0291,0.02992,9541392.1,FETUSDT
2020-07-06 16:00:00,0.02992,0.03024,0.02981,0.03006,7287513.4,FETUSDT
2020-07-06 20:00:00,0.03007,0.0317,0.02996,0.03112,9861756.4,FETUSDT
2020-07-07 00:00:00,0.03112,0.032,0.03104,0.03191,7213694.3,FETUSDT
2020-07-07 04:00:00,0.03183,0.03246,0.03047,0.03086,13279647.6,FETUSDT
2020-07-07 08:00:00,0.03083,0.03136,0.03033,0.03077,4578298.9,FETUSDT
2020-07-07 12:00:00,0.03077,0.03094,0.03001,0.03027,4932662.8,FETUSDT
2020-07-07 16:00:00,0.03033,0.03144,0.03009,0.03109,7950289.9,FETUSDT
2020-07-07 20:00:00,0.03109,0.03216,0.0301,0.03214,9941989.8,FETUSDT
2020-07-08 00:00:00,0.03208,0.03214,0.03073,0.03091,6858024.2,FETUSDT
2020-07-08 04:00:00,0.03092,0.03194,0.03046,0.03171,6861114.1,FETUSDT
2020-07-08 08:00:00,0.03171,0.03447,0.03144,0.03437,15671155.7,FETUSDT
2020-07-08 12:00:00,0.03437,0.03518,0.03365,0.03398,15476925.4,FETUSDT
2020-07-08 16:00:00,0.034,0.03535,0.03327,0.03527,11540997.6,FETUSDT
2020-07-08 20:00:00,0.03527,0.0369,0.03486,0.0365,10156162.3,FETUSDT
2020-07-09 00:00:00,0.0365,0.03652,0.03443,0.03497,9840373.8,FETUSDT
2020-07-09 04:00:00,0.03497,0.0364,0.03472,0.03623,6929716.6,FETUSDT
2020-07-09 08:00:00,0.03622,0.03642,0.0347,0.03553,7260265.6,FETUSDT
2020-07-09 12:00:00,0.03553,0.036,0.03268,0.03344,15031610.3,FETUSDT
2020-07-09 16:00:00,0.03342,0.03484,0.03292,0.03324,7063469.5,FETUSDT
2020-07-09 20:00:00,0.03328,0.0355,0.03324,0.03538,6381897.7,FETUSDT
2020-07-10 00:00:00,0.03542,0.0355,0.03466,0.03467,4221278.4,FETUSDT
2020-07-10 04:00:00,0.03478,0.03485,0.03246,0.03305,7954050.8,FETUSDT
2020-07-10 08:00:00,0.03303,0.03403,0.03282,0.03356,7328670.7,FETUSDT
2020-07-10 12:00:00,0.03368,0.03473,0.03309,0.03467,5129703.6,FETUSDT
2020-07-10 16:00:00,0.03469,0.0353,0.0343,0.03482,9416858.2,FETUSDT
2020-07-10 20:00:00,0.0348,0.03527,0.0345,0.03504,6893570.7,FETUSDT
2020-07-11 00:00:00,0.03493,0.03503,0.03425,0.0344,4706930.4,FETUSDT
2020-07-11 04:00:00,0.0344,0.0356,0.0342,0.03535,6210617.0,FETUSDT
2020-07-11 08:00:00,0.03548,0.03689,0.03453,0.03658,15426179.1,FETUSDT
2020-07-11 12:00:00,0.03659,0.03819,0.03605,0.03747,13254334.8,FETUSDT
2020-07-11 16:00:00,0.03746,0.03907,0.03723,0.03804,7704832.8,FETUSDT
2020-07-11 20:00:00,0.03806,0.03909,0.03762,0.0383,7411873.6,FETUSDT
2020-07-12 00:00:00,0.03838,0.04017,0.03776,0.04017,7352652.4,FETUSDT
2020-07-12 04:00:00,0.04009,0.04042,0.03791,0.03807,10318768.8,FETUSDT
2020-07-12 08:00:00,0.03807,0.03818,0.03683,0.0371,7774351.4,FETUSDT
2020-07-12 12:00:00,0.03713,0.03925,0.03624,0.03901,11447015.4,FETUSDT
2020-07-12 16:00:00,0.03889,0.04014,0.03851,0.0397,11389501.3,FETUSDT
2020-07-12 20:00:00,0.03977,0.04326,0.0397,0.04318,18999555.0,FETUSDT
2020-07-13 00:00:00,0.04314,0.04617,0.04169,0.04535,16279932.4,FETUSDT
2020-07-13 04:00:00,0.04535,0.04569,0.04263,0.0435,14239721.9,FETUSDT
2020-07-13 08:00:00,0.0435,0.04617,0.04345,0.04405,17606650.3,FETUSDT
2020-07-13 12:00:00,0.04407,0.04828,0.04397,0.04479,32659670.1,FETUSDT
2020-07-13 16:00:00,0.04475,0.04673,0.04085,0.04366,24170504.7,FETUSDT
2020-07-13 20:00:00,0.04362,0.0495,0.04335,0.04705,19404563.1,FETUSDT
2020-07-14 00:00:00,0.04715,0.04798,0.04509,0.04629,9650615.8,FETUSDT
2020-07-14 04:00:00,0.04628,0.04752,0.04431,0.04494,8885945.8,FETUSDT
2020-07-14 08:00:00,0.04493,0.0456,0.0429,0.04545,11301403.6,FETUSDT
2020-07-14 12:00:00,0.04546,0.04569,0.0427,0.04429,8789445.2,FETUSDT
2020-07-14 16:00:00,0.04434,0.04913,0.04417,0.04665,14273448.3,FETUSDT
2020-07-14 20:00:00,0.04666,0.04762,0.04537,0.04591,5861126.6,FETUSDT
2020-07-15 00:00:00,0.0459,0.04638,0.04442,0.0448,6644197.6,FETUSDT
2020-07-15 04:00:00,0.04494,0.04521,0.04396,0.04434,4906036.8,FETUSDT
2020-07-15 08:00:00,0.04436,0.04761,0.04411,0.0448,12209063.6,FETUSDT
2020-07-15 12:00:00,0.04478,0.04699,0.04361,0.04537,11145399.1,FETUSDT
2020-07-15 16:00:00,0.04539,0.04762,0.04475,0.04588,8441020.5,FETUSDT
2020-07-15 20:00:00,0.04575,0.04892,0.0455,0.04875,7257536.0,FETUSDT
2020-07-16 00:00:00,0.04871,0.05301,0.04871,0.04996,17392064.5,FETUSDT
2020-07-16 04:00:00,0.04996,0.05208,0.0472,0.0489,13112856.4,FETUSDT
2020-07-16 08:00:00,0.04874,0.05073,0.04652,0.0491,14461684.8,FETUSDT
2020-07-16 12:00:00,0.0491,0.054,0.04877,0.05392,20655604.9,FETUSDT
2020-07-16 16:00:00,0.05391,0.05499,0.049,0.0518,18031084.7,FETUSDT
2020-07-16 20:00:00,0.05183,0.055,0.0506,0.05205,9525213.0,FETUSDT
2020-07-17 00:00:00,0.05204,0.05336,0.05079,0.05116,5443317.4,FETUSDT
2020-07-17 04:00:00,0.05116,0.05217,0.04942,0.04981,10410854.7,FETUSDT
2020-07-17 08:00:00,0.04993,0.05086,0.04929,0.05066,7171084.3,FETUSDT
2020-07-17 12:00:00,0.05068,0.05441,0.05057,0.05222,15768740.4,FETUSDT
2020-07-17 16:00:00,0.05223,0.053,0.0513,0.05164,5912922.5,FETUSDT
2020-07-17 20:00:00,0.05168,0.05258,0.05043,0.05088,5785635.4,FETUSDT
2020-07-18 00:00:00,0.05093,0.05216,0.04916,0.04993,7366730.8,FETUSDT
2020-07-18 04:00:00,0.04993,0.05155,0.04983,0.05047,4298601.4,FETUSDT
2020-07-18 08:00:00,0.05049,0.05263,0.04983,0.0514,4670940.5,FETUSDT
2020-07-18 12:00:00,0.05142,0.05596,0.05109,0.05456,13737888.8,FETUSDT
2020-07-18 16:00:00,0.05476,0.05596,0.05332,0.05347,6594724.5,FETUSDT
2020-07-18 20:00:00,0.05352,0.05542,0.0532,0.05448,4185761.4,FETUSDT
2020-07-19 00:00:00,0.05446,0.05531,0.05358,0.05525,5459955.3,FETUSDT
2020-07-19 04:00:00,0.05529,0.05648,0.054,0.05443,5559493.4,FETUSDT
2020-07-19 08:00:00,0.05441,0.05474,0.0533,0.05471,5873103.4,FETUSDT
2020-07-19 12:00:00,0.05455,0.05698,0.05429,0.05513,8394787.5,FETUSDT
2020-07-19 16:00:00,0.05515,0.05678,0.05419,0.0544,8864987.4,FETUSDT
2020-07-19 20:00:00,0.0544,0.05548,0.05335,0.05423,7304647.3,FETUSDT
2020-07-20 00:00:00,0.0541,0.05439,0.0519,0.05356,7174794.9,FETUSDT
2020-07-20 04:00:00,0.05348,0.0555,0.05327,0.05484,6841292.9,FETUSDT
2020-07-20 08:00:00,0.05478,0.05858,0.0546,0.05814,13703907.0,FETUSDT
2020-07-20 12:00:00,0.05811,0.05925,0.05647,0.05685,13049718.2,FETUSDT
2020-07-20 16:00:00,0.057,0.05835,0.055,0.05659,9915226.1,FETUSDT
2020-07-20 20:00:00,0.05659,0.0571,0.05547,0.0556,5201170.0,FETUSDT
2020-07-21 00:00:00,0.0556,0.05592,0.05391,0.05574,8700893.8,FETUSDT
2020-07-21 04:00:00,0.05566,0.05601,0.05175,0.05247,10426516.4,FETUSDT
2020-07-21 08:00:00,0.05246,0.05343,0.04637,0.0533,49572436.6,FETUSDT
2020-07-21 12:00:00,0.05329,0.05343,0.05004,0.05236,18607889.3,FETUSDT
2020-07-21 16:00:00,0.05232,0.0525,0.05001,0.05239,13192895.0,FETUSDT
2020-07-21 20:00:00,0.05227,0.05671,0.05213,0.05648,10411085.2,FETUSDT
2020-07-22 00:00:00,0.05629,0.05772,0.05511,0.05629,6293724.4,FETUSDT
2020-07-22 04:00:00,0.0563,0.05665,0.05374,0.05426,5979975.7,FETUSDT
2020-07-22 08:00:00,0.05441,0.05552,0.05388,0.05428,4648955.2,FETUSDT
2020-07-22 12:00:00,0.05428,0.05583,0.05316,0.0555,9167914.9,FETUSDT
2020-07-22 16:00:00,0.05558,0.05871,0.05522,0.05754,11073954.4,FETUSDT
2020-07-22 20:00:00,0.05733,0.05754,0.05357,0.05486,9593413.4,FETUSDT
2020-07-23 00:00:00,0.05495,0.05495,0.05216,0.05369,9289777.5,FETUSDT
2020-07-23 04:00:00,0.05369,0.05462,0.0516,0.0518,9975104.3,FETUSDT
2020-07-23 08:00:00,0.05187,0.0534,0.05173,0.05311,7091472.3,FETUSDT
2020-07-23 12:00:00,0.05315,0.05487,0.05234,0.05243,9174086.9,FETUSDT
2020-07-23 16:00:00,0.05235,0.05335,0.05034,0.053,11227616.4,FETUSDT
2020-07-23 20:00:00,0.053,0.05518,0.05254,0.0531,7351108.2,FETUSDT
2020-07-24 00:00:00,0.0531,0.0531,0.05051,0.05091,6507390.1,FETUSDT
2020-07-24 04:00:00,0.05087,0.05116,0.05021,0.05107,4564355.5,FETUSDT
2020-07-24 08:00:00,0.05107,0.0514,0.04952,0.05005,9205833.9,FETUSDT
2020-07-24 12:00:00,0.04993,0.05085,0.04902,0.04969,6789955.2,FETUSDT
2020-07-24 16:00:00,0.04969,0.05093,0.0485,0.04979,5993074.3,FETUSDT
2020-07-24 20:00:00,0.04968,0.05034,0.04886,0.04941,4139344.9,FETUSDT
2020-07-25 00:00:00,0.04929,0.0517,0.04912,0.05091,5456492.7,FETUSDT
2020-07-25 04:00:00,0.05097,0.05655,0.05072,0.05359,19387454.3,FETUSDT
2020-07-25 08:00:00,0.05351,0.05498,0.05276,0.05402,9188319.6,FETUSDT
2020-07-25 12:00:00,0.05402,0.05598,0.05377,0.05486,6479795.2,FETUSDT
2020-07-25 16:00:00,0.05488,0.05492,0.05157,0.05174,7523578.7,FETUSDT
2020-07-25 20:00:00,0.05183,0.05221,0.05,0.05028,6652047.2,FETUSDT
2020-07-26 00:00:00,0.05027,0.05176,0.05001,0.05148,3371397.8,FETUSDT
2020-07-26 04:00:00,0.05144,0.05324,0.051,0.05112,5351061.1,FETUSDT
2020-07-26 08:00:00,0.05112,0.05203,0.0488,0.05164,7716739.2,FETUSDT
2020-07-26 12:00:00,0.05163,0.05381,0.0513,0.05159,6287333.2,FETUSDT
2020-07-26 16:00:00,0.05156,0.05168,0.0506,0.05123,5163777.6,FETUSDT
2020-07-26 20:00:00,0.05123,0.05377,0.05111,0.05289,6557514.9,FETUSDT
2020-07-27 00:00:00,0.05305,0.055,0.05093,0.05143,12069698.8,FETUSDT
2020-07-27 04:00:00,0.05164,0.06472,0.0505,0.06361,34308922.6,FETUSDT
2020-07-27 08:00:00,0.06395,0.0666,0.05977,0.06237,31745323.5,FETUSDT
2020-07-27 12:00:00,0.06236,0.06325,0.054,0.05989,21507855.4,FETUSDT
2020-07-27 16:00:00,0.05989,0.064,0.05479,0.06103,20955403.5,FETUSDT
2020-07-27 20:00:00,0.06103,0.064,0.05716,0.06221,13684393.3,FETUSDT
2020-07-28 00:00:00,0.06235,0.06969,0.06097,0.06671,15737159.1,FETUSDT
2020-07-28 04:00:00,0.067,0.0705,0.06432,0.06499,21420201.0,FETUSDT
2020-07-28 08:00:00,0.06492,0.0685,0.0637,0.06648,17496668.5,FETUSDT
2020-07-28 12:00:00,0.06657,0.0683,0.06433,0.06647,10735554.2,FETUSDT
2020-07-28 16:00:00,0.06678,0.06983,0.06643,0.06934,9532435.5,FETUSDT
2020-07-28 20:00:00,0.06913,0.07561,0.06886,0.07266,23957942.16,FETUSDT
2020-07-29 00:00:00,0.07249,0.075,0.07115,0.07301,7771705.9,FETUSDT
2020-07-29 04:00:00,0.07301,0.07301,0.06896,0.0718,12802539.5,FETUSDT
2020-07-29 08:00:00,0.0718,0.07365,0.06901,0.07068,12836783.9,FETUSDT
2020-07-29 12:00:00,0.07077,0.07142,0.06703,0.07065,11505456.3,FETUSDT
2020-07-29 16:00:00,0.07077,0.072,0.06729,0.06952,8134270.4,FETUSDT
2020-07-29 20:00:00,0.06961,0.06992,0.06761,0.06878,4906888.7,FETUSDT
2020-07-30 00:00:00,0.0688,0.07475,0.06727,0.07106,11106232.0,FETUSDT
2020-07-30 04:00:00,0.07128,0.0742,0.07101,0.07293,5451706.1,FETUSDT
2020-07-30 08:00:00,0.07302,0.07849,0.07243,0.07599,17257981.3,FETUSDT
2020-07-30 12:00:00,0.07599,0.0771,0.07392,0.07657,9880980.3,FETUSDT
2020-07-30 16:00:00,0.07655,0.07662,0.0732,0.07378,5657316.1,FETUSDT
2020-07-30 20:00:00,0.07375,0.0764,0.07301,0.07629,3694156.7,FETUSDT
2020-07-31 00:00:00,0.07631,0.07963,0.076,0.07825,8703894.7,FETUSDT
2020-07-31 04:00:00,0.07821,0.07915,0.07319,0.0735,8789931.3,FETUSDT
2020-07-31 08:00:00,0.0735,0.07579,0.07133,0.07173,9260035.0,FETUSDT
2020-07-31 12:00:00,0.0717,0.082,0.07159,0.07612,25102245.6,FETUSDT
2020-07-31 16:00:00,0.07613,0.07652,0.0743,0.07537,4577358.1,FETUSDT
2020-07-31 20:00:00,0.07507,0.07593,0.07309,0.07437,6427773.0,FETUSDT
2020-08-01 00:00:00,0.07418,0.07487,0.0732,0.07346,2474363.9,FETUSDT
2020-08-01 04:00:00,0.07346,0.0764,0.07274,0.07574,5076744.0,FETUSDT
2020-08-01 08:00:00,0.07571,0.079,0.07481,0.07662,7422722.7,FETUSDT
2020-08-01 12:00:00,0.0765,0.07684,0.074,0.07422,8198657.0,FETUSDT
2020-08-01 16:00:00,0.07422,0.07597,0.07259,0.07344,7080231.3,FETUSDT
2020-08-01 20:00:00,0.07344,0.07585,0.07242,0.07495,4409661.6,FETUSDT
2020-08-02 00:00:00,0.07495,0.07697,0.07397,0.07419,6133433.1,FETUSDT
2020-08-02 04:00:00,0.07417,0.07464,0.06476,0.07261,11172751.0,FETUSDT
2020-08-02 08:00:00,0.07263,0.07359,0.068,0.06877,5471236.4,FETUSDT
2020-08-02 12:00:00,0.06874,0.0705,0.06715,0.0698,5192608.6,FETUSDT
2020-08-02 16:00:00,0.07011,0.07397,0.06982,0.07374,5887098.1,FETUSDT
2020-08-02 20:00:00,0.07373,0.07389,0.07086,0.07163,2682602.0,FETUSDT
2020-08-03 00:00:00,0.07155,0.07376,0.0704,0.07302,2350343.3,FETUSDT
2020-08-03 04:00:00,0.07292,0.07463,0.07261,0.0735,4465708.4,FETUSDT
2020-08-03 08:00:00,0.07363,0.07669,0.07345,0.07642,4385966.9,FETUSDT
2020-08-03 12:00:00,0.0764,0.0764,0.07289,0.07392,4839662.7,FETUSDT
2020-08-03 16:00:00,0.07396,0.07409,0.07211,0.07283,4315902.5,FETUSDT
2020-08-03 20:00:00,0.07268,0.07391,0.07142,0.07168,3730488.4,FETUSDT
2020-08-04 00:00:00,0.0722,0.07396,0.0716,0.07396,2423102.4,FETUSDT
2020-08-04 04:00:00,0.07397,0.07455,0.07295,0.07351,2949766.3,FETUSDT
2020-08-04 08:00:00,0.07351,0.07423,0.07105,0.07116,4024463.7,FETUSDT
2020-08-04 12:00:00,0.0712,0.07296,0.07104,0.07258,2548871.1,FETUSDT
2020-08-04 16:00:00,0.07291,0.07439,0.07277,0.07352,2991425.3,FETUSDT
2020-08-04 20:00:00,0.07378,0.07733,0.07253,0.07713,8682505.9,FETUSDT
2020-08-05 00:00:00,0.07717,0.07965,0.07534,0.07879,9527020.5,FETUSDT
2020-08-05 04:00:00,0.0792,0.08112,0.07719,0.08091,6103646.5,FETUSDT
2020-08-05 08:00:00,0.08112,0.0836,0.07836,0.07997,11151304.5,FETUSDT
2020-08-05 12:00:00,0.07996,0.08005,0.07754,0.07978,5247293.5,FETUSDT
2020-08-05 16:00:00,0.0796,0.08375,0.07934,0.08251,6286099.0,FETUSDT
2020-08-05 20:00:00,0.08254,0.088,0.08217,0.08762,12535193.85,FETUSDT
2020-08-06 00:00:00,0.08762,0.08884,0.0858,0.08835,5937700.0,FETUSDT
2020-08-06 04:00:00,0.08835,0.08982,0.08602,0.08667,5730524.99,FETUSDT
2020-08-06 08:00:00,0.08667,0.08875,0.086,0.08875,4327667.8,FETUSDT
2020-08-06 12:00:00,0.08875,0.09355,0.08807,0.09333,11777802.8,FETUSDT
2020-08-06 16:00:00,0.0933,0.09816,0.0919,0.09392,12024091.52,FETUSDT
2020-08-06 20:00:00,0.09366,0.09724,0.09268,0.097,6140047.8,FETUSDT
2020-08-07 00:00:00,0.097,0.09717,0.09227,0.09376,5034823.2,FETUSDT
2020-08-07 04:00:00,0.09399,0.09718,0.09348,0.09653,3743692.7,FETUSDT
2020-08-07 08:00:00,0.09654,0.101,0.09626,0.09832,11460909.92,FETUSDT
2020-08-07 12:00:00,0.09832,0.09938,0.09518,0.09733,8144207.4,FETUSDT
2020-08-07 16:00:00,0.09733,0.09773,0.0887,0.0921,13330419.6,FETUSDT
2020-08-07 20:00:00,0.0917,0.09678,0.0917,0.09591,4653110.3,FETUSDT
2020-08-08 00:00:00,0.09584,0.09821,0.0956,0.09701,2825510.1,FETUSDT
2020-08-08 04:00:00,0.097,0.09807,0.09332,0.09389,5511217.9,FETUSDT
2020-08-08 08:00:00,0.09386,0.0966,0.09273,0.09549,6638470.1,FETUSDT
2020-08-08 12:00:00,0.09549,0.096,0.09122,0.09209,7630633.6,FETUSDT
2020-08-08 16:00:00,0.09209,0.09554,0.091,0.09363,6638082.6,FETUSDT
2020-08-08 20:00:00,0.09357,0.09397,0.09166,0.09248,3948360.6,FETUSDT
2020-08-09 00:00:00,0.09246,0.09316,0.0892,0.09255,7509899.2,FETUSDT
2020-08-09 04:00:00,0.09255,0.0932,0.09085,0.09242,3548742.8,FETUSDT
2020-08-09 08:00:00,0.09243,0.0926,0.08918,0.0914,6628207.5,FETUSDT
2020-08-09 12:00:00,0.09141,0.09181,0.087,0.08882,6387002.3,FETUSDT
2020-08-09 16:00:00,0.08867,0.09329,0.08824,0.09329,5218211.2,FETUSDT
2020-08-09 20:00:00,0.09328,0.09505,0.09266,0.09382,5849736.4,FETUSDT
2020-08-10 00:00:00,0.09382,0.09527,0.0868,0.09032,8733383.3,FETUSDT
2020-08-10 04:00:00,0.09033,0.09355,0.09015,0.09144,3866511.1,FETUSDT
2020-08-10 08:00:00,0.09155,0.09484,0.08911,0.09377,7216842.8,FETUSDT
2020-08-10 12:00:00,0.09382,0.0995,0.09348,0.09823,11501650.5,FETUSDT
2020-08-10 16:00:00,0.09816,0.10024,0.09609,0.09841,6872813.8,FETUSDT
2020-08-10 20:00:00,0.09804,0.10788,0.09736,0.10691,8986264.94,FETUSDT
2020-08-11 00:00:00,0.10651,0.10725,0.101,0.1012,5368823.6,FETUSDT
2020-08-11 04:00:00,0.10123,0.10339,0.0977,0.09831,7191394.1,FETUSDT
2020-08-11 08:00:00,0.09837,0.109,0.09726,0.1041,12948619.4,FETUSDT
2020-08-11 12:00:00,0.1041,0.10716,0.09328,0.09599,10683754.6,FETUSDT
2020-08-11 16:00:00,0.09592,0.09826,0.09339,0.09526,7756102.4,FETUSDT
2020-08-11 20:00:00,0.09568,0.09579,0.089,0.09418,7509132.9,FETUSDT
2020-08-12 00:00:00,0.09418,0.0978,0.089,0.09759,8201955.1,FETUSDT
2020-08-12 04:00:00,0.09767,0.0977,0.09006,0.09257,7577818.6,FETUSDT
2020-08-12 08:00:00,0.09257,0.10075,0.0923,0.0981,8071432.0,FETUSDT
2020-08-12 12:00:00,0.0981,0.10084,0.095,0.09747,5183213.9,FETUSDT
2020-08-12 16:00:00,0.09747,0.1,0.09362,0.09562,3909177.9,FETUSDT
2020-08-12 20:00:00,0.09562,0.0992,0.092,0.09679,6446518.4,FETUSDT
2020-08-13 00:00:00,0.09679,0.10149,0.09636,0.09924,3619673.2,FETUSDT
2020-08-13 04:00:00,0.0996,0.10069,0.093,0.09598,5683310.1,FETUSDT
2020-08-13 08:00:00,0.09598,0.09791,0.09205,0.09547,8481385.8,FETUSDT
2020-08-13 12:00:00,0.09556,0.10082,0.09458,0.09875,5879093.4,FETUSDT
2020-08-13 16:00:00,0.09931,0.09996,0.09593,0.09615,4363964.1,FETUSDT
2020-08-13 20:00:00,0.09615,0.09815,0.093,0.09497,5068792.5,FETUSDT
2020-08-14 00:00:00,0.09493,0.09849,0.09302,0.09653,2948127.6,FETUSDT
2020-08-14 04:00:00,0.09688,0.101,0.09556,0.101,4337749.8,FETUSDT
2020-08-14 08:00:00,0.10097,0.10671,0.09724,0.10387,9986035.2,FETUSDT
2020-08-14 12:00:00,0.10397,0.10683,0.10098,0.10497,7684106.0,FETUSDT
2020-08-14 16:00:00,0.10497,0.11677,0.10175,0.1111,15509082.46,FETUSDT
2020-08-14 20:00:00,0.1111,0.116,0.11016,0.11117,8646243.9,FETUSDT
2020-08-15 00:00:00,0.11093,0.11246,0.1071,0.108,4370089.6,FETUSDT
2020-08-15 04:00:00,0.10792,0.11053,0.10522,0.10773,5433792.2,FETUSDT
2020-08-15 08:00:00,0.1077,0.115,0.107,0.113,6575435.8,FETUSDT
2020-08-15 12:00:00,0.1128,0.11965,0.11223,0.11507,10392492.91,FETUSDT
2020-08-15 16:00:00,0.11507,0.11632,0.1137,0.11401,3233839.2,FETUSDT
2020-08-15 20:00:00,0.11401,0.1194,0.11359,0.11678,4885327.0,FETUSDT
2020-08-16 00:00:00,0.11648,0.12472,0.11585,0.12122,7297944.32,FETUSDT
2020-08-16 04:00:00,0.12122,0.126,0.1191,0.12432,5349161.2,FETUSDT
2020-08-16 08:00:00,0.12432,0.12665,0.12083,0.1211,6514885.3,FETUSDT
2020-08-16 12:00:00,0.12098,0.13574,0.11947,0.13265,13630667.71,FETUSDT
2020-08-16 16:00:00,0.13279,0.13576,0.13,0.1335,9201476.9,FETUSDT
2020-08-16 20:00:00,0.1335,0.15,0.13323,0.1361,21563049.13,FETUSDT
2020-08-17 00:00:00,0.13609,0.147,0.13401,0.1382,9718631.9,FETUSDT
2020-08-17 04:00:00,0.13791,0.14498,0.13493,0.14195,6779937.1,FETUSDT
2020-08-17 08:00:00,0.1419,0.14695,0.13929,0.14618,5859529.9,FETUSDT
2020-08-17 12:00:00,0.14642,0.14885,0.1312,0.13634,21089624.0,FETUSDT
2020-08-17 16:00:00,0.13634,0.1645,0.13315,0.16248,23011500.75,FETUSDT
2020-08-17 20:00:00,0.16251,0.165,0.15642,0.15761,10022691.4,FETUSDT
2020-08-18 00:00:00,0.15768,0.17106,0.15768,0.16954,9417071.82,FETUSDT
2020-08-18 04:00:00,0.1695,0.1858,0.16892,0.17865,20328704.26,FETUSDT
2020-08-18 08:00:00,0.17863,0.19,0.15026,0.1576,51917492.17,FETUSDT
2020-08-18 12:00:00,0.15758,0.16372,0.13594,0.15327,39759224.2,FETUSDT
2020-08-18 16:00:00,0.15381,0.15864,0.14302,0.14672,15782353.9,FETUSDT
2020-08-18 20:00:00,0.14671,0.15598,0.14328,0.15153,8373424.2,FETUSDT
2020-08-19 00:00:00,0.1514,0.15157,0.137,0.13736,9456694.9,FETUSDT
2020-08-19 04:00:00,0.13736,0.14651,0.133,0.14602,14882751.8,FETUSDT
2020-08-19 08:00:00,0.14605,0.1535,0.14462,0.14821,14622254.9,FETUSDT
2020-08-19 12:00:00,0.14811,0.15,0.13883,0.14367,9973115.8,FETUSDT
2020-08-19 16:00:00,0.14361,0.14433,0.12556,0.12946,10575967.8,FETUSDT
2020-08-19 20:00:00,0.12928,0.13612,0.1222,0.12791,16178263.5,FETUSDT
2020-08-20 00:00:00,0.12792,0.13042,0.1201,0.12114,11897719.9,FETUSDT
2020-08-20 04:00:00,0.12136,0.13199,0.11907,0.12835,14705747.0,FETUSDT
2020-08-20 08:00:00,0.1285,0.14171,0.12732,0.13939,13408608.7,FETUSDT
2020-08-20 12:00:00,0.1399,0.143,0.134,0.13482,7802117.8,FETUSDT
2020-08-20 16:00:00,0.13528,0.1385,0.13059,0.13292,7244360.5,FETUSDT
2020-08-20 20:00:00,0.13299,0.13472,0.11523,0.118,22880201.9,FETUSDT
2020-08-21 00:00:00,0.11808,0.12452,0.11364,0.11633,17278438.1,FETUSDT
2020-08-21 04:00:00,0.11677,0.1242,0.116,0.1188,9083816.4,FETUSDT
2020-08-21 08:00:00,0.11857,0.12061,0.10976,0.1115,12025145.6,FETUSDT
2020-08-21 12:00:00,0.11181,0.129,0.10802,0.11802,22929457.8,FETUSDT
2020-08-21 16:00:00,0.118,0.1205,0.1077,0.1119,9694678.2,FETUSDT
2020-08-21 20:00:00,0.11181,0.11527,0.10495,0.10529,8663352.9,FETUSDT
2020-08-22 00:00:00,0.10546,0.10605,0.09625,0.10211,16440766.4,FETUSDT
2020-08-22 04:00:00,0.10222,0.108,0.09839,0.1072,7088421.8,FETUSDT
2020-08-22 08:00:00,0.1073,0.1249,0.10584,0.11932,31317765.3,FETUSDT
2020-08-22 12:00:00,0.11966,0.12173,0.11276,0.11856,15246637.4,FETUSDT
2020-08-22 16:00:00,0.11869,0.12374,0.11539,0.1195,6733956.7,FETUSDT
2020-08-22 20:00:00,0.11953,0.13257,0.11921,0.12928,13553631.3,FETUSDT
2020-08-23 00:00:00,0.12913,0.13318,0.12366,0.12633,10112289.9,FETUSDT
2020-08-23 04:00:00,0.12633,0.12633,0.11601,0.1178,10059582.0,FETUSDT
2020-08-23 08:00:00,0.11764,0.11794,0.11067,0.11352,7982204.5,FETUSDT
2020-08-23 12:00:00,0.11334,0.124,0.11234,0.11722,9883008.4,FETUSDT
2020-08-23 16:00:00,0.11705,0.11916,0.114,0.11714,5440834.0,FETUSDT
2020-08-23 20:00:00,0.11714,0.12187,0.11563,0.11671,4878274.9,FETUSDT
2020-08-24 00:00:00,0.11651,0.11928,0.1143,0.11836,2979303.7,FETUSDT
2020-08-24 04:00:00,0.11834,0.12321,0.11713,0.12314,5076643.3,FETUSDT
2020-08-24 08:00:00,0.12314,0.12634,0.11975,0.12289,8187866.5,FETUSDT
2020-08-24 12:00:00,0.12284,0.128,0.12054,0.12573,8582791.7,FETUSDT
2020-08-24 16:00:00,0.12563,0.12949,0.12329,0.12949,6154158.8,FETUSDT
2020-08-24 20:00:00,0.12951,0.13,0.12407,0.12526,5688126.8,FETUSDT
2020-08-25 00:00:00,0.12526,0.12597,0.11676,0.11752,6973694.7,FETUSDT
2020-08-25 04:00:00,0.11751,0.11983,0.11603,0.11678,5941229.5,FETUSDT
2020-08-25 08:00:00,0.11644,0.1236,0.109,0.11956,12973632.3,FETUSDT
2020-08-25 12:00:00,0.1195,0.1195,0.11011,0.11342,6911872.7,FETUSDT
2020-08-25 16:00:00,0.11353,0.11459,0.105,0.11154,13750079.4,FETUSDT
2020-08-25 20:00:00,0.11185,0.11508,0.10827,0.11393,5208822.0,FETUSDT
2020-08-26 00:00:00,0.11393,0.11468,0.11046,0.1144,4182500.9,FETUSDT
2020-08-26 04:00:00,0.11413,0.125,0.11413,0.12394,12608175.5,FETUSDT
2020-08-26 08:00:00,0.12417,0.12482,0.11603,0.11693,12320540.9,FETUSDT
2020-08-26 12:00:00,0.11705,0.11775,0.11051,0.11599,11594328.8,FETUSDT
2020-08-26 16:00:00,0.11653,0.11653,0.11127,0.11181,8357061.8,FETUSDT
2020-08-26 20:00:00,0.11207,0.11613,0.11133,0.11347,4247368.0,FETUSDT
2020-08-27 00:00:00,0.11384,0.11594,0.1125,0.11418,3545323.7,FETUSDT
2020-08-27 04:00:00,0.11369,0.11487,0.11161,0.11298,3719138.6,FETUSDT
2020-08-27 08:00:00,0.11268,0.11356,0.10635,0.10635,6550035.9,FETUSDT
2020-08-27 12:00:00,0.10645,0.11079,0.1022,0.10653,12071943.5,FETUSDT
2020-08-27 16:00:00,0.10648,0.1078,0.10074,0.10367,7780491.7,FETUSDT
2020-08-27 20:00:00,0.10341,0.10532,0.10224,0.10399,2272976.0,FETUSDT
2020-08-28 00:00:00,0.10381,0.10718,0.10213,0.10519,3591173.1,FETUSDT
2020-08-28 04:00:00,0.10531,0.11085,0.1053,0.10669,4591021.4,FETUSDT
2020-08-28 08:00:00,0.10675,0.10938,0.10582,0.10802,2945817.6,FETUSDT
2020-08-28 12:00:00,0.10799,0.11025,0.10654,0.10822,4084950.8,FETUSDT
2020-08-28 16:00:00,0.10827,0.10987,0.1068,0.1086,3326032.4,FETUSDT
2020-08-28 20:00:00,0.10839,0.10936,0.10405,0.10736,2502212.5,FETUSDT
2020-08-29 00:00:00,0.10736,0.10981,0.106,0.10886,2421496.3,FETUSDT
2020-08-29 04:00:00,0.10887,0.10958,0.10745,0.10947,2090295.6,FETUSDT
2020-08-29 08:00:00,0.10921,0.11279,0.10807,0.10807,4481280.9,FETUSDT
2020-08-29 12:00:00,0.1082,0.10885,0.107,0.10843,2602156.1,FETUSDT
2020-08-29 16:00:00,0.10841,0.11495,0.107,0.1146,5565453.9,FETUSDT
2020-08-29 20:00:00,0.11467,0.11587,0.1115,0.1115,3121502.5,FETUSDT
2020-08-30 00:00:00,0.11175,0.114,0.11031,0.11305,4204562.5,FETUSDT
2020-08-30 04:00:00,0.11305,0.11325,0.10798,0.11102,5528918.8,FETUSDT
2020-08-30 08:00:00,0.11137,0.11142,0.1095,0.11017,2149036.3,FETUSDT
2020-08-30 12:00:00,0.11039,0.11275,0.10916,0.11171,3679274.1,FETUSDT
2020-08-30 16:00:00,0.11171,0.11885,0.11111,0.11731,5672888.7,FETUSDT
2020-08-30 20:00:00,0.11731,0.13,0.1152,0.12439,10400446.8,FETUSDT
2020-08-31 00:00:00,0.1245,0.12679,0.1183,0.1215,6152548.1,FETUSDT
2020-08-31 04:00:00,0.12171,0.12934,0.1215,0.12541,7374967.4,FETUSDT
2020-08-31 08:00:00,0.12538,0.12549,0.12164,0.12238,4018633.1,FETUSDT
2020-08-31 12:00:00,0.122,0.1233,0.11761,0.11827,5719679.3,FETUSDT
2020-08-31 16:00:00,0.11869,0.11928,0.1171,0.11776,4121648.9,FETUSDT
2020-08-31 20:00:00,0.11755,0.11844,0.11264,0.11328,4133626.6,FETUSDT
2020-09-01 00:00:00,0.11328,0.11876,0.1121,0.11281,9336554.3,FETUSDT
2020-09-01 04:00:00,0.11298,0.11636,0.11201,0.1151,5897120.9,FETUSDT
2020-09-01 08:00:00,0.1151,0.11547,0.11186,0.11187,4928243.4,FETUSDT
2020-09-01 12:00:00,0.11187,0.11394,0.11,0.11128,4311731.5,FETUSDT
2020-09-01 16:00:00,0.11153,0.116,0.11023,0.11546,5523782.2,FETUSDT
2020-09-01 20:00:00,0.11546,0.1158,0.11,0.11023,5105420.0,FETUSDT
2020-09-02 00:00:00,0.11029,0.1123,0.10145,0.11173,4473260.2,FETUSDT
2020-09-02 04:00:00,0.11176,0.11609,0.1112,0.11121,3444918.4,FETUSDT
2020-09-02 08:00:00,0.11121,0.1144,0.102,0.10701,5632904.7,FETUSDT
2020-09-02 12:00:00,0.10701,0.111,0.10519,0.10957,4831020.6,FETUSDT
2020-09-02 16:00:00,0.10951,0.11148,0.1049,0.1097,4312583.7,FETUSDT
2020-09-02 20:00:00,0.10951,0.11,0.10723,0.10744,1668808.2,FETUSDT
2020-09-03 00:00:00,0.10745,0.10932,0.104,0.10646,2317869.6,FETUSDT
2020-09-03 04:00:00,0.10646,0.10815,0.10155,0.10612,3861412.2,FETUSDT
2020-09-03 08:00:00,0.10615,0.11368,0.1055,0.10665,5309050.7,FETUSDT
2020-09-03 12:00:00,0.10634,0.10678,0.09418,0.1002,13248018.8,FETUSDT
2020-09-03 16:00:00,0.10028,0.103,0.09648,0.10094,4300914.6,FETUSDT
2020-09-03 20:00:00,0.10089,0.10497,0.0912,0.0919,3562710.1,FETUSDT
2020-09-04 00:00:00,0.09172,0.09408,0.0887,0.09355,4962730.0,FETUSDT
2020-09-04 04:00:00,0.09344,0.09402,0.07897,0.08301,7540187.7,FETUSDT
2020-09-04 08:00:00,0.08287,0.09131,0.08285,0.08715,11305415.3,FETUSDT
2020-09-04 12:00:00,0.08712,0.08874,0.08132,0.08641,9749186.7,FETUSDT
2020-09-04 16:00:00,0.0863,0.09073,0.08404,0.08961,4620380.7,FETUSDT
2020-09-04 20:00:00,0.08966,0.095,0.08867,0.091,4254905.3,FETUSDT
2020-09-05 00:00:00,0.09071,0.09465,0.08983,0.09212,2397113.5,FETUSDT
2020-09-05 04:00:00,0.09193,0.09274,0.08876,0.08911,2077676.6,FETUSDT
2020-09-05 08:00:00,0.08912,0.0893,0.0803,0.08222,7648088.7,FETUSDT
2020-09-05 12:00:00,0.08175,0.08619,0.08005,0.08333,6436762.5,FETUSDT
2020-09-05 16:00:00,0.08314,0.08339,0.0635,0.06769,13621152.1,FETUSDT
2020-09-05 20:00:00,0.06769,0.07518,0.06681,0.07406,7070262.9,FETUSDT
2020-09-06 00:00:00,0.07426,0.077,0.07292,0.07389,3145811.2,FETUSDT
2020-09-06 04:00:00,0.07396,0.07598,0.06793,0.07598,4662789.1,FETUSDT
2020-09-06 08:00:00,0.07598,0.0834,0.07434,0.07958,6517691.8,FETUSDT
2020-09-06 12:00:00,0.07968,0.08291,0.07773,0.07801,3339533.9,FETUSDT
2020-09-06 16:00:00,0.07801,0.08427,0.077,0.08322,4951540.3,FETUSDT
2020-09-06 20:00:00,0.0833,0.08445,0.08164,0.08408,2014284.3,FETUSDT
2020-09-07 00:00:00,0.08393,0.0844,0.0785,0.07867,3137535.5,FETUSDT
2020-09-07 04:00:00,0.07882,0.08017,0.075,0.07811,6612733.3,FETUSDT
2020-09-07 08:00:00,0.07811,0.08159,0.07118,0.072,8393434.1,FETUSDT
2020-09-07 12:00:00,0.072,0.07639,0.06842,0.07628,8894217.7,FETUSDT
2020-09-07 16:00:00,0.07627,0.084,0.07623,0.08172,6822316.3,FETUSDT
2020-09-07 20:00:00,0.08172,0.0852,0.07897,0.08422,3760420.6,FETUSDT
2020-09-08 00:00:00,0.08421,0.0846,0.08083,0.08154,2105334.4,FETUSDT
2020-09-08 04:00:00,0.08166,0.08338,0.08068,0.08178,2008458.8,FETUSDT
2020-09-08 08:00:00,0.08175,0.08248,0.074,0.07506,6711874.8,FETUSDT
2020-09-08 12:00:00,0.07506,0.0797,0.0746,0.07815,3585284.3,FETUSDT
2020-09-08 16:00:00,0.07815,0.07952,0.07491,0.07549,4681657.6,FETUSDT
2020-09-08 20:00:00,0.0755,0.07594,0.07258,0.07511,5361125.9,FETUSDT
2020-09-09 00:00:00,0.07495,0.07548,0.07201,0.0734,2314865.6,FETUSDT
2020-09-09 04:00:00,0.07347,0.07533,0.072,0.07514,3744671.6,FETUSDT
2020-09-09 08:00:00,0.07514,0.077,0.07448,0.07685,3251444.3,FETUSDT
2020-09-09 12:00:00,0.07687,0.08109,0.07636,0.08075,4427958.3,FETUSDT
2020-09-09 16:00:00,0.08062,0.08171,0.07801,0.07807,4984821.1,FETUSDT
2020-09-09 20:00:00,0.07807,0.07857,0.07647,0.07683,1896419.6,FETUSDT
2020-09-10 00:00:00,0.07681,0.0837,0.07681,0.08255,4402488.4,FETUSDT
2020-09-10 04:00:00,0.08275,0.08432,0.0785,0.0805,4690518.3,FETUSDT
2020-09-10 08:00:00,0.08043,0.095,0.07942,0.08473,10546992.2,FETUSDT
2020-09-10 12:00:00,0.08494,0.08799,0.0845,0.08743,6302211.7,FETUSDT
2020-09-10 16:00:00,0.08765,0.08791,0.08,0.08193,7199925.4,FETUSDT
2020-09-10 20:00:00,0.08193,0.08725,0.08077,0.08685,3699417.8,FETUSDT
2020-09-11 00:00:00,0.08693,0.08768,0.08098,0.08155,3156936.5,FETUSDT
2020-09-11 04:00:00,0.08132,0.08255,0.0786,0.08105,2913970.8,FETUSDT
2020-09-11 08:00:00,0.0811,0.08264,0.08105,0.08158,1251739.7,FETUSDT
2020-09-11 12:00:00,0.0813,0.084,0.08005,0.08212,2676646.5,FETUSDT
2020-09-11 16:00:00,0.08212,0.086,0.08169,0.08253,2091525.5,FETUSDT
2020-09-11 20:00:00,0.08274,0.0828,0.081,0.08252,2036443.7,FETUSDT
2020-09-12 00:00:00,0.08219,0.08286,0.08109,0.08245,1466860.3,FETUSDT
2020-09-12 04:00:00,0.08215,0.08295,0.08146,0.08286,1487355.9,FETUSDT
2020-09-12 08:00:00,0.08286,0.08494,0.08194,0.08439,2089279.0,FETUSDT
2020-09-12 12:00:00,0.0844,0.08486,0.08183,0.08452,2421514.7,FETUSDT
2020-09-12 16:00:00,0.08457,0.08675,0.08397,0.08586,3594042.4,FETUSDT
2020-09-12 20:00:00,0.086,0.08679,0.08509,0.0867,2115869.6,FETUSDT
2020-09-13 00:00:00,0.08652,0.0868,0.08334,0.08533,3021536.8,FETUSDT
2020-09-13 04:00:00,0.08551,0.08656,0.08485,0.08626,5886826.1,FETUSDT
2020-09-13 08:00:00,0.08638,0.0893,0.08004,0.0804,8297905.0,FETUSDT
2020-09-13 12:00:00,0.08035,0.08118,0.07821,0.07833,3267246.4,FETUSDT
2020-09-13 16:00:00,0.07831,0.07834,0.07477,0.07679,3862427.3,FETUSDT
2020-09-13 20:00:00,0.07673,0.07713,0.07555,0.07655,1548554.9,FETUSDT
2020-09-14 00:00:00,0.07622,0.07651,0.07329,0.07591,2101185.3,FETUSDT
2020-09-14 04:00:00,0.076,0.07632,0.07499,0.07613,2456838.4,FETUSDT
2020-09-14 08:00:00,0.0761,0.07745,0.07458,0.07644,5076909.3,FETUSDT
2020-09-14 12:00:00,0.07644,0.08103,0.07543,0.07941,6060596.9,FETUSDT
2020-09-14 16:00:00,0.0795,0.07975,0.075,0.07563,7887513.6,FETUSDT
2020-09-14 20:00:00,0.0756,0.07629,0.0737,0.07402,6945631.4,FETUSDT
2020-09-15 00:00:00,0.07402,0.07618,0.0732,0.07537,6121610.0,FETUSDT
2020-09-15 04:00:00,0.07505,0.07599,0.07357,0.07527,5700032.2,FETUSDT
2020-09-15 08:00:00,0.0753,0.0775,0.07412,0.07627,6275121.8,FETUSDT
2020-09-15 12:00:00,0.07627,0.07707,0.06987,0.07084,8374214.2,FETUSDT
2020-09-15 16:00:00,0.07084,0.07156,0.06856,0.06904,5755309.4,FETUSDT
2020-09-15 20:00:00,0.06908,0.06981,0.06509,0.06568,7276526.4,FETUSDT
2020-09-16 00:00:00,0.06566,0.06574,0.06444,0.06569,7189440.9,FETUSDT
2020-09-16 04:00:00,0.06562,0.07,0.06554,0.06688,6732614.5,FETUSDT
2020-09-16 08:00:00,0.06673,0.06673,0.06443,0.06484,5850056.0,FETUSDT
2020-09-16 12:00:00,0.06483,0.07139,0.06461,0.07107,5695664.5,FETUSDT
2020-09-16 16:00:00,0.07107,0.07108,0.06595,0.06647,5725493.8,FETUSDT
2020-09-16 20:00:00,0.06659,0.07064,0.06658,0.06971,4385490.1,FETUSDT
2020-09-17 00:00:00,0.06959,0.07098,0.06688,0.0671,3741587.7,FETUSDT
2020-09-17 04:00:00,0.06698,0.06885,0.06632,0.06712,6608438.3,FETUSDT
2020-09-17 08:00:00,0.06706,0.06864,0.0661,0.0677,3808933.3,FETUSDT
2020-09-17 12:00:00,0.06785,0.06786,0.0653,0.06646,4959692.9,FETUSDT
2020-09-17 16:00:00,0.06651,0.06878,0.06632,0.06868,7304472.1,FETUSDT
2020-09-17 20:00:00,0.06877,0.06999,0.0681,0.06896,4591605.8,FETUSDT
2020-09-18 00:00:00,0.06896,0.06934,0.06744,0.06844,4813733.8,FETUSDT
2020-09-18 04:00:00,0.06839,0.0687,0.06703,0.06723,2936822.2,FETUSDT
2020-09-18 08:00:00,0.06737,0.06815,0.06602,0.06685,5080068.8,FETUSDT
2020-09-18 12:00:00,0.06681,0.0676,0.06452,0.06519,6494683.8,FETUSDT
2020-09-18 16:00:00,0.06506,0.0653,0.06435,0.06524,5085648.6,FETUSDT
2020-09-18 20:00:00,0.065,0.06724,0.065,0.06569,3200384.1,FETUSDT
2020-09-19 00:00:00,0.06577,0.0678,0.06539,0.06716,2578083.1,FETUSDT
2020-09-19 04:00:00,0.06742,0.06875,0.06668,0.06759,3319386.0,FETUSDT
2020-09-19 08:00:00,0.06777,0.07075,0.06719,0.06971,6171867.8,FETUSDT
2020-09-19 12:00:00,0.06983,0.06999,0.06528,0.06589,3883004.0,FETUSDT
2020-09-19 16:00:00,0.06582,0.06754,0.06555,0.06701,4309059.5,FETUSDT
2020-09-19 20:00:00,0.06705,0.06796,0.06615,0.06784,2974307.9,FETUSDT
2020-09-20 00:00:00,0.06785,0.06835,0.06502,0.06641,2429953.8,FETUSDT
2020-09-20 04:00:00,0.06645,0.06765,0.06581,0.06699,3734714.0,FETUSDT
2020-09-20 08:00:00,0.067,0.069,0.06577,0.06639,4484306.5,FETUSDT
2020-09-20 12:00:00,0.06645,0.06652,0.06432,0.06484,5287423.7,FETUSDT
2020-09-20 16:00:00,0.06485,0.06735,0.06426,0.06537,4621121.1,FETUSDT
2020-09-20 20:00:00,0.06532,0.06662,0.06445,0.06626,4528010.4,FETUSDT
2020-09-21 00:00:00,0.06626,0.06851,0.06557,0.06847,6253889.1,FETUSDT
2020-09-21 04:00:00,0.06847,0.0699,0.06717,0.06759,5139327.8,FETUSDT
2020-09-21 08:00:00,0.06758,0.06772,0.06419,0.06503,5883660.2,FETUSDT
2020-09-21 12:00:00,0.06507,0.06658,0.06066,0.06432,9360174.1,FETUSDT
2020-09-21 16:00:00,0.06422,0.06422,0.05857,0.05962,7222877.2,FETUSDT
2020-09-21 20:00:00,0.05962,0.06033,0.05751,0.05752,2363756.2,FETUSDT
2020-09-22 00:00:00,0.05767,0.0591,0.05703,0.0582,2699304.3,FETUSDT
2020-09-22 04:00:00,0.05819,0.05861,0.0514,0.05262,8661319.9,FETUSDT
2020-09-22 08:00:00,0.05262,0.05413,0.05245,0.05336,3839847.4,FETUSDT
2020-09-22 12:00:00,0.053,0.0544,0.0514,0.05376,5743810.5,FETUSDT
2020-09-22 16:00:00,0.0538,0.05601,0.05369,0.055,7713278.6,FETUSDT
2020-09-22 20:00:00,0.05511,0.05611,0.054,0.05516,5613764.7,FETUSDT
2020-09-23 00:00:00,0.0552,0.05744,0.05519,0.05563,6842522.8,FETUSDT
2020-09-23 04:00:00,0.05566,0.05566,0.05115,0.05183,4388294.6,FETUSDT
2020-09-23 08:00:00,0.05172,0.05359,0.05145,0.0531,2251852.1,FETUSDT
2020-09-23 12:00:00,0.05311,0.05443,0.05223,0.05264,3409291.3,FETUSDT
2020-09-23 16:00:00,0.05259,0.05477,0.04988,0.05043,2886887.9,FETUSDT
2020-09-23 20:00:00,0.0504,0.05081,0.04713,0.04735,4997887.5,FETUSDT
2020-09-24 00:00:00,0.04737,0.04784,0.04639,0.04751,5753182.8,FETUSDT
2020-09-24 04:00:00,0.04756,0.04915,0.04673,0.04902,3562995.6,FETUSDT
2020-09-24 08:00:00,0.04903,0.051,0.048,0.04956,4611697.7,FETUSDT
2020-09-24 12:00:00,0.04968,0.052,0.04779,0.05166,3168866.4,FETUSDT
2020-09-24 16:00:00,0.05198,0.05799,0.05176,0.05534,8797674.1,FETUSDT
2020-09-24 20:00:00,0.05539,0.05907,0.05524,0.05764,6260468.0,FETUSDT
2020-09-25 00:00:00,0.05768,0.06214,0.0576,0.05878,7932150.9,FETUSDT
2020-09-25 04:00:00,0.05882,0.05975,0.05655,0.05809,5058122.6,FETUSDT
2020-09-25 08:00:00,0.05838,0.0585,0.0553,0.05816,5777627.8,FETUSDT
2020-09-25 12:00:00,0.05816,0.05929,0.05558,0.05782,4286985.7,FETUSDT
2020-09-25 16:00:00,0.05796,0.061,0.05775,0.05915,6574431.6,FETUSDT
2020-09-25 20:00:00,0.05956,0.06156,0.05901,0.06113,6463198.3,FETUSDT
2020-09-26 00:00:00,0.0608,0.06258,0.06045,0.06106,3571193.9,FETUSDT
2020-09-26 04:00:00,0.06101,0.06245,0.05969,0.05972,3553665.4,FETUSDT
2020-09-26 08:00:00,0.05972,0.06097,0.05864,0.06025,4774766.0,FETUSDT
2020-09-26 12:00:00,0.0601,0.06158,0.05731,0.06056,3916839.5,FETUSDT
2020-09-26 16:00:00,0.06054,0.06054,0.05781,0.05796,2117815.0,FETUSDT
2020-09-26 20:00:00,0.05816,0.06061,0.05801,0.05893,6372131.7,FETUSDT
2020-09-27 00:00:00,0.05883,0.06005,0.0587,0.06005,3400512.3,FETUSDT
2020-09-27 04:00:00,0.06007,0.06078,0.05606,0.05837,4866978.7,FETUSDT
2020-09-27 08:00:00,0.0583,0.0583,0.05492,0.05532,4117985.6,FETUSDT
2020-09-27 12:00:00,0.05524,0.05869,0.05416,0.05796,3224971.8,FETUSDT
2020-09-27 16:00:00,0.05794,0.06021,0.05794,0.05978,5098852.9,FETUSDT
2020-09-27 20:00:00,0.05996,0.05999,0.05887,0.05924,1154996.8,FETUSDT
2020-09-28 00:00:00,0.05941,0.06083,0.05941,0.06012,3295320.9,FETUSDT
2020-09-28 04:00:00,0.06023,0.06395,0.06014,0.06183,3310709.9,FETUSDT
2020-09-28 08:00:00,0.06197,0.0633,0.06153,0.06321,2853711.3,FETUSDT
2020-09-28 12:00:00,0.06321,0.0643,0.06171,0.0643,7086452.8,FETUSDT
2020-09-28 16:00:00,0.06435,0.06875,0.064,0.06489,8367444.8,FETUSDT
2020-09-28 20:00:00,0.065,0.06775,0.06114,0.06259,4137655.0,FETUSDT
2020-09-29 00:00:00,0.06234,0.0649,0.0615,0.0643,6871402.8,FETUSDT
2020-09-29 04:00:00,0.06419,0.0651,0.06233,0.06445,6394034.8,FETUSDT
2020-09-29 08:00:00,0.06426,0.0677,0.06363,0.06715,4809196.8,FETUSDT
2020-09-29 12:00:00,0.06726,0.06879,0.06632,0.06716,5859504.5,FETUSDT
2020-09-29 16:00:00,0.06716,0.0685,0.065,0.06691,4638971.7,FETUSDT
2020-09-29 20:00:00,0.06691,0.07274,0.06691,0.07136,7761719.1,FETUSDT
2020-09-30 00:00:00,0.07138,0.074,0.06977,0.0732,6277734.4,FETUSDT
2020-09-30 04:00:00,0.0732,0.07598,0.07114,0.07122,8253268.2,FETUSDT
2020-09-30 08:00:00,0.07127,0.07233,0.06751,0.06769,7900876.6,FETUSDT
2020-09-30 12:00:00,0.06764,0.07172,0.06747,0.07158,5753899.9,FETUSDT
2020-09-30 16:00:00,0.0716,0.07171,0.06723,0.06818,4572959.3,FETUSDT
2020-09-30 20:00:00,0.06816,0.06944,0.06778,0.06888,3447279.5,FETUSDT
2020-10-01 00:00:00,0.06888,0.06898,0.06805,0.06833,4537714.2,FETUSDT
2020-10-01 04:00:00,0.06839,0.07143,0.06776,0.07073,3762495.0,FETUSDT
2020-10-01 08:00:00,0.07098,0.07204,0.06868,0.06953,2452042.0,FETUSDT
2020-10-01 12:00:00,0.06953,0.06953,0.06401,0.06401,8111818.9,FETUSDT
2020-10-01 16:00:00,0.064,0.06408,0.06,0.06209,9201316.3,FETUSDT
2020-10-01 20:00:00,0.06185,0.0633,0.06133,0.06166,3590637.7,FETUSDT
2020-10-02 00:00:00,0.06169,0.0617,0.05885,0.05996,5718387.4,FETUSDT
2020-10-02 04:00:00,0.05994,0.06009,0.05419,0.05631,8589468.5,FETUSDT
2020-10-02 08:00:00,0.05628,0.05645,0.05303,0.05388,6889915.0,FETUSDT
2020-10-02 12:00:00,0.05396,0.05694,0.0535,0.05505,6277105.1,FETUSDT
2020-10-02 16:00:00,0.05524,0.05742,0.05371,0.05382,5998878.3,FETUSDT
2020-10-02 20:00:00,0.05388,0.05489,0.05263,0.05477,3451969.4,FETUSDT
2020-10-03 00:00:00,0.05478,0.05501,0.05434,0.0546,2161306.8,FETUSDT
2020-10-03 04:00:00,0.05441,0.05515,0.05396,0.05401,2807621.8,FETUSDT
2020-10-03 08:00:00,0.05404,0.05604,0.05341,0.05525,4095158.6,FETUSDT
2020-10-03 12:00:00,0.05525,0.05563,0.0548,0.05538,2094183.8,FETUSDT
2020-10-03 16:00:00,0.05522,0.05555,0.05309,0.05382,8401063.9,FETUSDT
2020-10-03 20:00:00,0.05384,0.05425,0.05088,0.05104,7686300.1,FETUSDT
2020-10-04 00:00:00,0.05104,0.05169,0.05031,0.05101,3174026.3,FETUSDT
2020-10-04 04:00:00,0.05092,0.05224,0.0508,0.05169,5077243.3,FETUSDT
2020-10-04 08:00:00,0.05166,0.05228,0.05039,0.05102,2877419.1,FETUSDT
2020-10-04 12:00:00,0.05104,0.05196,0.05058,0.05135,5332252.4,FETUSDT
2020-10-04 16:00:00,0.05133,0.05269,0.05109,0.05234,6252697.0,FETUSDT
2020-10-04 20:00:00,0.05243,0.05254,0.05166,0.05235,4138284.8,FETUSDT
2020-10-05 00:00:00,0.05236,0.05393,0.05225,0.05307,5145525.2,FETUSDT
2020-10-05 04:00:00,0.05309,0.05415,0.05167,0.05277,5062117.9,FETUSDT
2020-10-05 08:00:00,0.05288,0.05288,0.05126,0.0514,3223533.7,FETUSDT
2020-10-05 12:00:00,0.0514,0.05227,0.05123,0.05161,3652736.6,FETUSDT
2020-10-05 16:00:00,0.05159,0.05201,0.05056,0.05121,6843390.7,FETUSDT
2020-10-05 20:00:00,0.0512,0.05199,0.05086,0.05177,6415322.7,FETUSDT
2020-10-06 00:00:00,0.05178,0.05191,0.05122,0.05177,3236733.2,FETUSDT
2020-10-06 04:00:00,0.05162,0.05189,0.04829,0.04885,3798705.0,FETUSDT
2020-10-06 08:00:00,0.04882,0.04921,0.0468,0.04744,4968408.6,FETUSDT
2020-10-06 12:00:00,0.04744,0.04819,0.0468,0.04811,4458124.7,FETUSDT
2020-10-06 16:00:00,0.04811,0.04815,0.04599,0.0465,6605426.6,FETUSDT
2020-10-06 20:00:00,0.04633,0.04639,0.04392,0.04407,4799438.1,FETUSDT
2020-10-07 00:00:00,0.04405,0.04486,0.04326,0.04403,8292795.6,FETUSDT
2020-10-07 04:00:00,0.04391,0.04534,0.04383,0.04478,4908067.3,FETUSDT
2020-10-07 08:00:00,0.04482,0.04488,0.04381,0.04421,2265092.0,FETUSDT
2020-10-07 12:00:00,0.04428,0.04575,0.04428,0.04547,3001527.0,FETUSDT
2020-10-07 16:00:00,0.04547,0.04555,0.04332,0.04506,7273492.9,FETUSDT
2020-10-07 20:00:00,0.04505,0.04681,0.04476,0.04642,2940267.0,FETUSDT
2020-10-08 00:00:00,0.04642,0.04642,0.04436,0.04531,3327485.3,FETUSDT
2020-10-08 04:00:00,0.04521,0.04524,0.0432,0.04357,3719890.6,FETUSDT
2020-10-08 08:00:00,0.0434,0.04522,0.04333,0.04487,4629790.6,FETUSDT
2020-10-08 12:00:00,0.04479,0.04797,0.04437,0.04688,7461321.8,FETUSDT
2020-10-08 16:00:00,0.04697,0.0473,0.04617,0.04665,4398069.7,FETUSDT
2020-10-08 20:00:00,0.04663,0.05319,0.04662,0.05109,10305972.4,FETUSDT
2020-10-09 00:00:00,0.05109,0.05128,0.04912,0.04977,1716481.0,FETUSDT
2020-10-09 04:00:00,0.0498,0.05202,0.0485,0.05202,5195717.1,FETUSDT
2020-10-09 08:00:00,0.05203,0.05267,0.05054,0.05155,5749566.9,FETUSDT
2020-10-09 12:00:00,0.05156,0.054,0.05128,0.0537,4782504.5,FETUSDT
2020-10-09 16:00:00,0.0537,0.05517,0.0524,0.05287,4540838.4,FETUSDT
2020-10-09 20:00:00,0.05286,0.05464,0.05281,0.05365,1173593.7,FETUSDT
2020-10-10 00:00:00,0.05351,0.05508,0.05311,0.05475,2511076.0,FETUSDT
2020-10-10 04:00:00,0.05475,0.05625,0.054,0.05578,4916239.4,FETUSDT
2020-10-10 08:00:00,0.05589,0.05615,0.05269,0.05424,6168067.8,FETUSDT
2020-10-10 12:00:00,0.05424,0.05539,0.05389,0.05462,3489065.6,FETUSDT
2020-10-10 16:00:00,0.05463,0.05481,0.05271,0.05336,2927374.0,FETUSDT
2020-10-10 20:00:00,0.05341,0.05342,0.052,0.05217,1734316.3,FETUSDT
2020-10-11 00:00:00,0.05223,0.05245,0.05035,0.0505,1902895.5,FETUSDT
2020-10-11 04:00:00,0.05063,0.05188,0.05002,0.05188,3327062.3,FETUSDT
2020-10-11 08:00:00,0.05191,0.053,0.05161,0.05267,3763004.2,FETUSDT
2020-10-11 12:00:00,0.05261,0.053,0.05184,0.05279,3357905.1,FETUSDT
2020-10-11 16:00:00,0.05297,0.05448,0.0529,0.05362,4391753.4,FETUSDT
2020-10-11 20:00:00,0.05363,0.05419,0.05299,0.05378,4392633.4,FETUSDT
2020-10-12 00:00:00,0.05384,0.05699,0.05375,0.05562,4591971.9,FETUSDT
2020-10-12 04:00:00,0.05547,0.05734,0.0545,0.05627,4692429.5,FETUSDT
2020-10-12 08:00:00,0.05627,0.05651,0.05288,0.05345,3730199.5,FETUSDT
2020-10-12 12:00:00,0.05348,0.05667,0.05328,0.0566,4746732.9,FETUSDT
2020-10-12 16:00:00,0.05661,0.0587,0.0557,0.056,15472795.6,FETUSDT
2020-10-12 20:00:00,0.05608,0.05652,0.0539,0.05404,4054366.9,FETUSDT
2020-10-13 00:00:00,0.05402,0.05489,0.05371,0.0542,938099.9,FETUSDT
2020-10-13 04:00:00,0.0542,0.05559,0.0542,0.05472,3666413.7,FETUSDT
2020-10-13 08:00:00,0.05471,0.058,0.05467,0.05618,9103120.4,FETUSDT
2020-10-13 12:00:00,0.05626,0.05745,0.0536,0.0546,6607283.8,FETUSDT
2020-10-13 16:00:00,0.0546,0.05492,0.05174,0.0533,4952655.9,FETUSDT
2020-10-13 20:00:00,0.0533,0.05376,0.05281,0.053,986979.6,FETUSDT
2020-10-14 00:00:00,0.05301,0.05432,0.05263,0.0528,1369468.0,FETUSDT
2020-10-14 04:00:00,0.05297,0.05314,0.05206,0.05279,4050721.3,FETUSDT
2020-10-14 08:00:00,0.05277,0.05351,0.05106,0.05138,3191503.6,FETUSDT
2020-10-14 12:00:00,0.05138,0.05315,0.051,0.05118,3656168.6,FETUSDT
2020-10-14 16:00:00,0.05117,0.0516,0.0496,0.05076,3935656.7,FETUSDT
2020-10-14 20:00:00,0.05053,0.05229,0.05053,0.05191,3363201.6,FETUSDT
2020-10-15 00:00:00,0.05191,0.05198,0.05024,0.05074,3330450.1,FETUSDT
2020-10-15 04:00:00,0.05074,0.05198,0.05044,0.05101,3383250.4,FETUSDT
2020-10-15 08:00:00,0.05123,0.05124,0.04853,0.04929,3818496.2,FETUSDT
2020-10-15 12:00:00,0.04919,0.05145,0.0485,0.05075,4654271.5,FETUSDT
2020-10-15 16:00:00,0.05064,0.05135,0.05024,0.05105,2973791.3,FETUSDT
2020-10-15 20:00:00,0.05097,0.05147,0.05,0.05039,4488239.3,FETUSDT
2020-10-16 00:00:00,0.05035,0.05198,0.05004,0.05094,5176412.4,FETUSDT
2020-10-16 04:00:00,0.05076,0.05099,0.04645,0.04774,7136369.0,FETUSDT
2020-10-16 08:00:00,0.04781,0.04999,0.04649,0.04943,7285595.6,FETUSDT
2020-10-16 12:00:00,0.04912,0.05064,0.04634,0.04675,6104604.7,FETUSDT
2020-10-16 16:00:00,0.04677,0.04715,0.0436,0.04365,9270121.5,FETUSDT
2020-10-16 20:00:00,0.04365,0.04405,0.0434,0.04366,2993467.7,FETUSDT
2020-10-17 00:00:00,0.04367,0.04458,0.04338,0.04448,2411128.3,FETUSDT
2020-10-17 04:00:00,0.04452,0.04619,0.04437,0.04602,6784627.8,FETUSDT
2020-10-17 08:00:00,0.04604,0.0468,0.04532,0.04613,3760852.6,FETUSDT
2020-10-17 12:00:00,0.04613,0.0463,0.04503,0.0457,4162098.9,FETUSDT
2020-10-17 16:00:00,0.04588,0.0474,0.04477,0.04723,4134662.7,FETUSDT
2020-10-17 20:00:00,0.04721,0.0475,0.04624,0.0472,1089666.7,FETUSDT
2020-10-18 00:00:00,0.04723,0.04769,0.0464,0.04657,1077035.4,FETUSDT
2020-10-18 04:00:00,0.04656,0.04922,0.04608,0.04922,6159450.3,FETUSDT
2020-10-18 08:00:00,0.04922,0.05051,0.04839,0.05027,5160128.1,FETUSDT
2020-10-18 12:00:00,0.05043,0.0506,0.04883,0.04912,4098636.2,FETUSDT
2020-10-18 16:00:00,0.04913,0.04981,0.04835,0.04862,5023894.6,FETUSDT
2020-10-18 20:00:00,0.04862,0.04955,0.04841,0.04868,2333069.7,FETUSDT
2020-10-19 00:00:00,0.04874,0.04903,0.04653,0.04704,3275651.1,FETUSDT
2020-10-19 04:00:00,0.04703,0.04808,0.04681,0.04793,4003910.2,FETUSDT
2020-10-19 08:00:00,0.04793,0.04933,0.04775,0.04919,5465765.0,FETUSDT
2020-10-19 12:00:00,0.04919,0.05,0.04879,0.04921,5282416.9,FETUSDT
2020-10-19 16:00:00,0.04913,0.04939,0.04792,0.04839,5393758.8,FETUSDT
2020-10-19 20:00:00,0.04835,0.052,0.04833,0.05006,8465207.0,FETUSDT
2020-10-20 00:00:00,0.05017,0.052,0.04921,0.05106,6162121.2,FETUSDT
2020-10-20 04:00:00,0.05106,0.05237,0.0472,0.04769,7350688.2,FETUSDT
2020-10-20 08:00:00,0.04769,0.04822,0.04528,0.04593,8014099.4,FETUSDT
2020-10-20 12:00:00,0.04593,0.04632,0.04472,0.04521,5323633.6,FETUSDT
2020-10-20 16:00:00,0.04498,0.0458,0.04436,0.04519,3742065.5,FETUSDT
2020-10-20 20:00:00,0.0452,0.0465,0.04469,0.04514,3889400.3,FETUSDT
2020-10-21 00:00:00,0.04505,0.0483,0.04476,0.04813,5214350.1,FETUSDT
2020-10-21 04:00:00,0.04813,0.04831,0.04647,0.04681,4982900.3,FETUSDT
2020-10-21 08:00:00,0.04699,0.04753,0.04636,0.04697,4723737.3,FETUSDT
2020-10-21 12:00:00,0.04707,0.04817,0.04593,0.04686,8456411.7,FETUSDT
2020-10-21 16:00:00,0.04682,0.04732,0.0463,0.04658,5859054.6,FETUSDT
2020-10-21 20:00:00,0.04658,0.04663,0.045,0.04545,4786042.9,FETUSDT
2020-10-22 00:00:00,0.04564,0.0474,0.04558,0.04685,4022879.1,FETUSDT
2020-10-22 04:00:00,0.04671,0.05075,0.04633,0.0498,11408265.1,FETUSDT
2020-10-22 08:00:00,0.04968,0.051,0.04872,0.05025,6709470.6,FETUSDT
2020-10-22 12:00:00,0.05023,0.0507,0.04912,0.0499,5864123.2,FETUSDT
2020-10-22 16:00:00,0.04993,0.05098,0.0492,0.0493,2650083.0,FETUSDT
2020-10-22 20:00:00,0.0493,0.05042,0.04848,0.04901,3135740.9,FETUSDT
2020-10-23 00:00:00,0.0491,0.05018,0.04808,0.0489,3855092.9,FETUSDT
2020-10-23 04:00:00,0.0489,0.05099,0.0489,0.04964,3835165.0,FETUSDT
2020-10-23 08:00:00,0.04986,0.05335,0.04964,0.05315,7240476.3,FETUSDT
2020-10-23 12:00:00,0.05315,0.05326,0.05115,0.05167,7028824.5,FETUSDT
2020-10-23 16:00:00,0.05155,0.05175,0.04931,0.05094,4337652.4,FETUSDT
2020-10-23 20:00:00,0.05095,0.05349,0.05074,0.05312,3747253.2,FETUSDT
2020-10-24 00:00:00,0.05318,0.05491,0.05152,0.05455,4820945.3,FETUSDT
2020-10-24 04:00:00,0.05464,0.05487,0.05242,0.05279,4879606.4,FETUSDT
2020-10-24 08:00:00,0.05279,0.0543,0.05259,0.05292,5578764.9,FETUSDT
2020-10-24 12:00:00,0.05289,0.05453,0.05239,0.05357,5048234.6,FETUSDT
2020-10-24 16:00:00,0.05348,0.056,0.053,0.056,5894239.8,FETUSDT
2020-10-24 20:00:00,0.056,0.0577,0.0553,0.05642,4958336.9,FETUSDT
2020-10-25 00:00:00,0.05636,0.0576,0.05522,0.05616,3326290.1,FETUSDT
2020-10-25 04:00:00,0.05615,0.05705,0.053,0.05444,8729400.2,FETUSDT
2020-10-25 08:00:00,0.05433,0.05498,0.05186,0.05278,5651348.1,FETUSDT
2020-10-25 12:00:00,0.05278,0.05415,0.0525,0.05264,6240035.7,FETUSDT
2020-10-25 16:00:00,0.05267,0.054,0.05122,0.0515,10629202.5,FETUSDT
2020-10-25 20:00:00,0.0516,0.05183,0.05082,0.0511,4819047.8,FETUSDT
2020-10-26 00:00:00,0.0511,0.05145,0.0502,0.05133,4276954.5,FETUSDT
2020-10-26 04:00:00,0.05131,0.05178,0.05105,0.05159,3460335.0,FETUSDT
2020-10-26 08:00:00,0.05153,0.05301,0.05153,0.05269,4613845.9,FETUSDT
2020-10-26 12:00:00,0.05286,0.053,0.04667,0.04789,12861335.7,FETUSDT
2020-10-26 16:00:00,0.04788,0.04841,0.04628,0.04816,7724591.1,FETUSDT
2020-10-26 20:00:00,0.04809,0.04816,0.04687,0.04778,5774935.6,FETUSDT
2020-10-27 00:00:00,0.04782,0.04816,0.04556,0.04573,4269718.3,FETUSDT
2020-10-27 04:00:00,0.04574,0.0473,0.04569,0.04683,5156401.6,FETUSDT
2020-10-27 08:00:00,0.04678,0.04678,0.04568,0.04668,4229654.2,FETUSDT
2020-10-27 12:00:00,0.04668,0.04804,0.04618,0.048,5069671.8,FETUSDT
2020-10-27 16:00:00,0.04804,0.04859,0.04659,0.04767,4042901.8,FETUSDT
2020-10-27 20:00:00,0.04768,0.04768,0.04596,0.04683,5107178.3,FETUSDT
2020-10-28 00:00:00,0.04671,0.04737,0.04629,0.04657,3236913.9,FETUSDT
2020-10-28 04:00:00,0.04646,0.04677,0.04359,0.04386,5638812.5,FETUSDT
2020-10-28 08:00:00,0.04386,0.04471,0.0435,0.04409,4798341.5,FETUSDT
2020-10-28 12:00:00,0.04401,0.04582,0.04376,0.04575,7894957.0,FETUSDT
2020-10-28 16:00:00,0.04567,0.04585,0.04473,0.04483,3588712.3,FETUSDT
2020-10-28 20:00:00,0.04483,0.04518,0.0436,0.04518,2365704.6,FETUSDT
2020-10-29 00:00:00,0.04509,0.04726,0.04494,0.04719,5411114.2,FETUSDT
2020-10-29 04:00:00,0.04713,0.04752,0.04531,0.0455,3441657.3,FETUSDT
2020-10-29 08:00:00,0.04551,0.04644,0.0444,0.0444,4454345.7,FETUSDT
2020-10-29 12:00:00,0.04443,0.04737,0.04382,0.047,4944751.5,FETUSDT
2020-10-29 16:00:00,0.04682,0.0477,0.04502,0.04532,6329394.3,FETUSDT
2020-10-29 20:00:00,0.04515,0.046,0.04472,0.04583,1606037.6,FETUSDT
2020-10-30 00:00:00,0.04576,0.04602,0.04392,0.04393,2988192.4,FETUSDT
2020-10-30 04:00:00,0.04399,0.0447,0.04371,0.0442,4394214.1,FETUSDT
2020-10-30 08:00:00,0.04432,0.045,0.04351,0.0444,3884607.6,FETUSDT
2020-10-30 12:00:00,0.0444,0.04578,0.04404,0.0443,4021357.2,FETUSDT
2020-10-30 16:00:00,0.04421,0.04574,0.04401,0.0453,4548713.0,FETUSDT
2020-10-30 20:00:00,0.0453,0.04544,0.04425,0.04512,2489933.9,FETUSDT
2020-10-31 00:00:00,0.0452,0.04609,0.04472,0.04585,3953336.4,FETUSDT
2020-10-31 04:00:00,0.04585,0.04687,0.04565,0.04647,3960460.4,FETUSDT
2020-10-31 08:00:00,0.04656,0.04656,0.04457,0.04564,3922862.4,FETUSDT
2020-10-31 12:00:00,0.04567,0.04625,0.04508,0.04528,3095855.2,FETUSDT
2020-10-31 16:00:00,0.04537,0.0461,0.045,0.04525,4530099.7,FETUSDT
2020-10-31 20:00:00,0.04525,0.04536,0.04387,0.04405,4060452.5,FETUSDT
2020-11-01 00:00:00,0.04405,0.04466,0.04372,0.04422,2328470.4,FETUSDT
2020-11-01 04:00:00,0.04423,0.04506,0.044,0.04488,3245239.4,FETUSDT
2020-11-01 08:00:00,0.04492,0.04565,0.04454,0.04479,3789212.3,FETUSDT
2020-11-01 12:00:00,0.04475,0.0452,0.04424,0.04471,3299875.9,FETUSDT
2020-11-01 16:00:00,0.04473,0.04496,0.04401,0.04473,2775497.4,FETUSDT
2020-11-01 20:00:00,0.04473,0.04576,0.04462,0.04523,2958114.6,FETUSDT
2020-11-02 00:00:00,0.04542,0.04629,0.045,0.04571,4588669.5,FETUSDT
2020-11-02 04:00:00,0.04559,0.04573,0.04513,0.04553,3212283.4,FETUSDT
2020-11-02 08:00:00,0.04568,0.0458,0.04296,0.0435,10730310.8,FETUSDT
2020-11-02 12:00:00,0.04345,0.04356,0.04012,0.04096,11998211.0,FETUSDT
2020-11-02 16:00:00,0.04096,0.04159,0.04043,0.04068,2607302.5,FETUSDT
2020-11-02 20:00:00,0.04068,0.04129,0.04025,0.0404,1977525.8,FETUSDT
2020-11-03 00:00:00,0.04038,0.04078,0.03827,0.03852,5342047.8,FETUSDT
2020-11-03 04:00:00,0.03847,0.03926,0.03773,0.03914,6253530.7,FETUSDT
2020-11-03 08:00:00,0.03915,0.0399,0.03882,0.03967,2687049.9,FETUSDT
2020-11-03 12:00:00,0.03972,0.03976,0.0381,0.03858,3260214.1,FETUSDT
2020-11-03 16:00:00,0.03862,0.039,0.03737,0.03869,3344588.6,FETUSDT
2020-11-03 20:00:00,0.03869,0.03869,0.03699,0.03699,1909273.9,FETUSDT
2020-11-04 00:00:00,0.03718,0.03812,0.03699,0.03803,2410430.9,FETUSDT
2020-11-04 04:00:00,0.03795,0.03829,0.03696,0.03726,4407849.6,FETUSDT
2020-11-04 08:00:00,0.03721,0.03761,0.03678,0.03703,5213807.2,FETUSDT
2020-11-04 12:00:00,0.03701,0.038,0.03692,0.03704,3657978.6,FETUSDT
2020-11-04 16:00:00,0.03703,0.03933,0.03703,0.03878,5534174.4,FETUSDT
2020-11-04 20:00:00,0.03873,0.03985,0.03827,0.03956,2315955.9,FETUSDT
2020-11-05 00:00:00,0.0395,0.03994,0.03918,0.03965,2077530.2,FETUSDT
2020-11-05 04:00:00,0.03951,0.03974,0.03816,0.0383,4059363.2,FETUSDT
2020-11-05 08:00:00,0.0383,0.03851,0.03722,0.03774,3043067.5,FETUSDT
2020-11-05 12:00:00,0.03765,0.04072,0.0372,0.03888,13013627.0,FETUSDT
2020-11-05 16:00:00,0.03895,0.041,0.03863,0.04039,8527261.9,FETUSDT
2020-11-05 20:00:00,0.04034,0.04038,0.03938,0.03972,2315977.0,FETUSDT
2020-11-06 00:00:00,0.0399,0.04173,0.03956,0.04109,3659650.4,FETUSDT
2020-11-06 04:00:00,0.04098,0.04297,0.04098,0.04292,7759447.3,FETUSDT
2020-11-06 08:00:00,0.04297,0.04374,0.0414,0.04364,6884396.2,FETUSDT
2020-11-06 12:00:00,0.04354,0.04523,0.0423,0.04324,9280334.9,FETUSDT
2020-11-06 16:00:00,0.04329,0.0444,0.04325,0.04344,5028485.9,FETUSDT
2020-11-06 20:00:00,0.04345,0.04445,0.04225,0.04374,4657587.2,FETUSDT
2020-11-07 00:00:00,0.04374,0.04778,0.04374,0.04547,7335099.4,FETUSDT
2020-11-07 04:00:00,0.0454,0.04691,0.04527,0.04667,5036443.8,FETUSDT
2020-11-07 08:00:00,0.04666,0.048,0.04623,0.0477,6521032.2,FETUSDT
2020-11-07 12:00:00,0.04761,0.04919,0.04296,0.04424,10399277.7,FETUSDT
2020-11-07 16:00:00,0.04419,0.04491,0.03893,0.03965,9776603.7,FETUSDT
2020-11-07 20:00:00,0.03965,0.04172,0.03901,0.04005,7880862.6,FETUSDT
2020-11-08 00:00:00,0.04005,0.04155,0.03955,0.0412,2136875.3,FETUSDT
2020-11-08 04:00:00,0.04107,0.04149,0.04056,0.04102,4261404.8,FETUSDT
2020-11-08 08:00:00,0.04104,0.04253,0.04091,0.0425,5768563.4,FETUSDT
2020-11-08 12:00:00,0.04243,0.04415,0.04186,0.04369,6363059.3,FETUSDT
2020-11-08 16:00:00,0.04372,0.04448,0.04229,0.04293,6424024.0,FETUSDT
2020-11-08 20:00:00,0.04293,0.04313,0.041,0.04196,5236136.9,FETUSDT
2020-11-09 00:00:00,0.04196,0.04251,0.04174,0.04207,2385895.3,FETUSDT
2020-11-09 04:00:00,0.042,0.042,0.04001,0.04024,3994784.9,FETUSDT
2020-11-09 08:00:00,0.04024,0.04237,0.03977,0.04215,6056358.5,FETUSDT
2020-11-09 12:00:00,0.0421,0.04216,0.03938,0.03963,8713750.2,FETUSDT
2020-11-09 16:00:00,0.03973,0.04167,0.0392,0.04164,4999435.6,FETUSDT
2020-11-09 20:00:00,0.04172,0.04305,0.04109,0.04225,3508417.8,FETUSDT
2020-11-10 00:00:00,0.0423,0.0448,0.04136,0.0437,7556622.6,FETUSDT
2020-11-10 04:00:00,0.04371,0.0467,0.04337,0.04518,7289182.8,FETUSDT
2020-11-10 08:00:00,0.04506,0.04773,0.04435,0.04531,8592764.6,FETUSDT
2020-11-10 12:00:00,0.04537,0.0474,0.04357,0.04417,8761012.5,FETUSDT
2020-11-10 16:00:00,0.04417,0.04707,0.04408,0.04587,6167924.0,FETUSDT
2020-11-10 20:00:00,0.04599,0.04678,0.04533,0.0457,3314942.0,FETUSDT
2020-11-11 00:00:00,0.04572,0.04753,0.04566,0.04676,12199335.8,FETUSDT
2020-11-11 04:00:00,0.0468,0.04771,0.04568,0.04745,6821605.0,FETUSDT
2020-11-11 08:00:00,0.04744,0.04915,0.04698,0.04705,8113848.9,FETUSDT
2020-11-11 12:00:00,0.04712,0.04743,0.0451,0.04643,4416395.1,FETUSDT
2020-11-11 16:00:00,0.04641,0.04673,0.04535,0.04604,4087179.2,FETUSDT
2020-11-11 20:00:00,0.04608,0.04608,0.04406,0.04484,4076992.2,FETUSDT
2020-11-12 00:00:00,0.0449,0.04551,0.0436,0.04487,4331238.1,FETUSDT
2020-11-12 04:00:00,0.04495,0.04548,0.04429,0.0448,3571415.2,FETUSDT
2020-11-12 08:00:00,0.04476,0.04675,0.04315,0.04363,6353594.0,FETUSDT
2020-11-12 12:00:00,0.04359,0.04405,0.04335,0.04346,5189312.9,FETUSDT
2020-11-12 16:00:00,0.04345,0.04372,0.041,0.04163,5990131.5,FETUSDT
2020-11-12 20:00:00,0.04171,0.04289,0.04147,0.04173,5976131.8,FETUSDT
2020-11-13 00:00:00,0.04176,0.04285,0.04112,0.04279,4444622.6,FETUSDT
2020-11-13 04:00:00,0.04278,0.04331,0.04167,0.04331,4584857.7,FETUSDT
2020-11-13 08:00:00,0.04327,0.04551,0.0431,0.04461,4473339.1,FETUSDT
2020-11-13 12:00:00,0.04461,0.04702,0.04461,0.04567,8680821.1,FETUSDT
2020-11-13 16:00:00,0.04562,0.04793,0.04445,0.04712,7726803.1,FETUSDT
2020-11-13 20:00:00,0.04712,0.04835,0.04558,0.046,8317357.4,FETUSDT
2020-11-14 00:00:00,0.04615,0.0464,0.04503,0.04533,6870000.7,FETUSDT
2020-11-14 04:00:00,0.04542,0.04549,0.04355,0.04377,7923091.8,FETUSDT
2020-11-14 08:00:00,0.04382,0.04412,0.04231,0.04339,7574748.0,FETUSDT
2020-11-14 12:00:00,0.04325,0.04435,0.043,0.04337,6938804.1,FETUSDT
2020-11-14 16:00:00,0.04339,0.04425,0.0425,0.04375,8146658.0,FETUSDT
2020-11-14 20:00:00,0.04375,0.04471,0.04338,0.04454,3643139.3,FETUSDT
2020-11-15 00:00:00,0.04436,0.04544,0.0434,0.04344,2636956.9,FETUSDT
2020-11-15 04:00:00,0.04356,0.0448,0.04266,0.04411,8218152.4,FETUSDT
2020-11-15 08:00:00,0.04411,0.04471,0.0435,0.04354,5426372.2,FETUSDT
2020-11-15 12:00:00,0.04353,0.04467,0.04335,0.04394,6994908.2,FETUSDT
2020-11-15 16:00:00,0.04392,0.04434,0.0415,0.04161,7836120.0,FETUSDT
2020-11-15 20:00:00,0.0416,0.04245,0.04071,0.04241,5858024.4,FETUSDT
2020-11-16 00:00:00,0.04234,0.04247,0.04157,0.04233,1921882.3,FETUSDT
2020-11-16 04:00:00,0.04233,0.0437,0.04233,0.04323,3641571.6,FETUSDT
2020-11-16 08:00:00,0.04324,0.0436,0.04287,0.04309,3472181.1,FETUSDT
2020-11-16 12:00:00,0.04314,0.04476,0.04312,0.0442,7531216.2,FETUSDT
2020-11-16 16:00:00,0.04424,0.0444,0.0416,0.04243,10016803.5,FETUSDT
2020-11-16 20:00:00,0.04246,0.04322,0.04228,0.04279,5509432.2,FETUSDT
2020-11-17 00:00:00,0.04272,0.04398,0.04263,0.04301,4270252.5,FETUSDT
2020-11-17 04:00:00,0.04303,0.0441,0.04222,0.04333,4017614.8,FETUSDT
2020-11-17 08:00:00,0.04335,0.04732,0.04335,0.046,11627410.8,FETUSDT
2020-11-17 12:00:00,0.046,0.04817,0.04552,0.04679,12011855.2,FETUSDT
2020-11-17 16:00:00,0.04679,0.0495,0.04572,0.04932,17980364.7,FETUSDT
2020-11-17 20:00:00,0.04932,0.05139,0.04884,0.05092,13556034.4,FETUSDT
2020-11-18 00:00:00,0.05086,0.05245,0.049,0.04913,8654593.8,FETUSDT
2020-11-18 04:00:00,0.04914,0.04991,0.04512,0.0474,16023712.0,FETUSDT
2020-11-18 08:00:00,0.04743,0.04755,0.04573,0.04623,9190700.7,FETUSDT
2020-11-18 12:00:00,0.04623,0.04623,0.04323,0.04502,14044611.1,FETUSDT
2020-11-18 16:00:00,0.045,0.04591,0.04442,0.04556,6263507.2,FETUSDT
2020-11-18 20:00:00,0.04553,0.04672,0.04546,0.04639,4907803.8,FETUSDT
2020-11-19 00:00:00,0.04636,0.05459,0.04578,0.05222,11309729.8,FETUSDT
2020-11-19 04:00:00,0.05222,0.05379,0.04679,0.0487,19730784.2,FETUSDT
2020-11-19 08:00:00,0.04879,0.05209,0.04805,0.05161,10774103.6,FETUSDT
2020-11-19 12:00:00,0.05167,0.05466,0.05127,0.05308,15104320.5,FETUSDT
2020-11-19 16:00:00,0.05308,0.05551,0.05295,0.05414,13694889.2,FETUSDT
2020-11-19 20:00:00,0.05411,0.05699,0.05201,0.05311,18387874.4,FETUSDT
2020-11-20 00:00:00,0.05312,0.05698,0.05307,0.05662,10124770.1,FETUSDT
2020-11-20 04:00:00,0.05662,0.05689,0.05373,0.05416,16206538.2,FETUSDT
2020-11-20 08:00:00,0.05416,0.05551,0.05325,0.05413,9240012.7,FETUSDT
2020-11-20 12:00:00,0.05408,0.0547,0.05076,0.05267,15628095.8,FETUSDT
2020-11-20 16:00:00,0.05277,0.05469,0.05228,0.05323,8349879.9,FETUSDT
2020-11-20 20:00:00,0.05335,0.05461,0.05233,0.05373,4856014.9,FETUSDT
2020-11-21 00:00:00,0.05373,0.05468,0.05207,0.05229,5094148.8,FETUSDT
2020-11-21 04:00:00,0.05228,0.05338,0.05089,0.05263,6062752.6,FETUSDT
2020-11-21 08:00:00,0.05263,0.05514,0.0522,0.05438,10165293.5,FETUSDT
2020-11-21 12:00:00,0.05426,0.0591,0.05366,0.05783,15365158.2,FETUSDT
2020-11-21 16:00:00,0.05792,0.05833,0.05526,0.05725,11266587.1,FETUSDT
2020-11-21 20:00:00,0.05729,0.05899,0.05657,0.05839,5035468.1,FETUSDT
2020-11-22 00:00:00,0.05847,0.06253,0.0556,0.05716,18530877.4,FETUSDT
2020-11-22 04:00:00,0.05697,0.05736,0.05358,0.0545,9440490.0,FETUSDT
2020-11-22 08:00:00,0.05452,0.05566,0.05082,0.05169,14381173.1,FETUSDT
2020-11-22 12:00:00,0.05169,0.05498,0.05143,0.0545,7894205.6,FETUSDT
2020-11-22 16:00:00,0.05429,0.05664,0.05307,0.05627,7959636.9,FETUSDT
2020-11-22 20:00:00,0.05647,0.05713,0.05301,0.05424,5962319.8,FETUSDT
2020-11-23 00:00:00,0.0542,0.05492,0.0529,0.05448,7585891.9,FETUSDT
2020-11-23 04:00:00,0.05448,0.0585,0.05448,0.05799,11857383.5,FETUSDT
2020-11-23 08:00:00,0.05796,0.0615,0.0579,0.06052,12860841.0,FETUSDT
2020-11-23 12:00:00,0.0605,0.06184,0.05755,0.05816,11661374.7,FETUSDT
2020-11-23 16:00:00,0.05817,0.06068,0.05687,0.06066,6847188.4,FETUSDT
2020-11-23 20:00:00,0.06053,0.0641,0.05976,0.06314,10089846.8,FETUSDT
2020-11-24 00:00:00,0.0631,0.0647,0.06178,0.06278,7009322.0,FETUSDT
2020-11-24 04:00:00,0.06284,0.06529,0.05917,0.06189,14385269.2,FETUSDT
2020-11-24 08:00:00,0.06179,0.06498,0.0592,0.06054,12862162.4,FETUSDT
2020-11-24 12:00:00,0.06053,0.06123,0.05784,0.06075,8340798.8,FETUSDT
2020-11-24 16:00:00,0.06054,0.06369,0.06053,0.06247,7020444.5,FETUSDT
2020-11-24 20:00:00,0.06247,0.06304,0.05978,0.06227,5746131.2,FETUSDT
2020-11-25 00:00:00,0.06237,0.0635,0.05995,0.0603,4721272.9,FETUSDT
2020-11-25 04:00:00,0.06024,0.0619,0.05932,0.06162,3421100.1,FETUSDT
2020-11-25 08:00:00,0.06163,0.06631,0.06097,0.06532,7679370.7,FETUSDT
2020-11-25 12:00:00,0.06521,0.06833,0.06416,0.06652,13474504.3,FETUSDT
2020-11-25 16:00:00,0.06651,0.06789,0.063,0.06615,10071756.1,FETUSDT
2020-11-25 20:00:00,0.06614,0.06646,0.057,0.05959,13159225.2,FETUSDT
2020-11-26 00:00:00,0.05958,0.062,0.05092,0.05467,13246471.6,FETUSDT
2020-11-26 04:00:00,0.05482,0.05547,0.05011,0.05191,9282311.3,FETUSDT
2020-11-26 08:00:00,0.05163,0.05324,0.04653,0.05105,18366180.8,FETUSDT
2020-11-26 12:00:00,0.05106,0.05359,0.0491,0.05012,10006096.2,FETUSDT
2020-11-26 16:00:00,0.05017,0.05101,0.04583,0.04846,9561428.0,FETUSDT
2020-11-26 20:00:00,0.04838,0.05121,0.04838,0.04975,8128617.0,FETUSDT
2020-11-27 00:00:00,0.04977,0.0505,0.04826,0.04911,5121815.3,FETUSDT
2020-11-27 04:00:00,0.04911,0.05187,0.04899,0.04978,5513378.1,FETUSDT
2020-11-27 08:00:00,0.04985,0.04992,0.04693,0.04773,7442638.9,FETUSDT
2020-11-27 12:00:00,0.0478,0.04915,0.04566,0.04566,7788749.8,FETUSDT
2020-11-27 16:00:00,0.04581,0.0483,0.04569,0.04779,5137996.9,FETUSDT
2020-11-27 20:00:00,0.04774,0.04956,0.04744,0.0493,2561395.1,FETUSDT
2020-11-28 00:00:00,0.04936,0.05035,0.0485,0.04914,2619043.2,FETUSDT
2020-11-28 04:00:00,0.0491,0.04978,0.04753,0.04822,1913691.0,FETUSDT
2020-11-28 08:00:00,0.04818,0.04958,0.04784,0.04939,4906992.9,FETUSDT
2020-11-28 12:00:00,0.0493,0.0518,0.04918,0.05175,6488884.5,FETUSDT
2020-11-28 16:00:00,0.05176,0.05215,0.05019,0.05065,7995945.1,FETUSDT
2020-11-28 20:00:00,0.05065,0.05213,0.04911,0.05209,6619506.5,FETUSDT
2020-11-29 00:00:00,0.05192,0.05212,0.05001,0.05081,2620983.6,FETUSDT
2020-11-29 04:00:00,0.05085,0.05159,0.04995,0.05052,3411363.9,FETUSDT
2020-11-29 08:00:00,0.0506,0.05204,0.05046,0.05086,4132253.8,FETUSDT
2020-11-29 12:00:00,0.05086,0.0509,0.05003,0.05058,3171402.0,FETUSDT
2020-11-29 16:00:00,0.05038,0.05045,0.04867,0.049,5109096.4,FETUSDT
2020-11-29 20:00:00,0.04891,0.0507,0.04888,0.04992,2718319.1,FETUSDT
2020-11-30 00:00:00,0.04991,0.05148,0.04983,0.05131,2718519.7,FETUSDT
2020-11-30 04:00:00,0.05132,0.05162,0.05001,0.05031,4022636.5,FETUSDT
2020-11-30 08:00:00,0.05033,0.0504,0.0486,0.04987,3398282.0,FETUSDT
2020-11-30 12:00:00,0.04987,0.05118,0.04909,0.05009,6435774.3,FETUSDT
2020-11-30 16:00:00,0.0502,0.05157,0.05001,0.05071,4775725.6,FETUSDT
2020-11-30 20:00:00,0.05072,0.05181,0.05002,0.05069,5227364.2,FETUSDT
2020-12-01 00:00:00,0.05069,0.05178,0.05018,0.05024,3157359.8,FETUSDT
2020-12-01 04:00:00,0.05018,0.054,0.05018,0.0535,5973571.2,FETUSDT
2020-12-01 08:00:00,0.0535,0.05379,0.05004,0.05099,9261574.8,FETUSDT
2020-12-01 12:00:00,0.05116,0.0515,0.04703,0.05025,11271292.9,FETUSDT
2020-12-01 16:00:00,0.05025,0.05079,0.0481,0.04997,4637596.1,FETUSDT
2020-12-01 20:00:00,0.04998,0.05058,0.04876,0.04903,2086048.4,FETUSDT
2020-12-02 00:00:00,0.04881,0.05049,0.04815,0.0495,3844552.3,FETUSDT
2020-12-02 04:00:00,0.04962,0.05099,0.04876,0.05073,4115423.7,FETUSDT
2020-12-02 08:00:00,0.05071,0.05185,0.05007,0.05185,5071459.4,FETUSDT
2020-12-02 12:00:00,0.05185,0.05305,0.05023,0.05132,5621223.5,FETUSDT
2020-12-02 16:00:00,0.05158,0.05373,0.05105,0.05239,4260562.3,FETUSDT
2020-12-02 20:00:00,0.05245,0.0539,0.05239,0.05272,3273646.7,FETUSDT
2020-12-03 00:00:00,0.05277,0.0539,0.05249,0.05359,2478031.8,FETUSDT
2020-12-03 04:00:00,0.05341,0.05509,0.05326,0.05414,6204846.5,FETUSDT
2020-12-03 08:00:00,0.05427,0.05543,0.05282,0.05493,4684975.8,FETUSDT
2020-12-03 12:00:00,0.05495,0.0579,0.05436,0.05702,5433002.4,FETUSDT
2020-12-03 16:00:00,0.05708,0.05847,0.055,0.05584,6624347.2,FETUSDT
2020-12-03 20:00:00,0.05581,0.05643,0.05497,0.05524,4368800.3,FETUSDT
2020-12-04 00:00:00,0.05534,0.05595,0.05317,0.05351,3079160.4,FETUSDT
2020-12-04 04:00:00,0.05359,0.05555,0.05345,0.05486,2357752.5,FETUSDT
2020-12-04 08:00:00,0.05479,0.05574,0.05214,0.05214,6176650.4,FETUSDT
2020-12-04 12:00:00,0.05232,0.0541,0.052,0.05312,5388376.4,FETUSDT
2020-12-04 16:00:00,0.0531,0.05454,0.05288,0.05393,4413530.7,FETUSDT
2020-12-04 20:00:00,0.05395,0.05402,0.04967,0.05021,7662493.9,FETUSDT
2020-12-05 00:00:00,0.05028,0.05113,0.04916,0.05113,4348067.4,FETUSDT
2020-12-05 04:00:00,0.05106,0.05211,0.051,0.05131,3074853.0,FETUSDT
2020-12-05 08:00:00,0.05119,0.0523,0.05113,0.05139,4342009.7,FETUSDT
2020-12-05 12:00:00,0.05164,0.05233,0.0515,0.05187,2412381.4,FETUSDT
2020-12-05 16:00:00,0.05175,0.0531,0.05162,0.05249,3780832.4,FETUSDT
2020-12-05 20:00:00,0.05245,0.0539,0.05198,0.05347,2557066.4,FETUSDT
2020-12-06 00:00:00,0.05349,0.05399,0.05252,0.05252,1942589.4,FETUSDT
2020-12-06 04:00:00,0.05251,0.05313,0.05197,0.05289,3617217.8,FETUSDT
2020-12-06 08:00:00,0.05284,0.05333,0.05166,0.05197,4827936.1,FETUSDT
2020-12-06 12:00:00,0.05209,0.0525,0.05122,0.05206,3645783.8,FETUSDT
2020-12-06 16:00:00,0.05206,0.05265,0.05111,0.05215,5652770.3,FETUSDT
2020-12-06 20:00:00,0.05206,0.05218,0.05103,0.05201,3511811.7,FETUSDT
2020-12-07 00:00:00,0.05207,0.05211,0.05119,0.05154,3271598.6,FETUSDT
2020-12-07 04:00:00,0.05154,0.05222,0.05121,0.05222,4775898.8,FETUSDT
2020-12-07 08:00:00,0.05207,0.05255,0.05141,0.05146,3518550.2,FETUSDT
2020-12-07 12:00:00,0.05157,0.05398,0.05152,0.05324,5621742.0,FETUSDT
2020-12-07 16:00:00,0.05324,0.05379,0.05163,0.0519,5817609.1,FETUSDT
2020-12-07 20:00:00,0.05204,0.05338,0.05153,0.05318,4926976.0,FETUSDT
2020-12-08 00:00:00,0.0532,0.05359,0.05214,0.05302,3802937.7,FETUSDT
2020-12-08 04:00:00,0.05311,0.05319,0.0521,0.05224,6205695.8,FETUSDT
2020-12-08 08:00:00,0.05218,0.0524,0.04908,0.04941,5957976.2,FETUSDT
2020-12-08 12:00:00,0.04941,0.0506,0.04933,0.04982,5399715.8,FETUSDT
2020-12-08 16:00:00,0.04977,0.05097,0.04921,0.04929,3962904.9,FETUSDT
2020-12-08 20:00:00,0.04921,0.05003,0.04635,0.04793,5964705.8,FETUSDT
2020-12-09 00:00:00,0.04779,0.04795,0.0462,0.04685,2873331.2,FETUSDT
2020-12-09 04:00:00,0.04689,0.04772,0.04571,0.04611,5244048.9,FETUSDT
2020-12-09 08:00:00,0.04599,0.04841,0.04442,0.04812,5446319.3,FETUSDT
2020-12-09 12:00:00,0.04812,0.04837,0.04679,0.0474,5022700.8,FETUSDT
2020-12-09 16:00:00,0.0474,0.04762,0.04661,0.047,2705223.7,FETUSDT
2020-12-09 20:00:00,0.04701,0.04893,0.04694,0.04855,3448011.8,FETUSDT
2020-12-10 00:00:00,0.04855,0.04861,0.04726,0.04781,3437212.8,FETUSDT
2020-12-10 04:00:00,0.04776,0.04812,0.04622,0.04705,3632944.1,FETUSDT
2020-12-10 08:00:00,0.04707,0.04884,0.04692,0.04817,3610352.8,FETUSDT
2020-12-10 12:00:00,0.04817,0.05022,0.04806,0.04864,6358392.9,FETUSDT
2020-12-10 16:00:00,0.04866,0.05169,0.04851,0.05082,3679686.2,FETUSDT
2020-12-10 20:00:00,0.05086,0.053,0.05001,0.05014,4516945.4,FETUSDT
2020-12-11 00:00:00,0.05031,0.05039,0.0475,0.04836,4651145.8,FETUSDT
2020-12-11 04:00:00,0.04823,0.04983,0.0475,0.04788,2716369.7,FETUSDT
2020-12-11 08:00:00,0.04781,0.04887,0.04698,0.04725,2592783.0,FETUSDT
2020-12-11 12:00:00,0.04721,0.05095,0.04721,0.05016,3652153.0,FETUSDT
2020-12-11 16:00:00,0.05015,0.05271,0.04934,0.05129,6148394.6,FETUSDT
2020-12-11 20:00:00,0.05129,0.05282,0.05071,0.05096,3282465.8,FETUSDT
2020-12-12 00:00:00,0.05106,0.05444,0.0505,0.05379,5755500.1,FETUSDT
2020-12-12 04:00:00,0.05399,0.05402,0.05269,0.05341,2386125.7,FETUSDT
2020-12-12 08:00:00,0.05343,0.05351,0.05168,0.05211,3847114.1,FETUSDT
2020-12-12 12:00:00,0.05205,0.05308,0.05024,0.05102,8904066.1,FETUSDT
2020-12-12 16:00:00,0.05102,0.05153,0.05022,0.05147,5345135.3,FETUSDT
2020-12-12 20:00:00,0.05147,0.0517,0.05045,0.05069,2970301.9,FETUSDT
2020-12-13 00:00:00,0.0506,0.05116,0.05036,0.05056,2107248.0,FETUSDT
2020-12-13 04:00:00,0.05052,0.05121,0.04996,0.05121,4858679.8,FETUSDT
2020-12-13 08:00:00,0.05121,0.05229,0.05053,0.05161,3328302.2,FETUSDT
2020-12-13 12:00:00,0.05169,0.05232,0.05082,0.05094,1902845.4,FETUSDT
2020-12-13 16:00:00,0.05093,0.05299,0.05091,0.05247,3762637.8,FETUSDT
2020-12-13 20:00:00,0.05243,0.05299,0.0517,0.05199,2545831.2,FETUSDT
2020-12-14 00:00:00,0.05194,0.05271,0.0517,0.0524,2181373.4,FETUSDT
2020-12-14 04:00:00,0.0524,0.05299,0.052,0.05253,3694830.7,FETUSDT
2020-12-14 08:00:00,0.0525,0.05544,0.0525,0.05389,6966817.0,FETUSDT
2020-12-14 12:00:00,0.05383,0.0555,0.05348,0.05442,4725699.9,FETUSDT
2020-12-14 16:00:00,0.0545,0.05503,0.05306,0.05373,3609661.8,FETUSDT
2020-12-14 20:00:00,0.05391,0.05405,0.05259,0.05268,3049116.2,FETUSDT
2020-12-15 00:00:00,0.0528,0.05321,0.05214,0.05302,4849453.8,FETUSDT
2020-12-15 04:00:00,0.053,0.05318,0.05141,0.052,3848968.3,FETUSDT
2020-12-15 08:00:00,0.05179,0.05253,0.05074,0.05246,6528858.5,FETUSDT
2020-12-15 12:00:00,0.05246,0.05355,0.05214,0.05313,3892248.6,FETUSDT
2020-12-15 16:00:00,0.05326,0.05367,0.05256,0.05261,3869791.4,FETUSDT
2020-12-15 20:00:00,0.05275,0.05299,0.05201,0.05202,3186389.2,FETUSDT
2020-12-16 00:00:00,0.05203,0.05228,0.05122,0.05186,2841799.9,FETUSDT
2020-12-16 04:00:00,0.05178,0.05453,0.05135,0.05443,5165983.6,FETUSDT
2020-12-16 08:00:00,0.05436,0.05755,0.05345,0.0537,9740874.2,FETUSDT
2020-12-16 12:00:00,0.0537,0.05523,0.05315,0.05483,6002360.7,FETUSDT
2020-12-16 16:00:00,0.05492,0.05586,0.05362,0.05552,4707063.9,FETUSDT
2020-12-16 20:00:00,0.05553,0.05641,0.05433,0.05589,4763322.6,FETUSDT
2020-12-17 00:00:00,0.05591,0.05738,0.05497,0.05566,6002551.2,FETUSDT
2020-12-17 04:00:00,0.05566,0.059,0.05566,0.0578,5916070.6,FETUSDT
2020-12-17 08:00:00,0.05779,0.0579,0.05348,0.056,14037933.5,FETUSDT
2020-12-17 12:00:00,0.05613,0.0575,0.05555,0.05745,6203632.9,FETUSDT
2020-12-17 16:00:00,0.05736,0.0595,0.0561,0.05883,7604459.7,FETUSDT
2020-12-17 20:00:00,0.05888,0.05949,0.05551,0.05699,4753286.5,FETUSDT
2020-12-18 00:00:00,0.057,0.05788,0.0555,0.05774,3485516.9,FETUSDT
2020-12-18 04:00:00,0.05762,0.05778,0.0572,0.05769,2399327.1,FETUSDT
2020-12-18 08:00:00,0.05771,0.06193,0.05755,0.06005,8793401.8,FETUSDT
2020-12-18 12:00:00,0.06012,0.06282,0.05809,0.0586,7812981.1,FETUSDT
2020-12-18 16:00:00,0.0586,0.05955,0.05836,0.05901,4344655.6,FETUSDT
2020-12-18 20:00:00,0.05873,0.06017,0.05864,0.05995,1425181.6,FETUSDT
2020-12-19 00:00:00,0.05981,0.06413,0.05958,0.06231,5486634.7,FETUSDT
2020-12-19 04:00:00,0.06233,0.064,0.0623,0.06331,3383112.9,FETUSDT
2020-12-19 08:00:00,0.06328,0.06417,0.06191,0.06209,3618327.3,FETUSDT
2020-12-19 12:00:00,0.06211,0.063,0.06045,0.06096,4673514.6,FETUSDT
2020-12-19 16:00:00,0.06094,0.06173,0.058,0.05867,5319471.7,FETUSDT
2020-12-19 20:00:00,0.05867,0.06034,0.05833,0.05898,4648384.7,FETUSDT
2020-12-20 00:00:00,0.059,0.05962,0.05744,0.05804,3865530.7,FETUSDT
2020-12-20 04:00:00,0.05811,0.05836,0.05702,0.05831,2564624.3,FETUSDT
2020-12-20 08:00:00,0.05831,0.0603,0.058,0.05862,4460134.6,FETUSDT
2020-12-20 12:00:00,0.05862,0.05868,0.05658,0.05813,4542858.5,FETUSDT
2020-12-20 16:00:00,0.05826,0.06022,0.05813,0.05819,3612891.0,FETUSDT
2020-12-20 20:00:00,0.05827,0.05858,0.05562,0.05643,3915749.7,FETUSDT
2020-12-21 00:00:00,0.05625,0.05812,0.05611,0.05718,2569688.8,FETUSDT
2020-12-21 04:00:00,0.05697,0.05737,0.05575,0.05673,2406839.3,FETUSDT
2020-12-21 08:00:00,0.05669,0.05794,0.05284,0.053,5655190.2,FETUSDT
2020-12-21 12:00:00,0.05309,0.05309,0.05029,0.05288,4139227.0,FETUSDT
2020-12-21 16:00:00,0.05222,0.05315,0.05186,0.05302,1730864.1,FETUSDT
2020-12-21 20:00:00,0.05296,0.05496,0.05211,0.05289,3173531.3,FETUSDT
2020-12-22 00:00:00,0.05296,0.05325,0.051,0.05155,3194044.3,FETUSDT
2020-12-22 04:00:00,0.05164,0.05254,0.05019,0.05059,3299569.4,FETUSDT
2020-12-22 08:00:00,0.05064,0.05288,0.04909,0.05279,3967367.1,FETUSDT
2020-12-22 12:00:00,0.05279,0.05503,0.05237,0.054,5112074.5,FETUSDT
2020-12-22 16:00:00,0.054,0.0555,0.05337,0.05465,3579637.8,FETUSDT
2020-12-22 20:00:00,0.05458,0.05562,0.05281,0.05391,3949584.5,FETUSDT
2020-12-23 00:00:00,0.054,0.05968,0.05369,0.05861,9929261.6,FETUSDT
2020-12-23 04:00:00,0.05863,0.05881,0.05474,0.05712,6592583.2,FETUSDT
2020-12-23 08:00:00,0.05723,0.05968,0.05121,0.05274,8350526.5,FETUSDT
2020-12-23 12:00:00,0.0529,0.05499,0.05188,0.05199,6456082.6,FETUSDT
2020-12-23 16:00:00,0.05227,0.05474,0.05188,0.05325,4369282.6,FETUSDT
2020-12-23 20:00:00,0.05313,0.05336,0.047,0.0505,6972321.6,FETUSDT
2020-12-24 00:00:00,0.05048,0.05085,0.04801,0.04885,2804387.1,FETUSDT
2020-12-24 04:00:00,0.04886,0.05029,0.04845,0.0498,3842496.9,FETUSDT
2020-12-24 08:00:00,0.04974,0.05239,0.04656,0.04892,9905448.5,FETUSDT
2020-12-24 12:00:00,0.04913,0.05042,0.04776,0.04967,6699133.1,FETUSDT
2020-12-24 16:00:00,0.0496,0.04999,0.04859,0.04867,3704922.2,FETUSDT
2020-12-24 20:00:00,0.04876,0.05193,0.04863,0.05129,4611149.5,FETUSDT
2020-12-25 00:00:00,0.05129,0.05183,0.05036,0.05049,1929720.5,FETUSDT
2020-12-25 04:00:00,0.05049,0.05201,0.05,0.05194,2211089.4,FETUSDT
2020-12-25 08:00:00,0.05194,0.05296,0.05133,0.05151,7145045.9,FETUSDT
2020-12-25 12:00:00,0.05157,0.05286,0.05041,0.05059,3606089.1,FETUSDT
2020-12-25 16:00:00,0.05058,0.05214,0.04842,0.05108,5129316.8,FETUSDT
2020-12-25 20:00:00,0.05109,0.05305,0.05082,0.052,2364316.4,FETUSDT
2020-12-26 00:00:00,0.05195,0.05409,0.05125,0.05154,3371971.0,FETUSDT
2020-12-26 04:00:00,0.05154,0.05182,0.05059,0.05081,1376128.4,FETUSDT
2020-12-26 08:00:00,0.05081,0.05127,0.04963,0.05095,1546477.6,FETUSDT
2020-12-26 12:00:00,0.05085,0.05123,0.04812,0.04857,4605859.4,FETUSDT
2020-12-26 16:00:00,0.04857,0.05016,0.0481,0.04942,3688508.2,FETUSDT
2020-12-26 20:00:00,0.04945,0.05058,0.04907,0.05031,6251226.6,FETUSDT
2020-12-27 00:00:00,0.05038,0.05176,0.05005,0.0509,2325295.0,FETUSDT
2020-12-27 04:00:00,0.05091,0.0512,0.05032,0.05059,953721.8,FETUSDT
2020-12-27 08:00:00,0.05069,0.05125,0.04864,0.04917,3857242.3,FETUSDT
2020-12-27 12:00:00,0.04929,0.05459,0.04829,0.05416,5452901.5,FETUSDT
2020-12-27 16:00:00,0.05415,0.05789,0.0527,0.05597,6891747.8,FETUSDT
2020-12-27 20:00:00,0.05594,0.05628,0.05288,0.05313,3793681.2,FETUSDT
2020-12-28 00:00:00,0.05321,0.0546,0.05297,0.05383,3471565.9,FETUSDT
2020-12-28 04:00:00,0.05395,0.05541,0.05322,0.05539,1953456.7,FETUSDT
2020-12-28 08:00:00,0.05524,0.05637,0.05422,0.05543,4479948.3,FETUSDT
2020-12-28 12:00:00,0.0555,0.057,0.05467,0.05595,3313417.2,FETUSDT
2020-12-28 16:00:00,0.05568,0.058,0.05521,0.05685,5613142.3,FETUSDT
2020-12-28 20:00:00,0.05674,0.05697,0.05427,0.05469,2593008.7,FETUSDT
2020-12-29 00:00:00,0.05475,0.05919,0.05408,0.05541,5377012.5,FETUSDT
2020-12-29 04:00:00,0.05543,0.05665,0.053,0.05365,4238282.0,FETUSDT
2020-12-29 08:00:00,0.05365,0.05553,0.05355,0.05516,2983140.0,FETUSDT
2020-12-29 12:00:00,0.05517,0.05593,0.05101,0.0516,7991287.1,FETUSDT
2020-12-29 16:00:00,0.0516,0.05194,0.05,0.05162,4725258.8,FETUSDT
2020-12-29 20:00:00,0.0516,0.05239,0.05084,0.05231,3414811.0,FETUSDT
2020-12-30 00:00:00,0.05232,0.05321,0.05108,0.05175,1749364.8,FETUSDT
2020-12-30 04:00:00,0.05168,0.0535,0.0512,0.05304,1321586.0,FETUSDT
2020-12-30 08:00:00,0.05317,0.05331,0.05001,0.05096,6125506.4,FETUSDT
2020-12-30 12:00:00,0.05082,0.05154,0.05038,0.05128,3948112.5,FETUSDT
2020-12-30 16:00:00,0.05126,0.05195,0.05055,0.0513,2907001.0,FETUSDT
2020-12-30 20:00:00,0.05111,0.05259,0.05081,0.05205,1534508.9,FETUSDT
2020-12-31 00:00:00,0.05219,0.05274,0.05008,0.05206,1254477.7,FETUSDT
2020-12-31 04:00:00,0.05247,0.05457,0.05202,0.05335,1314999.7,FETUSDT
2020-12-31 08:00:00,0.05337,0.05349,0.05224,0.05224,1105668.3,FETUSDT
2020-12-31 12:00:00,0.05224,0.05334,0.051,0.05285,2704008.3,FETUSDT
2020-12-31 16:00:00,0.05288,0.05423,0.05274,0.05338,3417239.7,FETUSDT
2020-12-31 20:00:00,0.05336,0.05337,0.05082,0.05152,4020212.3,FETUSDT
2021-01-01 00:00:00,0.0516,0.05375,0.0515,0.05371,2535813.0,FETUSDT
2021-01-01 04:00:00,0.0537,0.0538,0.05246,0.05284,657178.8,FETUSDT
2021-01-01 08:00:00,0.05304,0.05517,0.05243,0.05359,1876030.4,FETUSDT
2021-01-01 12:00:00,0.05357,0.05607,0.05343,0.05508,5379730.0,FETUSDT
2021-01-01 16:00:00,0.0552,0.05593,0.0524,0.05298,3557150.7,FETUSDT
2021-01-01 20:00:00,0.05322,0.05593,0.05292,0.05333,1873741.6,FETUSDT
2021-01-02 00:00:00,0.05333,0.05381,0.05241,0.05381,909023.4,FETUSDT
2021-01-02 04:00:00,0.05373,0.0553,0.05351,0.05438,1611241.1,FETUSDT
2021-01-02 08:00:00,0.05446,0.05458,0.05325,0.05365,1477053.1,FETUSDT
2021-01-02 12:00:00,0.05346,0.05399,0.05181,0.05217,4672921.8,FETUSDT
2021-01-02 16:00:00,0.05222,0.05341,0.05137,0.05236,4058926.5,FETUSDT
2021-01-02 20:00:00,0.05241,0.05279,0.05015,0.05127,4127441.2,FETUSDT
2021-01-03 00:00:00,0.05123,0.05281,0.051,0.05226,1653629.6,FETUSDT
2021-01-03 04:00:00,0.05201,0.05226,0.05062,0.05091,3276806.5,FETUSDT
2021-01-03 08:00:00,0.05109,0.05211,0.05,0.05179,3476119.5,FETUSDT
2021-01-03 12:00:00,0.05181,0.05506,0.05134,0.0532,5649925.5,FETUSDT
2021-01-03 16:00:00,0.05335,0.0553,0.0525,0.05381,4078467.2,FETUSDT
2021-01-03 20:00:00,0.05381,0.0585,0.05378,0.05671,7062838.4,FETUSDT
2021-01-04 00:00:00,0.05684,0.066,0.05595,0.06327,8083296.3,FETUSDT
2021-01-04 04:00:00,0.06328,0.06737,0.05762,0.05837,18591811.8,FETUSDT
2021-01-04 08:00:00,0.05844,0.06199,0.05103,0.0541,16408478.5,FETUSDT
2021-01-04 12:00:00,0.05416,0.05644,0.05369,0.05511,5769024.2,FETUSDT
2021-01-04 16:00:00,0.0555,0.0574,0.0538,0.05642,3134554.1,FETUSDT
2021-01-04 20:00:00,0.05642,0.05939,0.05556,0.05723,3943792.7,FETUSDT
2021-01-05 00:00:00,0.05697,0.06071,0.05694,0.05799,5452837.1,FETUSDT
2021-01-05 04:00:00,0.05789,0.05889,0.05618,0.05677,2771079.2,FETUSDT
2021-01-05 08:00:00,0.05696,0.06038,0.05676,0.05913,6831105.5,FETUSDT
2021-01-05 12:00:00,0.05901,0.0645,0.05829,0.06102,8202163.3,FETUSDT
2021-01-05 16:00:00,0.06103,0.06279,0.05837,0.05959,6491379.2,FETUSDT
2021-01-05 20:00:00,0.05968,0.06267,0.05925,0.06182,4972377.2,FETUSDT
2021-01-06 00:00:00,0.06182,0.06267,0.0589,0.06066,5030675.2,FETUSDT
2021-01-06 04:00:00,0.06065,0.06147,0.058,0.06023,5122435.8,FETUSDT
2021-01-06 08:00:00,0.06024,0.064,0.0593,0.06364,4265644.5,FETUSDT
2021-01-06 12:00:00,0.06364,0.076,0.06322,0.0738,24922884.8,FETUSDT
2021-01-06 16:00:00,0.07379,0.07521,0.06947,0.07082,15980956.0,FETUSDT
2021-01-06 20:00:00,0.07131,0.07568,0.067,0.07311,13944143.7,FETUSDT
2021-01-07 00:00:00,0.07311,0.0811,0.0717,0.07917,14357485.4,FETUSDT
2021-01-07 04:00:00,0.07891,0.08418,0.07475,0.07527,9656097.4,FETUSDT
2021-01-07 08:00:00,0.07537,0.07761,0.0728,0.0759,8390779.1,FETUSDT
2021-01-07 12:00:00,0.0759,0.0759,0.07252,0.07346,9468008.5,FETUSDT
2021-01-07 16:00:00,0.07335,0.07361,0.064,0.0695,16123879.3,FETUSDT
2021-01-07 20:00:00,0.06925,0.07255,0.0688,0.07112,7406536.0,FETUSDT
2021-01-08 00:00:00,0.071,0.07258,0.0602,0.06599,13710735.3,FETUSDT
2021-01-08 04:00:00,0.06591,0.0717,0.06353,0.0694,6969840.0,FETUSDT
2021-01-08 08:00:00,0.06969,0.07564,0.06876,0.07141,8358007.6,FETUSDT
2021-01-08 12:00:00,0.07143,0.08195,0.06878,0.07278,18211817.4,FETUSDT
2021-01-08 16:00:00,0.07296,0.07553,0.06951,0.07022,5504179.7,FETUSDT
2021-01-08 20:00:00,0.07005,0.07199,0.06732,0.07104,4393034.7,FETUSDT
2021-01-09 00:00:00,0.07102,0.07531,0.06957,0.07427,3764779.6,FETUSDT
2021-01-09 04:00:00,0.07417,0.07819,0.07307,0.07599,6956657.0,FETUSDT
2021-01-09 08:00:00,0.07599,0.08,0.0743,0.07917,7780443.1,FETUSDT
2021-01-09 12:00:00,0.07917,0.08031,0.07473,0.07722,6211378.7,FETUSDT
2021-01-09 16:00:00,0.07721,0.07756,0.07237,0.07389,9751802.3,FETUSDT
2021-01-09 20:00:00,0.0739,0.07598,0.07121,0.07261,7046570.5,FETUSDT
2021-01-10 00:00:00,0.07257,0.076,0.07254,0.07494,3846762.9,FETUSDT
2021-01-10 04:00:00,0.07473,0.0764,0.07401,0.07622,3340119.4,FETUSDT
2021-01-10 08:00:00,0.07621,0.0784,0.06807,0.0698,9196394.9,FETUSDT
2021-01-10 12:00:00,0.0698,0.07234,0.06527,0.07014,12447303.8,FETUSDT
2021-01-10 16:00:00,0.07013,0.07045,0.06507,0.06597,7607314.9,FETUSDT
2021-01-10 20:00:00,0.06597,0.07081,0.06232,0.0699,6827286.8,FETUSDT
2021-01-11 00:00:00,0.0699,0.07011,0.061,0.06374,5924206.8,FETUSDT
2021-01-11 04:00:00,0.06371,0.06494,0.0581,0.06244,6243691.9,FETUSDT
2021-01-11 08:00:00,0.06212,0.06482,0.0588,0.05979,5158117.5,FETUSDT
2021-01-11 12:00:00,0.06002,0.0624,0.055,0.05599,7734148.4,FETUSDT
2021-01-11 16:00:00,0.05579,0.05897,0.05203,0.05592,9021524.6,FETUSDT
2021-01-11 20:00:00,0.0559,0.06105,0.05432,0.06049,2729671.3,FETUSDT
2021-01-12 00:00:00,0.06057,0.06075,0.05731,0.06067,2580230.2,FETUSDT
2021-01-12 04:00:00,0.06042,0.06422,0.05993,0.06338,3909228.1,FETUSDT
2021-01-12 08:00:00,0.0631,0.06398,0.05823,0.06062,5935197.4,FETUSDT
2021-01-12 12:00:00,0.06051,0.06171,0.05626,0.0592,5634004.8,FETUSDT
2021-01-12 16:00:00,0.0592,0.06199,0.05865,0.05992,3406176.7,FETUSDT
2021-01-12 20:00:00,0.05989,0.06014,0.05698,0.05881,2131572.4,FETUSDT
2021-01-13 00:00:00,0.05857,0.05996,0.056,0.0586,2402432.5,FETUSDT
2021-01-13 04:00:00,0.05855,0.06305,0.05732,0.06239,4412134.0,FETUSDT
2021-01-13 08:00:00,0.06218,0.0646,0.06004,0.06328,4090682.3,FETUSDT
2021-01-13 12:00:00,0.06349,0.06713,0.06205,0.06492,7419216.9,FETUSDT
2021-01-13 16:00:00,0.06492,0.06757,0.06479,0.06609,2651676.0,FETUSDT
2021-01-13 20:00:00,0.0663,0.06678,0.06373,0.06604,4808530.8,FETUSDT
2021-01-14 00:00:00,0.06609,0.06765,0.06455,0.06532,2032262.3,FETUSDT
2021-01-14 04:00:00,0.06533,0.06946,0.06502,0.06751,4287456.8,FETUSDT
2021-01-14 08:00:00,0.06743,0.06901,0.0659,0.06849,3905624.5,FETUSDT
2021-01-14 12:00:00,0.06845,0.06957,0.06743,0.0685,3197661.9,FETUSDT
2021-01-14 16:00:00,0.06836,0.0749,0.0683,0.07451,7678696.7,FETUSDT
2021-01-14 20:00:00,0.07421,0.079,0.07139,0.07696,14999818.5,FETUSDT
2021-01-15 00:00:00,0.0768,0.07873,0.07417,0.0743,6067698.1,FETUSDT
2021-01-15 04:00:00,0.0743,0.07798,0.07162,0.07641,8285653.4,FETUSDT
2021-01-15 08:00:00,0.07641,0.08321,0.0745,0.08041,14956209.7,FETUSDT
2021-01-15 12:00:00,0.08056,0.08056,0.06799,0.06915,19060461.5,FETUSDT
2021-01-15 16:00:00,0.06906,0.09,0.06577,0.08243,25700479.8,FETUSDT
2021-01-15 20:00:00,0.08243,0.09149,0.07974,0.08851,18074234.3,FETUSDT
2021-01-16 00:00:00,0.08851,0.09277,0.08451,0.08901,13410153.8,FETUSDT
2021-01-16 04:00:00,0.08901,0.09099,0.08398,0.08925,5941792.3,FETUSDT
2021-01-16 08:00:00,0.08925,0.09075,0.08293,0.08516,12101252.5,FETUSDT
2021-01-16 12:00:00,0.08516,0.0879,0.08269,0.08493,12462041.4,FETUSDT
2021-01-16 16:00:00,0.08481,0.088,0.0828,0.08748,11219516.4,FETUSDT
2021-01-16 20:00:00,0.08745,0.09,0.08045,0.08459,10465553.7,FETUSDT
2021-01-17 00:00:00,0.08459,0.086,0.081,0.08544,4313509.1,FETUSDT
2021-01-17 04:00:00,0.08515,0.08645,0.07841,0.07872,7307154.7,FETUSDT
2021-01-17 08:00:00,0.07908,0.08571,0.07508,0.08521,11945911.3,FETUSDT
2021-01-17 12:00:00,0.08503,0.0969,0.08116,0.09481,17539003.0,FETUSDT
2021-01-17 16:00:00,0.09499,0.09895,0.09007,0.09393,21093325.7,FETUSDT
2021-01-17 20:00:00,0.094,0.104,0.093,0.09487,13557039.5,FETUSDT
2021-01-18 00:00:00,0.09495,0.09783,0.09065,0.09301,6459772.0,FETUSDT
2021-01-18 04:00:00,0.09317,0.09921,0.09271,0.09742,5252609.4,FETUSDT
2021-01-18 08:00:00,0.09745,0.10051,0.09322,0.09542,6508381.7,FETUSDT
2021-01-18 12:00:00,0.09543,0.0987,0.0917,0.09582,7572146.7,FETUSDT
2021-01-18 16:00:00,0.09591,0.09633,0.09293,0.09357,4006053.8,FETUSDT
2021-01-18 20:00:00,0.0937,0.09799,0.093,0.0968,4897622.4,FETUSDT
2021-01-19 00:00:00,0.09683,0.09755,0.09114,0.09203,4469263.8,FETUSDT
2021-01-19 04:00:00,0.09203,0.094,0.089,0.09336,5604977.3,FETUSDT
2021-01-19 08:00:00,0.09317,0.09335,0.09,0.09167,8440618.6,FETUSDT
2021-01-19 12:00:00,0.09167,0.10462,0.091,0.10144,16732488.6,FETUSDT
2021-01-19 16:00:00,0.10221,0.10238,0.0908,0.09191,10135649.9,FETUSDT
2021-01-19 20:00:00,0.09192,0.09645,0.09112,0.09115,5503787.5,FETUSDT
2021-01-20 00:00:00,0.09129,0.09645,0.09114,0.09189,3488965.5,FETUSDT
2021-01-20 04:00:00,0.09217,0.09999,0.09013,0.09593,7292271.3,FETUSDT
2021-01-20 08:00:00,0.09581,0.0965,0.085,0.0856,10665335.0,FETUSDT
2021-01-20 12:00:00,0.08566,0.08722,0.08252,0.08478,8369770.3,FETUSDT
2021-01-20 16:00:00,0.08494,0.0935,0.08153,0.09227,8400575.5,FETUSDT
2021-01-20 20:00:00,0.09212,0.09404,0.08879,0.092,5106332.1,FETUSDT
2021-01-21 00:00:00,0.09212,0.09264,0.08752,0.08813,2982297.5,FETUSDT
2021-01-21 04:00:00,0.08831,0.09023,0.08642,0.08927,3623236.0,FETUSDT
2021-01-21 08:00:00,0.08939,0.08951,0.07981,0.08278,12944798.9,FETUSDT
2021-01-21 12:00:00,0.08277,0.0878,0.08,0.08568,8140178.3,FETUSDT
2021-01-21 16:00:00,0.08544,0.08893,0.0836,0.08673,4145750.3,FETUSDT
2021-01-21 20:00:00,0.08676,0.087,0.07833,0.08064,5452144.2,FETUSDT
2021-01-22 00:00:00,0.08064,0.08295,0.07381,0.08251,5599816.3,FETUSDT
2021-01-22 04:00:00,0.08266,0.08459,0.07788,0.07907,4441152.1,FETUSDT
2021-01-22 08:00:00,0.07923,0.08428,0.07764,0.0838,5474775.9,FETUSDT
2021-01-22 12:00:00,0.08339,0.09619,0.08337,0.09319,11511980.9,FETUSDT
2021-01-22 16:00:00,0.09319,0.09484,0.09028,0.09197,5337976.4,FETUSDT
2021-01-22 20:00:00,0.09198,0.0922,0.0877,0.08955,7365353.7,FETUSDT
2021-01-23 00:00:00,0.08958,0.09084,0.08707,0.08902,2896702.9,FETUSDT
2021-01-23 04:00:00,0.08882,0.092,0.08781,0.09105,2760306.6,FETUSDT
2021-01-23 08:00:00,0.09113,0.09344,0.08467,0.087,6475211.2,FETUSDT
2021-01-23 12:00:00,0.0871,0.09072,0.08473,0.08875,7819981.4,FETUSDT
2021-01-23 16:00:00,0.08876,0.09166,0.08861,0.09058,3404434.7,FETUSDT
2021-01-23 20:00:00,0.09075,0.09371,0.08806,0.08933,4830968.2,FETUSDT
2021-01-24 00:00:00,0.08947,0.09218,0.08902,0.09141,2458127.0,FETUSDT
2021-01-24 04:00:00,0.09142,0.09217,0.08967,0.09071,3007994.8,FETUSDT
2021-01-24 08:00:00,0.09056,0.09378,0.08813,0.09352,6726592.5,FETUSDT
2021-01-24 12:00:00,0.09337,0.0937,0.08597,0.08729,11508986.6,FETUSDT
2021-01-24 16:00:00,0.08731,0.08854,0.08279,0.08465,8628889.9,FETUSDT
2021-01-24 20:00:00,0.08465,0.08974,0.08465,0.08779,6960577.6,FETUSDT
2021-01-25 00:00:00,0.08769,0.0912,0.0873,0.08967,4758578.1,FETUSDT
2021-01-25 04:00:00,0.08988,0.09054,0.08632,0.08714,3629033.7,FETUSDT
2021-01-25 08:00:00,0.08712,0.08886,0.08449,0.08852,5190944.2,FETUSDT
2021-01-25 12:00:00,0.08816,0.08944,0.08495,0.08686,6697494.7,FETUSDT
2021-01-25 16:00:00,0.08665,0.08706,0.08204,0.0831,5808182.7,FETUSDT
2021-01-25 20:00:00,0.0831,0.08361,0.08075,0.08253,4124430.4,FETUSDT
2021-01-26 00:00:00,0.08251,0.08551,0.08056,0.08105,1997657.1,FETUSDT
2021-01-26 04:00:00,0.08116,0.08339,0.08,0.08214,1738145.5,FETUSDT
2021-01-26 08:00:00,0.08238,0.0874,0.08,0.08333,4930147.9,FETUSDT
2021-01-26 12:00:00,0.08312,0.087,0.08076,0.08426,4939857.8,FETUSDT
2021-01-26 16:00:00,0.08426,0.09895,0.08308,0.09737,19115686.9,FETUSDT
2021-01-26 20:00:00,0.0975,0.0995,0.09323,0.09518,11648833.8,FETUSDT
2021-01-27 00:00:00,0.09536,0.09767,0.09321,0.09593,5407505.8,FETUSDT
2021-01-27 04:00:00,0.09586,0.10456,0.09464,0.0986,15022231.6,FETUSDT
2021-01-27 08:00:00,0.09881,0.09889,0.0889,0.08918,12545017.9,FETUSDT
2021-01-27 12:00:00,0.08918,0.0896,0.08211,0.08723,11896335.4,FETUSDT
2021-01-27 16:00:00,0.08725,0.098,0.0855,0.092,11385957.7,FETUSDT
2021-01-27 20:00:00,0.09215,0.09489,0.08848,0.09,5270418.5,FETUSDT
2021-01-28 00:00:00,0.08997,0.0918,0.0879,0.09078,2718494.2,FETUSDT
2021-01-28 04:00:00,0.09094,0.09236,0.089,0.09037,2473083.3,FETUSDT
2021-01-28 08:00:00,0.09036,0.09642,0.08983,0.095,9278881.8,FETUSDT
2021-01-28 12:00:00,0.095,0.09568,0.09204,0.09397,4538269.0,FETUSDT
2021-01-28 16:00:00,0.09418,0.09521,0.09146,0.09218,6530705.8,FETUSDT
2021-01-28 20:00:00,0.09198,0.0931,0.08741,0.08857,5992205.7,FETUSDT
2021-01-29 00:00:00,0.08886,0.097,0.08818,0.0961,7564539.6,FETUSDT
2021-01-29 04:00:00,0.09599,0.1012,0.09112,0.10111,10451027.6,FETUSDT
2021-01-29 08:00:00,0.10091,0.10421,0.09639,0.10118,16510939.0,FETUSDT
2021-01-29 12:00:00,0.10118,0.103,0.09718,0.10165,6561404.7,FETUSDT
2021-01-29 16:00:00,0.10187,0.1034,0.0979,0.09979,7137562.3,FETUSDT
2021-01-29 20:00:00,0.09964,0.1155,0.09835,0.11164,20948548.2,FETUSDT
2021-01-30 00:00:00,0.11163,0.1197,0.10756,0.11002,9097453.0,FETUSDT
2021-01-30 04:00:00,0.11018,0.11516,0.10498,0.10881,7711743.8,FETUSDT
2021-01-30 08:00:00,0.10897,0.10913,0.102,0.10481,11242747.9,FETUSDT
2021-01-30 12:00:00,0.10449,0.11513,0.10445,0.10777,8464295.8,FETUSDT
2021-01-30 16:00:00,0.10775,0.10994,0.10291,0.1043,8438063.6,FETUSDT
2021-01-30 20:00:00,0.10436,0.1062,0.10264,0.10452,3710028.1,FETUSDT
2021-01-31 00:00:00,0.10454,0.10565,0.1004,0.10124,5037856.2,FETUSDT
2021-01-31 04:00:00,0.10139,0.10217,0.0987,0.09964,5183374.6,FETUSDT
2021-01-31 08:00:00,0.09964,0.1021,0.09785,0.0999,6205963.2,FETUSDT
2021-01-31 12:00:00,0.09984,0.1045,0.09807,0.101,7435306.1,FETUSDT
2021-01-31 16:00:00,0.101,0.10119,0.09522,0.09692,5276123.7,FETUSDT
2021-01-31 20:00:00,0.0971,0.09899,0.09508,0.09803,4764358.4,FETUSDT
2021-02-01 00:00:00,0.0981,0.1026,0.095,0.10198,3680488.1,FETUSDT
2021-02-01 04:00:00,0.10195,0.113,0.1011,0.10412,10579071.0,FETUSDT
2021-02-01 08:00:00,0.1036,0.10579,0.10023,0.10152,7331815.0,FETUSDT
2021-02-01 12:00:00,0.10182,0.1019,0.09713,0.09992,8788011.2,FETUSDT
2021-02-01 16:00:00,0.09992,0.109,0.09911,0.10449,7361316.2,FETUSDT
2021-02-01 20:00:00,0.10449,0.11513,0.104,0.10884,10731788.8,FETUSDT
2021-02-02 00:00:00,0.10887,0.11005,0.105,0.10996,3806225.5,FETUSDT
2021-02-02 04:00:00,0.10997,0.11202,0.10544,0.10655,6026629.8,FETUSDT
2021-02-02 08:00:00,0.10646,0.11268,0.10624,0.11004,6660800.9,FETUSDT
2021-02-02 12:00:00,0.10978,0.11058,0.10707,0.10752,4728689.6,FETUSDT
2021-02-02 16:00:00,0.10779,0.10978,0.10639,0.10672,4574580.6,FETUSDT
2021-02-02 20:00:00,0.1067,0.1108,0.105,0.1101,3510333.4,FETUSDT
2021-02-03 00:00:00,0.10993,0.12,0.10983,0.11937,10387855.7,FETUSDT
2021-02-03 04:00:00,0.1192,0.124,0.11801,0.12295,10708680.2,FETUSDT
2021-02-03 08:00:00,0.12287,0.1276,0.11763,0.12595,13480395.0,FETUSDT
2021-02-03 12:00:00,0.12595,0.14635,0.12378,0.14635,25428377.8,FETUSDT
2021-02-03 16:00:00,0.1462,0.1493,0.12951,0.14597,36623738.4,FETUSDT
2021-02-03 20:00:00,0.14544,0.16,0.1408,0.15841,38019953.7,FETUSDT
2021-02-04 00:00:00,0.15819,0.1585,0.13859,0.14148,15039048.9,FETUSDT
2021-02-04 04:00:00,0.14185,0.14998,0.13801,0.13838,10386837.0,FETUSDT
2021-02-04 08:00:00,0.13863,0.1525,0.13,0.1515,17705498.9,FETUSDT
2021-02-04 12:00:00,0.1515,0.1515,0.1365,0.14508,14579435.9,FETUSDT
2021-02-04 16:00:00,0.14539,0.15,0.14038,0.14374,10023179.3,FETUSDT
2021-02-04 20:00:00,0.14373,0.15084,0.14117,0.14849,8413102.3,FETUSDT
2021-02-05 00:00:00,0.14843,0.1548,0.14702,0.15248,5008514.2,FETUSDT
2021-02-05 04:00:00,0.15243,0.1749,0.14813,0.17037,20952753.0,FETUSDT
2021-02-05 08:00:00,0.17042,0.177,0.16235,0.17068,18547133.7,FETUSDT
2021-02-05 12:00:00,0.17032,0.177,0.16788,0.17038,12348572.0,FETUSDT
2021-02-05 16:00:00,0.16978,0.182,0.1651,0.17577,22784305.5,FETUSDT
2021-02-05 20:00:00,0.17577,0.1888,0.17275,0.17848,18980194.6,FETUSDT
2021-02-06 00:00:00,0.17912,0.18025,0.15085,0.16147,18670998.4,FETUSDT
2021-02-06 04:00:00,0.1611,0.16953,0.1545,0.16685,8485900.7,FETUSDT
2021-02-06 08:00:00,0.16681,0.172,0.15159,0.15575,11415348.7,FETUSDT
2021-02-06 12:00:00,0.15575,0.16972,0.15307,0.15867,12342820.9,FETUSDT
2021-02-06 16:00:00,0.15849,0.16855,0.15701,0.16527,7381694.1,FETUSDT
2021-02-06 20:00:00,0.16527,0.17398,0.16501,0.17,8500386.3,FETUSDT
2021-02-07 00:00:00,0.17,0.1782,0.1616,0.17154,7697041.5,FETUSDT
2021-02-07 04:00:00,0.17133,0.17147,0.15273,0.16555,5587491.2,FETUSDT
2021-02-07 08:00:00,0.1655,0.17724,0.164,0.17531,9133582.1,FETUSDT
2021-02-07 12:00:00,0.17549,0.18668,0.165,0.16554,15418586.2,FETUSDT
2021-02-07 16:00:00,0.16585,0.17475,0.15901,0.16764,10898449.5,FETUSDT
2021-02-07 20:00:00,0.1677,0.18844,0.164,0.18214,19924813.9,FETUSDT
2021-02-08 00:00:00,0.18219,0.219,0.17812,0.20725,25531561.72,FETUSDT
2021-02-08 04:00:00,0.20759,0.2295,0.19752,0.21398,33484602.43,FETUSDT
2021-02-08 08:00:00,0.21476,0.22891,0.20865,0.21674,14470685.0,FETUSDT
2021-02-08 12:00:00,0.21694,0.22,0.18031,0.20769,32261404.4,FETUSDT
2021-02-08 16:00:00,0.20791,0.22371,0.2062,0.21513,14549372.3,FETUSDT
2021-02-08 20:00:00,0.21494,0.21967,0.20128,0.21432,15725167.0,FETUSDT
2021-02-09 00:00:00,0.21376,0.22925,0.21276,0.21604,7595954.7,FETUSDT
2021-02-09 04:00:00,0.21601,0.221,0.21046,0.21771,6885118.5,FETUSDT
2021-02-09 08:00:00,0.2183,0.2268,0.2075,0.21738,8786721.2,FETUSDT
2021-02-09 12:00:00,0.21734,0.26,0.206,0.24782,40780367.65,FETUSDT
2021-02-09 16:00:00,0.24782,0.25482,0.22777,0.23468,22483860.3,FETUSDT
2021-02-09 20:00:00,0.23468,0.2748,0.23111,0.25112,18187805.37,FETUSDT
2021-02-10 00:00:00,0.25194,0.27622,0.24269,0.265,12384629.32,FETUSDT
2021-02-10 04:00:00,0.265,0.2653,0.2503,0.26058,9341214.9,FETUSDT
2021-02-10 08:00:00,0.25936,0.26062,0.24351,0.24546,11208020.3,FETUSDT
2021-02-10 12:00:00,0.24508,0.24601,0.2064,0.21871,24110881.5,FETUSDT
2021-02-10 16:00:00,0.21868,0.24,0.21437,0.2295,12899898.3,FETUSDT
2021-02-10 20:00:00,0.2294,0.24249,0.21752,0.23952,9286641.5,FETUSDT
2021-02-11 00:00:00,0.23922,0.2407,0.21992,0.22541,6207086.8,FETUSDT
2021-02-11 04:00:00,0.22507,0.24,0.21957,0.23606,6406659.7,FETUSDT
2021-02-11 08:00:00,0.23606,0.25792,0.23086,0.24058,14749329.0,FETUSDT
2021-02-11 12:00:00,0.24099,0.25863,0.2372,0.24321,11093309.1,FETUSDT
2021-02-11 16:00:00,0.2432,0.24695,0.228,0.2331,13960479.1,FETUSDT
2021-02-11 20:00:00,0.23378,0.24,0.223,0.23532,10791984.9,FETUSDT
2021-02-12 00:00:00,0.23499,0.24,0.22712,0.2281,6201040.1,FETUSDT
2021-02-12 04:00:00,0.2281,0.25308,0.223,0.24507,10676619.6,FETUSDT
2021-02-12 08:00:00,0.24476,0.2682,0.24429,0.2618,17503531.3,FETUSDT
2021-02-12 12:00:00,0.2618,0.27,0.236,0.24886,16283848.0,FETUSDT
2021-02-12 16:00:00,0.24881,0.25464,0.24471,0.24704,9041857.3,FETUSDT
2021-02-12 20:00:00,0.2475,0.26329,0.24693,0.25158,6806195.8,FETUSDT
2021-02-13 00:00:00,0.25165,0.26,0.24914,0.25028,5326506.4,FETUSDT
2021-02-13 04:00:00,0.25115,0.25391,0.23728,0.23728,8024983.5,FETUSDT
2021-02-13 08:00:00,0.23756,0.24688,0.22624,0.23494,10103921.8,FETUSDT
2021-02-13 12:00:00,0.23521,0.2765,0.22819,0.2725,24376372.2,FETUSDT
2021-02-13 16:00:00,0.27182,0.2866,0.25848,0.26119,23413000.14,FETUSDT
2021-02-13 20:00:00,0.26102,0.27013,0.25157,0.26402,8947912.8,FETUSDT
2021-02-14 00:00:00,0.26445,0.28519,0.25673,0.27549,12240593.5,FETUSDT
2021-02-14 04:00:00,0.27622,0.2873,0.255,0.25987,15197960.6,FETUSDT
2021-02-14 08:00:00,0.25986,0.26119,0.25159,0.25518,8363884.1,FETUSDT
2021-02-14 12:00:00,0.25487,0.25663,0.23478,0.24004,12535018.6,FETUSDT
2021-02-14 16:00:00,0.24123,0.25998,0.23629,0.2528,8878764.3,FETUSDT
2021-02-14 20:00:00,0.25278,0.2598,0.24741,0.24813,4731148.2,FETUSDT
2021-02-15 00:00:00,0.24868,0.25446,0.1888,0.21532,16767112.2,FETUSDT
2021-02-15 04:00:00,0.21575,0.235,0.201,0.23228,11722446.5,FETUSDT
2021-02-15 08:00:00,0.23127,0.23705,0.21974,0.22742,6741093.7,FETUSDT
2021-02-15 12:00:00,0.22786,0.2447,0.22503,0.24084,6889999.9,FETUSDT
2021-02-15 16:00:00,0.24094,0.27734,0.24,0.25975,17859810.7,FETUSDT
2021-02-15 20:00:00,0.2588,0.26757,0.2335,0.2394,9981956.9,FETUSDT
2021-02-16 00:00:00,0.2394,0.24627,0.22602,0.2455,6260435.6,FETUSDT
2021-02-16 04:00:00,0.24473,0.24907,0.23528,0.24701,3468325.8,FETUSDT
2021-02-16 08:00:00,0.24668,0.25796,0.23691,0.23908,7261612.9,FETUSDT
2021-02-16 12:00:00,0.23858,0.24141,0.22939,0.22987,9706622.9,FETUSDT
2021-02-16 16:00:00,0.22987,0.23416,0.21609,0.22651,8337003.0,FETUSDT
2021-02-16 20:00:00,0.22553,0.22875,0.21912,0.22679,3755254.2,FETUSDT
2021-02-17 00:00:00,0.22655,0.2285,0.217,0.21877,2605252.7,FETUSDT
2021-02-17 04:00:00,0.21878,0.22398,0.20943,0.22235,5289993.5,FETUSDT
2021-02-17 08:00:00,0.22233,0.24358,0.2209,0.23521,5739000.8,FETUSDT
2021-02-17 12:00:00,0.23541,0.24891,0.23313,0.24456,6418146.9,FETUSDT
2021-02-17 16:00:00,0.24458,0.2487,0.23801,0.24316,6809679.0,FETUSDT
2021-02-17 20:00:00,0.24305,0.24544,0.23411,0.23594,2949029.5,FETUSDT
2021-02-18 00:00:00,0.23602,0.25955,0.23602,0.2559,4054900.5,FETUSDT
2021-02-18 04:00:00,0.25617,0.26,0.25,0.2542,4622806.4,FETUSDT
2021-02-18 08:00:00,0.25421,0.2966,0.25387,0.28963,37618373.18,FETUSDT
2021-02-18 12:00:00,0.28956,0.326,0.2792,0.29921,63803277.04,FETUSDT
2021-02-18 16:00:00,0.29894,0.30794,0.29224,0.2969,17880944.1,FETUSDT
2021-02-18 20:00:00,0.29686,0.3144,0.29604,0.30729,31252099.5,FETUSDT
2021-02-19 00:00:00,0.30705,0.31742,0.28318,0.29502,26118474.4,FETUSDT
2021-02-19 04:00:00,0.29502,0.3,0.284,0.29211,12629556.9,FETUSDT
2021-02-19 08:00:00,0.29222,0.29866,0.28328,0.29193,9188395.3,FETUSDT
2021-02-19 12:00:00,0.29193,0.2971,0.27,0.28165,8865223.3,FETUSDT
2021-02-19 16:00:00,0.28111,0.29495,0.27643,0.28631,6958970.0,FETUSDT
2021-02-19 20:00:00,0.28631,0.29676,0.2825,0.29228,10446837.5,FETUSDT
2021-02-20 00:00:00,0.29148,0.29369,0.27648,0.28101,10402018.8,FETUSDT
2021-02-20 04:00:00,0.28106,0.30423,0.27785,0.29023,12637421.2,FETUSDT
2021-02-20 08:00:00,0.29083,0.29504,0.2827,0.28934,11188028.5,FETUSDT
2021-02-20 12:00:00,0.28929,0.30099,0.284,0.28589,18995445.9,FETUSDT
2021-02-20 16:00:00,0.28594,0.31922,0.28401,0.31696,23426613.3,FETUSDT
2021-02-20 20:00:00,0.31623,0.31698,0.263,0.2884,14467017.3,FETUSDT
2021-02-21 00:00:00,0.2895,0.31646,0.2716,0.31435,12688074.6,FETUSDT
2021-02-21 04:00:00,0.31451,0.3177,0.28322,0.2868,9457712.4,FETUSDT
2021-02-21 08:00:00,0.28723,0.30704,0.28131,0.30167,14683845.9,FETUSDT
2021-02-21 12:00:00,0.30166,0.31772,0.2937,0.30658,14102399.1,FETUSDT
2021-02-21 16:00:00,0.30699,0.31479,0.2974,0.30501,11598380.2,FETUSDT
2021-02-21 20:00:00,0.30535,0.30563,0.287,0.29609,5613541.4,FETUSDT
2021-02-22 00:00:00,0.2957,0.29937,0.28,0.28414,8455432.8,FETUSDT
2021-02-22 04:00:00,0.28513,0.29379,0.27807,0.29027,14737551.1,FETUSDT
2021-02-22 08:00:00,0.2896,0.29373,0.26364,0.2747,14885489.1,FETUSDT
2021-02-22 12:00:00,0.27499,0.2771,0.2201,0.26361,23015159.3,FETUSDT
2021-02-22 16:00:00,0.26277,0.27579,0.24522,0.264,15956743.0,FETUSDT
2021-02-22 20:00:00,0.264,0.284,0.26179,0.27521,10596072.1,FETUSDT
2021-02-23 00:00:00,0.27477,0.27673,0.25013,0.25746,6150461.3,FETUSDT
2021-02-23 04:00:00,0.25815,0.26025,0.21665,0.22816,15318135.3,FETUSDT
2021-02-23 08:00:00,0.2281,0.23011,0.17392,0.20467,29064718.5,FETUSDT
2021-02-23 12:00:00,0.20466,0.23874,0.198,0.22563,17364336.1,FETUSDT
2021-02-23 16:00:00,0.22502,0.232,0.1978,0.19782,8506189.3,FETUSDT
2021-02-23 20:00:00,0.19828,0.23262,0.19563,0.22399,13495491.9,FETUSDT
2021-02-24 00:00:00,0.22342,0.24841,0.20747,0.2425,12935327.4,FETUSDT
2021-02-24 04:00:00,0.24252,0.2625,0.23427,0.25971,8619576.7,FETUSDT
2021-02-24 08:00:00,0.26,0.2759,0.24822,0.24934,10596426.4,FETUSDT
2021-02-24 12:00:00,0.24934,0.26014,0.22809,0.24511,11928225.9,FETUSDT
2021-02-24 16:00:00,0.24537,0.24862,0.23097,0.23281,7100607.9,FETUSDT
2021-02-24 20:00:00,0.23271,0.23803,0.22178,0.23287,9036369.6,FETUSDT
2021-02-25 00:00:00,0.23287,0.25328,0.23102,0.23789,5167078.6,FETUSDT
2021-02-25 04:00:00,0.23679,0.24104,0.22846,0.23602,5326192.9,FETUSDT
2021-02-25 08:00:00,0.23602,0.2492,0.22313,0.24848,9425685.3,FETUSDT
2021-02-25 12:00:00,0.24795,0.264,0.24325,0.2569,6480333.0,FETUSDT
2021-02-25 16:00:00,0.25631,0.25894,0.24506,0.25118,8064549.6,FETUSDT
2021-02-25 20:00:00,0.25088,0.25246,0.22425,0.22555,10117526.0,FETUSDT
2021-02-26 00:00:00,0.22658,0.23702,0.21631,0.22989,6879266.3,FETUSDT
2021-02-26 04:00:00,0.22908,0.23012,0.2,0.20612,12013332.7,FETUSDT
2021-02-26 08:00:00,0.2062,0.22811,0.2062,0.22344,7288316.3,FETUSDT
2021-02-26 12:00:00,0.22355,0.22996,0.21683,0.22859,5687047.9,FETUSDT
2021-02-26 16:00:00,0.22864,0.24323,0.22664,0.22778,12625926.2,FETUSDT
2021-02-26 20:00:00,0.22788,0.23107,0.215,0.22514,7237764.7,FETUSDT
2021-02-27 00:00:00,0.22502,0.24071,0.22479,0.237,4869764.8,FETUSDT
2021-02-27 04:00:00,0.23624,0.24741,0.23076,0.23313,6258087.1,FETUSDT
2021-02-27 08:00:00,0.23342,0.26995,0.22966,0.26322,16141849.8,FETUSDT
2021-02-27 12:00:00,0.26323,0.29248,0.2547,0.26883,27266679.0,FETUSDT
2021-02-27 16:00:00,0.26818,0.286,0.26462,0.27383,11253175.5,FETUSDT
2021-02-27 20:00:00,0.27385,0.289,0.2585,0.27529,15889839.0,FETUSDT
2021-02-28 00:00:00,0.27612,0.27818,0.2487,0.25003,9535706.2,FETUSDT
2021-02-28 04:00:00,0.25017,0.26115,0.24188,0.24891,10623562.5,FETUSDT
2021-02-28 08:00:00,0.24872,0.27284,0.24811,0.25858,7189526.4,FETUSDT
2021-02-28 12:00:00,0.25859,0.2599,0.22155,0.22891,13771004.6,FETUSDT
2021-02-28 16:00:00,0.22944,0.23822,0.22036,0.23688,9699996.1,FETUSDT
2021-02-28 20:00:00,0.23628,0.2518,0.2346,0.24682,9506999.4,FETUSDT
2021-03-01 00:00:00,0.24589,0.27,0.24309,0.25176,10736453.4,FETUSDT
2021-03-01 04:00:00,0.25254,0.26539,0.24633,0.26397,6813687.8,FETUSDT
2021-03-01 08:00:00,0.26397,0.27335,0.26174,0.27275,9683842.9,FETUSDT
2021-03-01 12:00:00,0.27254,0.27472,0.26203,0.27059,5269293.0,FETUSDT
2021-03-01 16:00:00,0.27038,0.288,0.25769,0.28343,11971471.3,FETUSDT
2021-03-01 20:00:00,0.28376,0.2855,0.27306,0.27925,5326306.6,FETUSDT
2021-03-02 00:00:00,0.27925,0.28298,0.27,0.2725,2955044.6,FETUSDT
2021-03-02 04:00:00,0.27213,0.28601,0.27027,0.27738,5426065.3,FETUSDT
2021-03-02 08:00:00,0.27704,0.30624,0.27704,0.30624,14134415.5,FETUSDT
2021-03-02 12:00:00,0.30626,0.31607,0.29396,0.3108,17195110.3,FETUSDT
2021-03-02 16:00:00,0.31079,0.314,0.28298,0.28895,13555710.5,FETUSDT
2021-03-02 20:00:00,0.28962,0.315,0.28668,0.31185,6087270.3,FETUSDT
2021-03-03 00:00:00,0.31182,0.314,0.30273,0.30332,3237716.2,FETUSDT
2021-03-03 04:00:00,0.3033,0.31206,0.30128,0.30346,4893262.6,FETUSDT
2021-03-03 08:00:00,0.30341,0.33888,0.30232,0.32287,14678891.14,FETUSDT
2021-03-03 12:00:00,0.32212,0.3561,0.31501,0.35395,25468969.54,FETUSDT
2021-03-03 16:00:00,0.3544,0.36036,0.32796,0.34838,16378623.48,FETUSDT
2021-03-03 20:00:00,0.34783,0.37,0.33314,0.36388,11842685.5,FETUSDT
2021-03-04 00:00:00,0.36193,0.37289,0.31802,0.32048,21972998.8,FETUSDT
2021-03-04 04:00:00,0.32111,0.3399,0.316,0.3399,13802702.0,FETUSDT
2021-03-04 08:00:00,0.33929,0.34853,0.32072,0.33443,12266557.0,FETUSDT
2021-03-04 12:00:00,0.33369,0.35888,0.3321,0.34564,14017490.9,FETUSDT
2021-03-04 16:00:00,0.34701,0.3486,0.317,0.3271,10199951.3,FETUSDT
2021-03-04 20:00:00,0.32847,0.34382,0.3151,0.32349,7085408.7,FETUSDT
2021-03-05 00:00:00,0.32256,0.32959,0.30145,0.32205,9380753.7,FETUSDT
2021-03-05 04:00:00,0.32158,0.35109,0.3159,0.34323,6407373.2,FETUSDT
2021-03-05 08:00:00,0.3432,0.37185,0.32279,0.36605,20745097.0,FETUSDT
2021-03-05 12:00:00,0.36568,0.39072,0.35687,0.35862,36473862.02,FETUSDT
2021-03-05 16:00:00,0.35839,0.39592,0.3521,0.37776,19876632.5,FETUSDT
2021-03-05 20:00:00,0.37867,0.4,0.37208,0.3737,15443149.45,FETUSDT
2021-03-06 00:00:00,0.37432,0.4,0.36791,0.39506,10479376.8,FETUSDT
2021-03-06 04:00:00,0.39505,0.39517,0.37289,0.37816,9250886.5,FETUSDT
2021-03-06 08:00:00,0.37744,0.37925,0.3622,0.37046,8795121.5,FETUSDT
2021-03-06 12:00:00,0.36992,0.373,0.34857,0.35001,9643655.2,FETUSDT
2021-03-06 16:00:00,0.35009,0.36809,0.34984,0.35781,6834732.5,FETUSDT
2021-03-06 20:00:00,0.35746,0.38829,0.35339,0.3831,6383683.2,FETUSDT
2021-03-07 00:00:00,0.3831,0.3856,0.36994,0.37253,3593558.3,FETUSDT
2021-03-07 04:00:00,0.37175,0.3774,0.36366,0.37628,3851256.7,FETUSDT
2021-03-07 08:00:00,0.37651,0.38543,0.365,0.36738,6844140.5,FETUSDT
2021-03-07 12:00:00,0.36734,0.381,0.36242,0.36632,7335447.2,FETUSDT
2021-03-07 16:00:00,0.36721,0.36876,0.35979,0.36375,5331309.7,FETUSDT
2021-03-07 20:00:00,0.36323,0.38799,0.3525,0.37246,7508224.8,FETUSDT
2021-03-08 00:00:00,0.37298,0.4035,0.36826,0.39179,9899357.4,FETUSDT
2021-03-08 04:00:00,0.39179,0.415,0.38893,0.39749,11614408.0,FETUSDT
2021-03-08 08:00:00,0.39639,0.42384,0.39312,0.4166,11650052.5,FETUSDT
2021-03-08 12:00:00,0.41657,0.44441,0.41051,0.41699,18325154.5,FETUSDT
2021-03-08 16:00:00,0.417,0.436,0.41375,0.42472,11244062.6,FETUSDT
2021-03-08 20:00:00,0.42471,0.449,0.41443,0.44438,14330841.48,FETUSDT
2021-03-09 00:00:00,0.44255,0.47988,0.44255,0.4769,16323008.1,FETUSDT
2021-03-09 04:00:00,0.47686,0.485,0.45381,0.46278,13665934.6,FETUSDT
2021-03-09 08:00:00,0.4628,0.478,0.4515,0.45694,10949498.9,FETUSDT
2021-03-09 12:00:00,0.45692,0.45979,0.4273,0.42997,16743953.4,FETUSDT
2021-03-09 16:00:00,0.42997,0.45536,0.425,0.4399,10339734.4,FETUSDT
2021-03-09 20:00:00,0.43989,0.44381,0.4249,0.42838,7214501.2,FETUSDT
2021-03-10 00:00:00,0.42873,0.4339,0.39342,0.40404,14114954.2,FETUSDT
2021-03-10 04:00:00,0.40394,0.44644,0.40251,0.43843,8975972.5,FETUSDT
2021-03-10 08:00:00,0.43908,0.48,0.42957,0.46877,12015681.9,FETUSDT
2021-03-10 12:00:00,0.46745,0.485,0.45665,0.48473,14321940.7,FETUSDT
2021-03-10 16:00:00,0.48463,0.495,0.45394,0.46941,16142748.64,FETUSDT
2021-03-10 20:00:00,0.47009,0.47447,0.44043,0.454,7076227.9,FETUSDT
2021-03-11 00:00:00,0.45536,0.46737,0.43674,0.46625,6665667.6,FETUSDT
2021-03-11 04:00:00,0.46618,0.46625,0.42576,0.42576,6628507.6,FETUSDT
2021-03-11 08:00:00,0.42651,0.43733,0.413,0.42785,11877748.2,FETUSDT
2021-03-11 12:00:00,0.42738,0.46285,0.42342,0.45329,12586337.4,FETUSDT
2021-03-11 16:00:00,0.45329,0.472,0.44438,0.44438,8947543.8,FETUSDT
2021-03-11 20:00:00,0.4446,0.457,0.43,0.44166,7837144.6,FETUSDT
2021-03-12 00:00:00,0.44171,0.45375,0.43144,0.44902,4661636.1,FETUSDT
2021-03-12 04:00:00,0.44901,0.47099,0.436,0.46608,8809785.1,FETUSDT
2021-03-12 08:00:00,0.4653,0.47826,0.45295,0.46492,10644475.4,FETUSDT
2021-03-12 12:00:00,0.465,0.49,0.432,0.489,13255996.0,FETUSDT
2021-03-12 16:00:00,0.48899,0.54414,0.47502,0.501,33427632.57,FETUSDT
2021-03-12 20:00:00,0.49969,0.54285,0.48301,0.5255,14376889.8,FETUSDT
2021-03-13 00:00:00,0.52568,0.57,0.5,0.53369,19800849.09,FETUSDT
2021-03-13 04:00:00,0.53324,0.575,0.51536,0.5705,12683456.2,FETUSDT
2021-03-13 08:00:00,0.57001,0.58,0.52675,0.53545,14723491.0,FETUSDT
2021-03-13 12:00:00,0.53485,0.57,0.52896,0.54305,9080676.3,FETUSDT
2021-03-13 16:00:00,0.54305,0.64,0.53409,0.59863,18075060.32,FETUSDT
2021-03-13 20:00:00,0.5978,0.64506,0.59021,0.62092,15800851.6,FETUSDT
2021-03-14 00:00:00,0.62096,0.68,0.60837,0.65358,13093567.3,FETUSDT
2021-03-14 04:00:00,0.65449,0.75,0.65295,0.71588,20369354.2,FETUSDT
2021-03-14 08:00:00,0.71332,0.755,0.64611,0.69413,28717680.8,FETUSDT
2021-03-14 12:00:00,0.69413,0.72,0.638,0.6458,15771843.2,FETUSDT
2021-03-14 16:00:00,0.64583,0.68909,0.6397,0.65,11067866.7,FETUSDT
2021-03-14 20:00:00,0.65083,0.74,0.64965,0.68704,13461720.6,FETUSDT
2021-03-15 00:00:00,0.6873,0.72,0.65889,0.66277,8215677.7,FETUSDT
2021-03-15 04:00:00,0.665,0.67035,0.583,0.63293,15629966.4,FETUSDT
2021-03-15 08:00:00,0.63082,0.68328,0.57882,0.6755,15326622.9,FETUSDT
2021-03-15 12:00:00,0.6768,0.7398,0.64303,0.6822,13349110.5,FETUSDT
2021-03-15 16:00:00,0.68387,0.68864,0.65078,0.65641,7560028.6,FETUSDT
2021-03-15 20:00:00,0.65639,0.68384,0.64167,0.6461,6590373.1,FETUSDT
2021-03-16 00:00:00,0.64796,0.64852,0.575,0.5894,13900841.2,FETUSDT
2021-03-16 04:00:00,0.58943,0.60475,0.56264,0.59477,9470223.9,FETUSDT
2021-03-16 08:00:00,0.59406,0.629,0.58826,0.59743,10044630.5,FETUSDT
2021-03-16 12:00:00,0.59808,0.63795,0.57761,0.63794,11547455.6,FETUSDT
2021-03-16 16:00:00,0.63794,0.66636,0.58888,0.60295,13259033.1,FETUSDT
2021-03-16 20:00:00,0.60286,0.6467,0.60001,0.61549,6712479.1,FETUSDT
2021-03-17 00:00:00,0.6155,0.64188,0.59539,0.6075,7145537.5,FETUSDT
2021-03-17 04:00:00,0.60748,0.625,0.59246,0.624,4073589.3,FETUSDT
2021-03-17 08:00:00,0.62328,0.667,0.605,0.61878,9962071.1,FETUSDT
2021-03-17 12:00:00,0.61877,0.65296,0.61,0.62492,8657659.4,FETUSDT
2021-03-17 16:00:00,0.62332,0.66466,0.62108,0.66009,8929632.5,FETUSDT
2021-03-17 20:00:00,0.6625,0.68191,0.63881,0.658,7137953.0,FETUSDT
2021-03-18 00:00:00,0.6594,0.66798,0.625,0.63608,5403407.4,FETUSDT
2021-03-18 04:00:00,0.63629,0.64567,0.62449,0.63387,3735600.3,FETUSDT
2021-03-18 08:00:00,0.6343,0.63992,0.6007,0.60263,9559116.8,FETUSDT
2021-03-18 12:00:00,0.60302,0.61873,0.58848,0.60218,13282044.4,FETUSDT
2021-03-18 16:00:00,0.60019,0.61252,0.58149,0.58811,8824953.7,FETUSDT
2021-03-18 20:00:00,0.58811,0.62479,0.583,0.59455,8137007.5,FETUSDT
2021-03-19 00:00:00,0.59478,0.59595,0.56912,0.57913,8800306.2,FETUSDT
2021-03-19 04:00:00,0.57908,0.59668,0.56911,0.5797,7010000.6,FETUSDT
2021-03-19 08:00:00,0.57758,0.6,0.57613,0.59654,7297989.1,FETUSDT
2021-03-19 12:00:00,0.59666,0.62,0.59324,0.59682,9019546.6,FETUSDT
2021-03-19 16:00:00,0.5957,0.6512,0.5908,0.62971,14603458.0,FETUSDT
2021-03-19 20:00:00,0.6297,0.6326,0.59329,0.6038,6319128.4,FETUSDT
2021-03-20 00:00:00,0.60368,0.63,0.59196,0.59967,7187898.5,FETUSDT
2021-03-20 04:00:00,0.60097,0.63147,0.5936,0.61892,5941030.5,FETUSDT
2021-03-20 08:00:00,0.61787,0.62313,0.60522,0.6147,5594027.6,FETUSDT
2021-03-20 12:00:00,0.6147,0.64069,0.60828,0.62292,8648634.8,FETUSDT
2021-03-20 16:00:00,0.62276,0.62487,0.60035,0.6063,5510311.5,FETUSDT
2021-03-20 20:00:00,0.60467,0.6075,0.5844,0.58633,4721130.0,FETUSDT
2021-03-21 00:00:00,0.58443,0.59885,0.56702,0.57703,5428954.9,FETUSDT
2021-03-21 04:00:00,0.57564,0.57699,0.55028,0.56382,4889226.0,FETUSDT
2021-03-21 08:00:00,0.56277,0.576,0.52729,0.54367,10934291.6,FETUSDT
2021-03-21 12:00:00,0.54438,0.5964,0.53008,0.5918,9329179.3,FETUSDT
2021-03-21 16:00:00,0.59152,0.64484,0.58583,0.644,11852898.1,FETUSDT
2021-03-21 20:00:00,0.64482,0.65,0.6203,0.64182,7771915.2,FETUSDT
2021-03-22 00:00:00,0.63973,0.643,0.595,0.6285,6801927.7,FETUSDT
2021-03-22 04:00:00,0.63112,0.65,0.6125,0.64343,7640550.6,FETUSDT
2021-03-22 08:00:00,0.64466,0.77939,0.63668,0.73104,53671516.7,FETUSDT
2021-03-22 12:00:00,0.73119,0.74776,0.69123,0.70563,16906805.1,FETUSDT
2021-03-22 16:00:00,0.70562,0.75,0.68478,0.69078,14624215.3,FETUSDT
2021-03-22 20:00:00,0.69203,0.70297,0.66,0.67196,12952856.7,FETUSDT
2021-03-23 00:00:00,0.67203,0.71524,0.63051,0.64805,10544422.5,FETUSDT
2021-03-23 04:00:00,0.64959,0.65359,0.59638,0.635,11642664.4,FETUSDT
2021-03-23 08:00:00,0.63585,0.6726,0.61814,0.62483,8564005.7,FETUSDT
2021-03-23 12:00:00,0.62597,0.68742,0.62397,0.67307,9747098.7,FETUSDT
2021-03-23 16:00:00,0.6714,0.70124,0.64398,0.6593,9977772.3,FETUSDT
2021-03-23 20:00:00,0.65932,0.65953,0.61861,0.62812,6444177.6,FETUSDT
2021-03-24 00:00:00,0.62991,0.66465,0.6137,0.64654,4690741.4,FETUSDT
2021-03-24 04:00:00,0.64819,0.7,0.63999,0.69504,6981443.0,FETUSDT
2021-03-24 08:00:00,0.69504,0.7195,0.68252,0.70994,5753885.3,FETUSDT
2021-03-24 12:00:00,0.70998,0.73,0.69178,0.7191,7966088.2,FETUSDT
2021-03-24 16:00:00,0.7191,0.725,0.661,0.66873,8298865.4,FETUSDT
2021-03-24 20:00:00,0.66873,0.68165,0.58388,0.61858,13069059.6,FETUSDT
2021-03-25 00:00:00,0.61994,0.64355,0.586,0.60132,7593744.4,FETUSDT
2021-03-25 04:00:00,0.59973,0.63638,0.58832,0.5949,8002691.1,FETUSDT
2021-03-25 08:00:00,0.59639,0.6351,0.59081,0.60788,5036235.7,FETUSDT
2021-03-25 12:00:00,0.607,0.61475,0.55746,0.5837,11798325.0,FETUSDT
2021-03-25 16:00:00,0.583,0.59849,0.567,0.58821,6137770.5,FETUSDT
2021-03-25 20:00:00,0.58819,0.611,0.5839,0.60863,4374633.7,FETUSDT
2021-03-26 00:00:00,0.60661,0.64729,0.60301,0.64059,6094588.1,FETUSDT
2021-03-26 04:00:00,0.63813,0.6791,0.63,0.64738,6456312.4,FETUSDT
2021-03-26 08:00:00,0.64702,0.682,0.63661,0.63878,7019818.7,FETUSDT
2021-03-26 12:00:00,0.63807,0.66482,0.63554,0.65492,4667686.5,FETUSDT
2021-03-26 16:00:00,0.65497,0.73,0.648,0.69352,16039096.2,FETUSDT
2021-03-26 20:00:00,0.6929,0.74,0.68024,0.69757,8465383.4,FETUSDT
2021-03-27 00:00:00,0.70033,0.749,0.69779,0.71884,7914009.6,FETUSDT
2021-03-27 04:00:00,0.71735,0.743,0.708,0.7161,6407536.0,FETUSDT
2021-03-27 08:00:00,0.71555,0.728,0.68262,0.68331,7416999.7,FETUSDT
2021-03-27 12:00:00,0.6846,0.72198,0.66665,0.70915,7871306.2,FETUSDT
2021-03-27 16:00:00,0.71002,0.75,0.70701,0.74883,11160709.3,FETUSDT
2021-03-27 20:00:00,0.74896,0.81736,0.72518,0.78885,17205878.1,FETUSDT
2021-03-28 00:00:00,0.7889,0.8533,0.78,0.83,14309784.5,FETUSDT
2021-03-28 04:00:00,0.83156,0.865,0.8029,0.82459,11824720.4,FETUSDT
2021-03-28 08:00:00,0.825,0.86156,0.79686,0.83799,11448541.3,FETUSDT
2021-03-28 12:00:00,0.83675,0.84355,0.8055,0.81205,8137525.2,FETUSDT
2021-03-28 16:00:00,0.81165,0.81572,0.75,0.76825,14466905.9,FETUSDT
2021-03-28 20:00:00,0.76968,0.79816,0.75,0.77916,6384525.8,FETUSDT
2021-03-29 00:00:00,0.77915,0.79029,0.751,0.767,5781940.2,FETUSDT
2021-03-29 04:00:00,0.767,0.82499,0.7665,0.78773,6644501.7,FETUSDT
2021-03-29 08:00:00,0.78871,0.80383,0.77289,0.78489,6731080.2,FETUSDT
2021-03-29 12:00:00,0.78489,0.8475,0.78103,0.82853,11258294.1,FETUSDT
2021-03-29 16:00:00,0.83148,0.84103,0.8,0.80553,7459457.7,FETUSDT
2021-03-29 20:00:00,0.80343,0.83853,0.79115,0.82,6750276.5,FETUSDT
2021-03-30 00:00:00,0.81991,0.84,0.78796,0.79574,5239849.5,FETUSDT
2021-03-30 04:00:00,0.79608,0.79846,0.77777,0.78687,6363347.4,FETUSDT
2021-03-30 08:00:00,0.78686,0.805,0.76611,0.78559,10151261.8,FETUSDT
2021-03-30 12:00:00,0.78561,0.805,0.76992,0.77995,7658174.5,FETUSDT
2021-03-30 16:00:00,0.77882,0.79759,0.77001,0.788,6647617.4,FETUSDT
2021-03-30 20:00:00,0.788,0.83,0.7701,0.80995,9737594.4,FETUSDT
2021-03-31 00:00:00,0.80701,0.82029,0.785,0.79689,3135002.2,FETUSDT
2021-03-31 04:00:00,0.79835,0.82456,0.775,0.80747,5977956.3,FETUSDT
2021-03-31 08:00:00,0.80986,0.878,0.775,0.87782,19862996.4,FETUSDT
2021-03-31 12:00:00,0.87797,0.87871,0.77777,0.79321,25639245.5,FETUSDT
2021-03-31 16:00:00,0.79322,0.79825,0.73114,0.73114,17063331.4,FETUSDT
2021-03-31 20:00:00,0.73114,0.75765,0.71776,0.72674,13152135.8,FETUSDT
2021-04-01 00:00:00,0.72681,0.73662,0.70909,0.736,8840269.4,FETUSDT
2021-04-01 04:00:00,0.73378,0.7511,0.71481,0.74022,8210027.6,FETUSDT
2021-04-01 08:00:00,0.74022,0.76329,0.71992,0.73155,13404905.7,FETUSDT
2021-04-01 12:00:00,0.73155,0.741,0.72,0.72775,6668944.5,FETUSDT
2021-04-01 16:00:00,0.72769,0.73281,0.68312,0.6938,10103698.8,FETUSDT
2021-04-01 20:00:00,0.69381,0.713,0.68572,0.70796,5919905.3,FETUSDT
2021-04-02 00:00:00,0.70801,0.71562,0.68325,0.68844,5095875.4,FETUSDT
2021-04-02 04:00:00,0.68734,0.738,0.685,0.71206,8634764.5,FETUSDT
2021-04-02 08:00:00,0.712,0.74329,0.70297,0.73741,6952218.2,FETUSDT
2021-04-02 12:00:00,0.73721,0.75662,0.72602,0.7314,8045595.3,FETUSDT
2021-04-02 16:00:00,0.732,0.73703,0.7037,0.7075,4333404.3,FETUSDT
2021-04-02 20:00:00,0.70827,0.71202,0.6901,0.69364,4286014.3,FETUSDT
2021-04-03 00:00:00,0.69351,0.69865,0.66523,0.68792,6396833.2,FETUSDT
2021-04-03 04:00:00,0.68793,0.7,0.66562,0.68611,6250249.0,FETUSDT
2021-04-03 08:00:00,0.68825,0.69104,0.667,0.68391,6352240.9,FETUSDT
2021-04-03 12:00:00,0.68268,0.7109,0.68092,0.69202,6908060.2,FETUSDT
2021-04-03 16:00:00,0.69202,0.72,0.64466,0.68964,8784570.4,FETUSDT
2021-04-03 20:00:00,0.68751,0.68902,0.6313,0.63403,5753308.1,FETUSDT
2021-04-04 00:00:00,0.63277,0.65489,0.61143,0.65001,4502209.0,FETUSDT
2021-04-04 04:00:00,0.651,0.65516,0.6321,0.64789,3519809.3,FETUSDT
2021-04-04 08:00:00,0.64795,0.678,0.64483,0.64651,4660274.2,FETUSDT
2021-04-04 12:00:00,0.64652,0.67864,0.64079,0.66806,8453834.4,FETUSDT
2021-04-04 16:00:00,0.66809,0.728,0.65211,0.72794,13302550.6,FETUSDT
2021-04-04 20:00:00,0.72768,0.74,0.69233,0.72304,8345492.2,FETUSDT
2021-04-05 00:00:00,0.723,0.7296,0.686,0.68739,4640180.6,FETUSDT
2021-04-05 04:00:00,0.68739,0.69205,0.66,0.6839,5098015.1,FETUSDT
2021-04-05 08:00:00,0.68317,0.69457,0.66831,0.67203,7764731.2,FETUSDT
2021-04-05 12:00:00,0.67325,0.703,0.67187,0.68095,8882870.5,FETUSDT
2021-04-05 16:00:00,0.6809,0.69197,0.662,0.69148,7617066.5,FETUSDT
2021-04-05 20:00:00,0.69051,0.70294,0.67011,0.68135,6053966.0,FETUSDT
2021-04-06 00:00:00,0.6819,0.68824,0.65,0.66007,4593479.4,FETUSDT
2021-04-06 04:00:00,0.66009,0.67999,0.6482,0.65182,7019669.4,FETUSDT
2021-04-06 08:00:00,0.65052,0.7475,0.64084,0.7154,25468860.5,FETUSDT
2021-04-06 12:00:00,0.71539,0.71587,0.63473,0.66244,12965994.8,FETUSDT
2021-04-06 16:00:00,0.66237,0.70125,0.6611,0.6807,9678566.4,FETUSDT
2021-04-06 20:00:00,0.681,0.68276,0.65024,0.66701,5111262.1,FETUSDT
2021-04-07 00:00:00,0.66706,0.6816,0.64,0.64175,5523763.8,FETUSDT
2021-04-07 04:00:00,0.64011,0.64473,0.58774,0.61314,11294405.0,FETUSDT
2021-04-07 08:00:00,0.61206,0.61839,0.5555,0.59414,13986569.0,FETUSDT
2021-04-07 12:00:00,0.59524,0.63052,0.56211,0.59514,9461415.6,FETUSDT
2021-04-07 16:00:00,0.595,0.62299,0.56527,0.57944,7439417.7,FETUSDT
2021-04-07 20:00:00,0.57985,0.65,0.576,0.59566,6429598.2,FETUSDT
2021-04-08 00:00:00,0.59557,0.61668,0.5868,0.61265,3599282.0,FETUSDT
2021-04-08 04:00:00,0.61154,0.64828,0.60545,0.6422,6054028.7,FETUSDT
2021-04-08 08:00:00,0.64219,0.65678,0.6001,0.6087,6509775.9,FETUSDT
2021-04-08 12:00:00,0.60822,0.64654,0.60681,0.63244,8241858.1,FETUSDT
2021-04-08 16:00:00,0.63245,0.6397,0.6109,0.61348,4805551.0,FETUSDT
2021-04-08 20:00:00,0.61347,0.61694,0.59794,0.6066,5883834.4,FETUSDT
2021-04-09 00:00:00,0.60665,0.635,0.6009,0.63438,5832014.2,FETUSDT
2021-04-09 04:00:00,0.6325,0.64712,0.62,0.631,7156333.1,FETUSDT
2021-04-09 08:00:00,0.63099,0.76,0.62178,0.72723,68634550.6,FETUSDT
2021-04-09 12:00:00,0.72796,0.7692,0.69069,0.71554,36649512.2,FETUSDT
2021-04-09 16:00:00,0.71683,0.71999,0.68631,0.70984,10595995.5,FETUSDT
2021-04-09 20:00:00,0.70971,0.7259,0.67643,0.68365,8554304.7,FETUSDT
2021-04-10 00:00:00,0.68211,0.7,0.66291,0.66568,7935570.7,FETUSDT
2021-04-10 04:00:00,0.6656,0.68288,0.65368,0.67944,11530340.5,FETUSDT
2021-04-10 08:00:00,0.67774,0.68292,0.65752,0.67591,7784637.1,FETUSDT
2021-04-10 12:00:00,0.67591,0.68664,0.651,0.65849,10250190.8,FETUSDT
2021-04-10 16:00:00,0.65849,0.66579,0.63768,0.65045,7808234.4,FETUSDT
2021-04-10 20:00:00,0.64892,0.658,0.63076,0.65528,4300089.2,FETUSDT
2021-04-11 00:00:00,0.65572,0.65771,0.63673,0.6481,3833776.1,FETUSDT
2021-04-11 04:00:00,0.64825,0.65243,0.61673,0.64369,7353234.0,FETUSDT
2021-04-11 08:00:00,0.64495,0.65084,0.63258,0.64279,4225091.7,FETUSDT
2021-04-11 12:00:00,0.64288,0.645,0.62,0.62568,7261379.1,FETUSDT
2021-04-11 16:00:00,0.62457,0.64989,0.61539,0.62921,10051830.8,FETUSDT
2021-04-11 20:00:00,0.62921,0.64608,0.62608,0.63278,4371860.1,FETUSDT
2021-04-12 00:00:00,0.63142,0.66479,0.625,0.65288,5199333.0,FETUSDT
2021-04-12 04:00:00,0.65292,0.67,0.64387,0.655,6288506.7,FETUSDT
2021-04-12 08:00:00,0.6549,0.667,0.601,0.62323,13168519.9,FETUSDT
2021-04-12 12:00:00,0.6223,0.63215,0.6,0.605,8109294.8,FETUSDT
2021-04-12 16:00:00,0.60581,0.63678,0.59999,0.63207,7091579.5,FETUSDT
2021-04-12 20:00:00,0.63151,0.6347,0.60477,0.60938,5217278.2,FETUSDT
2021-04-13 00:00:00,0.609,0.62789,0.60585,0.62088,4127817.4,FETUSDT
2021-04-13 04:00:00,0.62001,0.62265,0.595,0.60268,5832719.2,FETUSDT
2021-04-13 08:00:00,0.60282,0.61412,0.57118,0.59714,9614248.2,FETUSDT
2021-04-13 12:00:00,0.59701,0.64,0.58381,0.62458,9746391.3,FETUSDT
2021-04-13 16:00:00,0.6245,0.62836,0.59583,0.612,7749920.9,FETUSDT
2021-04-13 20:00:00,0.612,0.64394,0.60288,0.60803,6269856.1,FETUSDT
2021-04-14 00:00:00,0.60717,0.60962,0.58626,0.6017,6014728.2,FETUSDT
2021-04-14 04:00:00,0.6017,0.60529,0.5853,0.58929,6167405.0,FETUSDT
2021-04-14 08:00:00,0.58905,0.61666,0.58899,0.6075,7936001.4,FETUSDT
2021-04-14 12:00:00,0.60835,0.61782,0.57436,0.59109,7945111.7,FETUSDT
2021-04-14 16:00:00,0.59061,0.5986,0.57081,0.58401,6622973.8,FETUSDT
2021-04-14 20:00:00,0.58433,0.61,0.57944,0.59596,4595254.9,FETUSDT
2021-04-15 00:00:00,0.59605,0.60459,0.58426,0.59543,5606910.0,FETUSDT
2021-04-15 04:00:00,0.59473,0.64124,0.58991,0.61208,9440817.9,FETUSDT
2021-04-15 08:00:00,0.61178,0.63211,0.605,0.62618,6516253.4,FETUSDT
2021-04-15 12:00:00,0.62618,0.62888,0.61096,0.62292,6937070.1,FETUSDT
2021-04-15 16:00:00,0.62206,0.66328,0.61,0.62536,14107880.2,FETUSDT
2021-04-15 20:00:00,0.62525,0.66,0.6161,0.6501,6827750.1,FETUSDT
2021-04-16 00:00:00,0.65007,0.65427,0.60785,0.61462,6239593.8,FETUSDT
2021-04-16 04:00:00,0.61535,0.66109,0.601,0.6186,9907232.2,FETUSDT
2021-04-16 08:00:00,0.61732,0.63,0.59506,0.60697,6763278.1,FETUSDT
2021-04-16 12:00:00,0.60701,0.63015,0.5887,0.60732,6819636.8,FETUSDT
2021-04-16 16:00:00,0.60693,0.63571,0.59281,0.63027,6900784.2,FETUSDT
2021-04-16 20:00:00,0.6303,0.63127,0.601,0.60559,5048535.0,FETUSDT
2021-04-17 00:00:00,0.60519,0.65619,0.60519,0.6512,7911865.8,FETUSDT
2021-04-17 04:00:00,0.65129,0.66,0.63574,0.64794,5786249.2,FETUSDT
2021-04-17 08:00:00,0.64807,0.67256,0.64,0.6723,9483872.6,FETUSDT
2021-04-17 12:00:00,0.67227,0.69,0.63,0.645,12340416.5,FETUSDT
2021-04-17 16:00:00,0.64409,0.65007,0.62227,0.62936,6439875.8,FETUSDT
2021-04-17 20:00:00,0.62912,0.66689,0.62616,0.63834,6152211.3,FETUSDT
2021-04-18 00:00:00,0.63834,0.64607,0.46754,0.54631,10116159.0,FETUSDT
2021-04-18 04:00:00,0.5465,0.5769,0.5276,0.56103,9322291.4,FETUSDT
2021-04-18 08:00:00,0.56107,0.56906,0.49244,0.49571,11863084.2,FETUSDT
2021-04-18 12:00:00,0.49571,0.54922,0.49347,0.53679,6816884.7,FETUSDT
2021-04-18 16:00:00,0.53657,0.55,0.52715,0.53731,4981625.4,FETUSDT
2021-04-18 20:00:00,0.53732,0.55226,0.52959,0.54358,5087570.5,FETUSDT
2021-04-19 00:00:00,0.54325,0.56484,0.52488,0.5563,5448519.8,FETUSDT
2021-04-19 04:00:00,0.55584,0.578,0.55101,0.55762,4836848.7,FETUSDT
2021-04-19 08:00:00,0.55847,0.55998,0.4975,0.546,9203824.3,FETUSDT
2021-04-19 12:00:00,0.546,0.54649,0.4621,0.47544,12223477.2,FETUSDT
2021-04-19 16:00:00,0.47555,0.51139,0.46679,0.50068,8656438.7,FETUSDT
2021-04-19 20:00:00,0.49995,0.50954,0.47396,0.47802,5716428.3,FETUSDT
2021-04-20 00:00:00,0.47842,0.47916,0.43776,0.44778,5758159.8,FETUSDT
2021-04-20 04:00:00,0.447,0.46404,0.4111,0.4328,12090232.7,FETUSDT
2021-04-20 08:00:00,0.43306,0.4998,0.43109,0.49304,13581152.3,FETUSDT
2021-04-20 12:00:00,0.49342,0.50919,0.46639,0.48553,6927030.8,FETUSDT
2021-04-20 16:00:00,0.48625,0.50223,0.47244,0.49524,7814954.3,FETUSDT
2021-04-20 20:00:00,0.49649,0.54847,0.49294,0.53494,11619063.7,FETUSDT
2021-04-21 00:00:00,0.53456,0.5644,0.52657,0.52657,8175933.9,FETUSDT
2021-04-21 04:00:00,0.52694,0.53951,0.5163,0.53688,5400555.4,FETUSDT
2021-04-21 08:00:00,0.53669,0.54103,0.48841,0.49389,7873806.1,FETUSDT
2021-04-21 12:00:00,0.49418,0.53123,0.48895,0.52681,6151272.5,FETUSDT
2021-04-21 16:00:00,0.52587,0.52958,0.50028,0.51791,6821171.8,FETUSDT
2021-04-21 20:00:00,0.51799,0.51881,0.46561,0.46711,9173770.6,FETUSDT
2021-04-22 00:00:00,0.46607,0.4898,0.45059,0.47099,7843760.8,FETUSDT
2021-04-22 04:00:00,0.47134,0.49403,0.46512,0.46552,5734223.1,FETUSDT
2021-04-22 08:00:00,0.4657,0.47594,0.44258,0.47278,12369779.9,FETUSDT
2021-04-22 12:00:00,0.47288,0.4928,0.46829,0.4788,5959339.4,FETUSDT
2021-04-22 16:00:00,0.4788,0.49161,0.445,0.4533,5719417.3,FETUSDT
2021-04-22 20:00:00,0.45309,0.45324,0.39534,0.40685,13214306.3,FETUSDT
2021-04-23 00:00:00,0.40722,0.4186,0.35153,0.37715,12613235.3,FETUSDT
2021-04-23 04:00:00,0.37722,0.38769,0.34002,0.34532,12451847.0,FETUSDT
2021-04-23 08:00:00,0.34486,0.40317,0.33953,0.3884,10279348.8,FETUSDT
2021-04-23 12:00:00,0.38946,0.39552,0.36366,0.3888,7147965.1,FETUSDT
2021-04-23 16:00:00,0.38813,0.41,0.37993,0.40414,5521321.0,FETUSDT
2021-04-23 20:00:00,0.40349,0.41488,0.39399,0.41488,4841999.7,FETUSDT
2021-04-24 00:00:00,0.41416,0.41455,0.37606,0.39277,7180936.2,FETUSDT
2021-04-24 04:00:00,0.39277,0.40385,0.37959,0.38755,5920872.5,FETUSDT
2021-04-24 08:00:00,0.38726,0.40371,0.35234,0.36213,9568959.0,FETUSDT
2021-04-24 12:00:00,0.36213,0.40222,0.35515,0.37975,10528985.3,FETUSDT
2021-04-24 16:00:00,0.37966,0.38491,0.36727,0.37532,3883762.7,FETUSDT
2021-04-24 20:00:00,0.37532,0.39063,0.3661,0.36899,4850687.4,FETUSDT
2021-04-25 00:00:00,0.36822,0.38546,0.36285,0.36387,2722972.0,FETUSDT
2021-04-25 04:00:00,0.36418,0.3645,0.36337,0.36444,6466.4,FETUSDT
2021-04-25 08:00:00,0.36301,0.39811,0.36299,0.39574,6807735.7,FETUSDT
2021-04-25 12:00:00,0.39523,0.409,0.38368,0.40053,7798600.1,FETUSDT
2021-04-25 16:00:00,0.40008,0.41259,0.37047,0.37224,9355754.6,FETUSDT
2021-04-25 20:00:00,0.3723,0.37616,0.33349,0.35865,12190343.1,FETUSDT
2021-04-26 00:00:00,0.35871,0.40115,0.35103,0.39934,8494155.9,FETUSDT
2021-04-26 04:00:00,0.39988,0.44998,0.39928,0.4393,11298562.0,FETUSDT
2021-04-26 08:00:00,0.43869,0.45554,0.41789,0.44429,11861058.0,FETUSDT
2021-04-26 12:00:00,0.44464,0.47262,0.43721,0.46201,12608706.2,FETUSDT
2021-04-26 16:00:00,0.46201,0.4775,0.44642,0.46876,19936493.1,FETUSDT
2021-04-26 20:00:00,0.46891,0.47047,0.43326,0.45942,22414285.9,FETUSDT
2021-04-27 00:00:00,0.45831,0.48681,0.451,0.46988,17137053.6,FETUSDT
2021-04-27 04:00:00,0.46903,0.485,0.45669,0.47446,8187322.4,FETUSDT
2021-04-27 08:00:00,0.47446,0.53765,0.47106,0.51443,15341248.0,FETUSDT
2021-04-27 12:00:00,0.51517,0.55544,0.49082,0.54877,20018160.8,FETUSDT
2021-04-27 16:00:00,0.54774,0.593,0.52788,0.59252,30022675.4,FETUSDT
2021-04-27 20:00:00,0.59252,0.64983,0.56925,0.6231,32929599.8,FETUSDT
2021-04-28 00:00:00,0.62213,0.64901,0.57507,0.57696,13805287.5,FETUSDT
2021-04-28 04:00:00,0.57553,0.61536,0.52911,0.58487,22952018.6,FETUSDT
2021-04-28 08:00:00,0.58401,0.62,0.55984,0.57276,17967580.1,FETUSDT
2021-04-28 12:00:00,0.57263,0.59633,0.5622,0.5809,11961084.4,FETUSDT
2021-04-28 16:00:00,0.58227,0.61702,0.57269,0.60149,12003473.0,FETUSDT
2021-04-28 20:00:00,0.60127,0.60302,0.56558,0.58004,8802453.0,FETUSDT
2021-04-29 00:00:00,0.57988,0.6196,0.57419,0.61832,8694069.8,FETUSDT
2021-04-29 04:00:00,0.61784,0.61959,0.58683,0.6017,7866727.3,FETUSDT
2021-04-29 08:00:00,0.6025,0.6125,0.59031,0.60879,6697887.7,FETUSDT
2021-04-29 12:00:00,0.60908,0.635,0.59058,0.59841,12607403.4,FETUSDT
2021-04-29 16:00:00,0.59816,0.605,0.55124,0.56643,13252186.1,FETUSDT
2021-04-29 20:00:00,0.56644,0.57458,0.548,0.56209,8652196.0,FETUSDT
2021-04-30 00:00:00,0.5621,0.622,0.55081,0.59384,12960028.3,FETUSDT
2021-04-30 04:00:00,0.59384,0.596,0.57909,0.585,4339956.9,FETUSDT
2021-04-30 08:00:00,0.585,0.60555,0.58208,0.595,5940419.7,FETUSDT
2021-04-30 12:00:00,0.59557,0.6027,0.57728,0.57866,7974934.2,FETUSDT
2021-04-30 16:00:00,0.57956,0.61666,0.57883,0.5994,10734981.0,FETUSDT
2021-04-30 20:00:00,0.59939,0.618,0.589,0.60008,4972339.9,FETUSDT
2021-05-01 00:00:00,0.59883,0.64409,0.59546,0.62071,12228195.9,FETUSDT
2021-05-01 04:00:00,0.62162,0.632,0.60539,0.62399,5215097.7,FETUSDT
2021-05-01 08:00:00,0.62411,0.65,0.6124,0.64495,9687459.8,FETUSDT
2021-05-01 12:00:00,0.6447,0.682,0.63862,0.65162,16572174.9,FETUSDT
2021-05-01 16:00:00,0.65167,0.69,0.65167,0.67575,13417272.8,FETUSDT
2021-05-01 20:00:00,0.6751,0.69999,0.66856,0.6741,11651892.0,FETUSDT
2021-05-02 00:00:00,0.67441,0.69,0.63655,0.63901,8462662.0,FETUSDT
2021-05-02 04:00:00,0.63931,0.65979,0.62824,0.64297,5646869.2,FETUSDT
2021-05-02 08:00:00,0.64338,0.65093,0.6307,0.64553,5377662.1,FETUSDT
2021-05-02 12:00:00,0.64564,0.66181,0.636,0.65573,6104030.4,FETUSDT
2021-05-02 16:00:00,0.65554,0.65899,0.64,0.65112,5996446.7,FETUSDT
2021-05-02 20:00:00,0.65153,0.65399,0.618,0.63506,8088351.7,FETUSDT
2021-05-03 00:00:00,0.63522,0.66996,0.63514,0.63997,5165842.6,FETUSDT
2021-05-03 04:00:00,0.63997,0.6968,0.63941,0.68768,9041718.6,FETUSDT
2021-05-03 08:00:00,0.687,0.68767,0.6578,0.66383,5565864.4,FETUSDT
2021-05-03 12:00:00,0.66399,0.6864,0.6388,0.65868,8677154.8,FETUSDT
2021-05-03 16:00:00,0.65912,0.66427,0.64789,0.6575,5823658.3,FETUSDT
2021-05-03 20:00:00,0.6575,0.666,0.62601,0.63211,4841686.3,FETUSDT
2021-05-04 00:00:00,0.63306,0.63514,0.57115,0.5789,13079226.5,FETUSDT
2021-05-04 04:00:00,0.57884,0.62633,0.57502,0.59811,7535929.6,FETUSDT
2021-05-04 08:00:00,0.5981,0.6272,0.58312,0.616,6537508.4,FETUSDT
2021-05-04 12:00:00,0.61572,0.6164,0.5356,0.54186,15930877.0,FETUSDT
2021-05-04 16:00:00,0.54278,0.575,0.53089,0.5726,14414799.6,FETUSDT
2021-05-04 20:00:00,0.57265,0.57843,0.545,0.54757,5754515.5,FETUSDT
2021-05-05 00:00:00,0.54719,0.6035,0.5351,0.56312,8263190.1,FETUSDT
2021-05-05 04:00:00,0.56382,0.57366,0.548,0.57001,5496163.9,FETUSDT
2021-05-05 08:00:00,0.57103,0.5986,0.56999,0.57424,6274029.2,FETUSDT
2021-05-05 12:00:00,0.57486,0.605,0.57421,0.58795,7973439.9,FETUSDT
2021-05-05 16:00:00,0.58799,0.61879,0.57847,0.60001,9747689.6,FETUSDT
2021-05-05 20:00:00,0.6008,0.60099,0.58311,0.59101,5191768.4,FETUSDT
2021-05-06 00:00:00,0.59006,0.61275,0.5742,0.61002,6638035.3,FETUSDT
2021-05-06 04:00:00,0.60861,0.611,0.585,0.59258,4542514.1,FETUSDT
2021-05-06 08:00:00,0.59305,0.61647,0.59051,0.60194,6253512.0,FETUSDT
2021-05-06 12:00:00,0.60194,0.60295,0.57846,0.58536,4618284.2,FETUSDT
2021-05-06 16:00:00,0.58508,0.58751,0.547,0.56395,9724845.3,FETUSDT
2021-05-06 20:00:00,0.56439,0.57732,0.5564,0.56206,4012779.3,FETUSDT
2021-05-07 00:00:00,0.56321,0.57379,0.54551,0.55138,4106837.2,FETUSDT
2021-05-07 04:00:00,0.55047,0.56464,0.53785,0.55679,5367191.1,FETUSDT
2021-05-07 08:00:00,0.55677,0.59899,0.55522,0.59345,7451558.7,FETUSDT
2021-05-07 12:00:00,0.59256,0.60634,0.57854,0.59609,6132137.0,FETUSDT
2021-05-07 16:00:00,0.597,0.59878,0.56691,0.57115,5567048.8,FETUSDT
2021-05-07 20:00:00,0.57199,0.58188,0.5463,0.57068,4445508.8,FETUSDT
2021-05-08 00:00:00,0.57054,0.572,0.55372,0.57,2973190.5,FETUSDT
2021-05-08 04:00:00,0.57001,0.57772,0.55365,0.574,3094464.9,FETUSDT
2021-05-08 08:00:00,0.57305,0.58328,0.565,0.57573,4334220.3,FETUSDT
2021-05-08 12:00:00,0.57659,0.57872,0.54889,0.54917,4041961.3,FETUSDT
2021-05-08 16:00:00,0.54917,0.56539,0.54104,0.56,6168264.6,FETUSDT
2021-05-08 20:00:00,0.56047,0.56208,0.54731,0.55482,2520066.6,FETUSDT
2021-05-09 00:00:00,0.5548,0.55723,0.53785,0.53899,2872839.6,FETUSDT
2021-05-09 04:00:00,0.5388,0.54363,0.52511,0.53752,4146753.7,FETUSDT
2021-05-09 08:00:00,0.53667,0.5476,0.51665,0.52338,6561276.9,FETUSDT
2021-05-09 12:00:00,0.52303,0.53798,0.51036,0.53437,5805563.9,FETUSDT
2021-05-09 16:00:00,0.53488,0.53662,0.51791,0.52263,3541320.5,FETUSDT
2021-05-09 20:00:00,0.5221,0.53576,0.52068,0.53163,4031581.8,FETUSDT
2021-05-10 00:00:00,0.53118,0.578,0.53101,0.5735,7255053.3,FETUSDT
2021-05-10 04:00:00,0.5735,0.57394,0.54465,0.54526,3654188.8,FETUSDT
2021-05-10 08:00:00,0.54468,0.562,0.51873,0.53155,5749591.9,FETUSDT
2021-05-10 12:00:00,0.53226,0.55044,0.51036,0.54987,6291433.4,FETUSDT
2021-05-10 16:00:00,0.54987,0.54987,0.4713,0.47387,7626405.2,FETUSDT
2021-05-10 20:00:00,0.4739,0.50422,0.4455,0.48978,8236930.0,FETUSDT
2021-05-11 00:00:00,0.49006,0.49924,0.46395,0.4829,4423955.9,FETUSDT
2021-05-11 04:00:00,0.4829,0.49736,0.47514,0.495,2744958.4,FETUSDT
2021-05-11 08:00:00,0.49477,0.52191,0.48244,0.49985,4230667.6,FETUSDT
2021-05-11 12:00:00,0.49969,0.52699,0.48459,0.52589,4437260.8,FETUSDT
2021-05-11 16:00:00,0.52688,0.57149,0.50889,0.55204,10517446.5,FETUSDT
2021-05-11 20:00:00,0.55249,0.56606,0.5406,0.54404,5160306.9,FETUSDT
2021-05-12 00:00:00,0.54466,0.55421,0.53929,0.54962,2927588.1,FETUSDT
2021-05-12 04:00:00,0.54959,0.55186,0.53355,0.54767,2745432.2,FETUSDT
2021-05-12 08:00:00,0.54697,0.55056,0.52067,0.53061,3245154.1,FETUSDT
2021-05-12 12:00:00,0.53003,0.53771,0.50382,0.51041,3684749.3,FETUSDT
2021-05-12 16:00:00,0.51042,0.51555,0.47836,0.4982,5047589.6,FETUSDT
2021-05-12 20:00:00,0.49871,0.51205,0.43877,0.4454,6668923.4,FETUSDT
2021-05-13 00:00:00,0.44538,0.48884,0.42222,0.4731,6770475.8,FETUSDT
2021-05-13 04:00:00,0.47224,0.48948,0.47208,0.47912,3024962.2,FETUSDT
2021-05-13 08:00:00,0.47813,0.48204,0.43533,0.45432,6917176.0,FETUSDT
2021-05-13 12:00:00,0.45431,0.47139,0.44439,0.44976,3734950.7,FETUSDT
2021-05-13 16:00:00,0.44895,0.46997,0.41184,0.42323,9020143.6,FETUSDT
2021-05-13 20:00:00,0.42269,0.45399,0.42043,0.44661,4683515.7,FETUSDT
2021-05-14 00:00:00,0.44691,0.46706,0.44529,0.463,2905373.6,FETUSDT
2021-05-14 04:00:00,0.46121,0.4676,0.44409,0.46168,2753540.0,FETUSDT
2021-05-14 08:00:00,0.46175,0.49845,0.45989,0.481,5420808.5,FETUSDT
2021-05-14 12:00:00,0.48211,0.50432,0.4732,0.50138,8948081.8,FETUSDT
2021-05-14 16:00:00,0.50131,0.50324,0.47226,0.47455,5712463.5,FETUSDT
2021-05-14 20:00:00,0.47422,0.47976,0.45618,0.47341,6718755.8,FETUSDT
2021-05-15 00:00:00,0.47249,0.47889,0.46051,0.46391,4422304.8,FETUSDT
2021-05-15 04:00:00,0.46275,0.4726,0.44291,0.44549,3901479.1,FETUSDT
2021-05-15 08:00:00,0.44546,0.45887,0.43382,0.4549,6777605.3,FETUSDT
2021-05-15 12:00:00,0.4542,0.47608,0.44559,0.45474,9574272.8,FETUSDT
2021-05-15 16:00:00,0.45411,0.45548,0.43047,0.43763,7745718.1,FETUSDT
2021-05-15 20:00:00,0.43976,0.53776,0.43793,0.47902,22330282.3,FETUSDT
2021-05-16 00:00:00,0.47939,0.57651,0.47793,0.55105,22973500.7,FETUSDT
2021-05-16 04:00:00,0.55106,0.55423,0.52042,0.52432,9420363.6,FETUSDT
2021-05-16 08:00:00,0.52486,0.5352,0.50722,0.51338,9702905.2,FETUSDT
2021-05-16 12:00:00,0.51338,0.51652,0.48735,0.48818,6576303.5,FETUSDT
2021-05-16 16:00:00,0.48837,0.49014,0.4402,0.44993,12807881.0,FETUSDT
2021-05-16 20:00:00,0.45075,0.46493,0.43301,0.4634,9280698.2,FETUSDT
2021-05-17 00:00:00,0.46327,0.46408,0.41396,0.42659,6286166.7,FETUSDT
2021-05-17 04:00:00,0.42753,0.46279,0.40923,0.46056,6651594.2,FETUSDT
2021-05-17 08:00:00,0.46148,0.47018,0.4448,0.46384,4503210.5,FETUSDT
2021-05-17 12:00:00,0.46306,0.46407,0.42497,0.42535,3723609.2,FETUSDT
2021-05-17 16:00:00,0.42735,0.45153,0.41863,0.44534,3557686.6,FETUSDT
2021-05-17 20:00:00,0.44535,0.45719,0.42014,0.43345,4625887.9,FETUSDT
2021-05-18 00:00:00,0.43346,0.46392,0.42687,0.46253,4004843.4,FETUSDT
2021-05-18 04:00:00,0.46128,0.4971,0.45229,0.48146,7653971.3,FETUSDT
2021-05-18 08:00:00,0.48162,0.48428,0.46184,0.47553,3799327.1,FETUSDT
2021-05-18 12:00:00,0.47541,0.5,0.45648,0.47708,8078264.1,FETUSDT
2021-05-18 16:00:00,0.47579,0.548,0.47346,0.52709,24710792.4,FETUSDT
2021-05-18 20:00:00,0.52701,0.52966,0.48655,0.50894,21330065.4,FETUSDT
2021-05-19 00:00:00,0.50893,0.51424,0.4508,0.45669,11729700.3,FETUSDT
2021-05-19 04:00:00,0.4567,0.46656,0.42,0.44897,10874722.2,FETUSDT
2021-05-19 08:00:00,0.45025,0.45049,0.35,0.38359,11590892.0,FETUSDT
2021-05-19 12:00:00,0.38341,0.40079,0.24789,0.37144,18605687.3,FETUSDT
2021-05-19 16:00:00,0.37144,0.40535,0.34904,0.35632,11037336.5,FETUSDT
2021-05-19 20:00:00,0.35615,0.3776,0.32639,0.32775,6739254.1,FETUSDT
2021-05-20 00:00:00,0.32634,0.34243,0.28423,0.32371,9389085.3,FETUSDT
2021-05-20 04:00:00,0.32376,0.38346,0.32342,0.35977,7753754.4,FETUSDT
2021-05-20 08:00:00,0.35837,0.37509,0.34408,0.36524,5573161.9,FETUSDT
2021-05-20 12:00:00,0.36791,0.39927,0.3613,0.37626,7745296.5,FETUSDT
2021-05-20 16:00:00,0.3756,0.37607,0.33153,0.34995,9452736.3,FETUSDT
2021-05-20 20:00:00,0.35165,0.35517,0.33421,0.34948,8184524.0,FETUSDT
2021-05-21 00:00:00,0.34722,0.36337,0.34305,0.34515,3568164.7,FETUSDT
2021-05-21 04:00:00,0.34512,0.34685,0.32156,0.33697,8200612.5,FETUSDT
2021-05-21 08:00:00,0.33587,0.34777,0.32435,0.33565,6622918.5,FETUSDT
2021-05-21 12:00:00,0.33566,0.34391,0.2855,0.28815,15177922.5,FETUSDT
2021-05-21 16:00:00,0.28851,0.30261,0.27031,0.27677,6835374.0,FETUSDT
2021-05-21 20:00:00,0.27861,0.29466,0.25,0.29189,9268842.1,FETUSDT
2021-05-22 00:00:00,0.29086,0.29375,0.26526,0.26809,5259905.8,FETUSDT
2021-05-22 04:00:00,0.26805,0.272,0.2452,0.25458,12706442.2,FETUSDT
2021-05-22 08:00:00,0.25458,0.2835,0.2541,0.27796,9569241.2,FETUSDT
2021-05-22 12:00:00,0.27842,0.2835,0.25695,0.26839,10159375.8,FETUSDT
2021-05-22 16:00:00,0.26811,0.27026,0.24766,0.24878,10022666.4,FETUSDT
2021-05-22 20:00:00,0.24896,0.264,0.248,0.24842,13127070.8,FETUSDT
2021-05-23 00:00:00,0.24847,0.2641,0.24257,0.25478,7264321.9,FETUSDT
2021-05-23 04:00:00,0.25516,0.2553,0.22526,0.22971,7167015.5,FETUSDT
2021-05-23 08:00:00,0.2297,0.2307,0.21001,0.21504,11292819.7,FETUSDT
2021-05-23 12:00:00,0.21447,0.21648,0.18,0.19711,13606807.2,FETUSDT
2021-05-23 16:00:00,0.19642,0.20309,0.17141,0.18954,14295202.1,FETUSDT
2021-05-23 20:00:00,0.18943,0.21541,0.18932,0.21258,10570546.2,FETUSDT
2021-05-24 00:00:00,0.21259,0.23897,0.20522,0.22614,9569220.8,FETUSDT
2021-05-24 04:00:00,0.22582,0.25714,0.21882,0.25529,12654062.7,FETUSDT
2021-05-24 08:00:00,0.25525,0.257,0.24,0.25043,12377123.6,FETUSDT
2021-05-24 12:00:00,0.25014,0.268,0.24674,0.25669,12122290.9,FETUSDT
2021-05-24 16:00:00,0.25729,0.29699,0.24801,0.29283,13296811.3,FETUSDT
2021-05-24 20:00:00,0.292,0.29999,0.2651,0.28716,10889391.2,FETUSDT
2021-05-25 00:00:00,0.28787,0.30147,0.26239,0.27871,9960742.7,FETUSDT
2021-05-25 04:00:00,0.2781,0.3,0.26407,0.28111,9915772.7,FETUSDT
2021-05-25 08:00:00,0.28113,0.28378,0.24308,0.24447,13516710.2,FETUSDT
2021-05-25 12:00:00,0.2453,0.267,0.24228,0.26294,11496885.6,FETUSDT
2021-05-25 16:00:00,0.2626,0.2635,0.24646,0.24926,8354187.1,FETUSDT
2021-05-25 20:00:00,0.24964,0.28069,0.24895,0.27909,9487865.5,FETUSDT
2021-05-26 00:00:00,0.27851,0.2932,0.26578,0.2909,7594621.8,FETUSDT
2021-05-26 04:00:00,0.29071,0.31915,0.28291,0.31549,12473994.9,FETUSDT
2021-05-26 08:00:00,0.31572,0.31885,0.29275,0.31873,10128950.2,FETUSDT
2021-05-26 12:00:00,0.31746,0.32632,0.2898,0.30499,12784284.9,FETUSDT
2021-05-26 16:00:00,0.30573,0.31978,0.29439,0.31843,9718101.7,FETUSDT
2021-05-26 20:00:00,0.31887,0.34298,0.31061,0.33353,20393373.6,FETUSDT
2021-05-27 00:00:00,0.33308,0.33492,0.29119,0.3014,11749794.5,FETUSDT
2021-05-27 04:00:00,0.30177,0.30984,0.29538,0.30764,6674563.6,FETUSDT
2021-05-27 08:00:00,0.30785,0.32584,0.30128,0.32401,7964684.9,FETUSDT
2021-05-27 12:00:00,0.32403,0.33616,0.3103,0.31461,9358351.6,FETUSDT
2021-05-27 16:00:00,0.31498,0.31559,0.29901,0.30343,8480338.9,FETUSDT
2021-05-27 20:00:00,0.30302,0.30607,0.29,0.29591,7951096.8,FETUSDT
2021-05-28 00:00:00,0.29608,0.30485,0.28333,0.30384,11069982.0,FETUSDT
2021-05-28 04:00:00,0.30337,0.30432,0.26452,0.2751,9698037.2,FETUSDT
2021-05-28 08:00:00,0.27444,0.27571,0.24367,0.24744,11566697.4,FETUSDT
2021-05-28 12:00:00,0.24745,0.32,0.24544,0.30428,19379793.7,FETUSDT
2021-05-28 16:00:00,0.30362,0.30414,0.2797,0.28641,12508622.0,FETUSDT
2021-05-28 20:00:00,0.28558,0.339,0.26832,0.31372,38636344.5,FETUSDT
2021-05-29 00:00:00,0.31395,0.34099,0.3116,0.32342,32888182.4,FETUSDT
2021-05-29 04:00:00,0.32297,0.34778,0.30698,0.32178,17554390.4,FETUSDT
2021-05-29 08:00:00,0.32232,0.32569,0.295,0.3097,26445755.8,FETUSDT
2021-05-29 12:00:00,0.3103,0.31083,0.27,0.27635,16683911.4,FETUSDT
2021-05-29 16:00:00,0.27592,0.289,0.26532,0.26947,15591246.4,FETUSDT
2021-05-29 20:00:00,0.26992,0.3,0.26364,0.28186,37629636.4,FETUSDT
2021-05-30 00:00:00,0.28188,0.28242,0.26185,0.27522,11702768.5,FETUSDT
2021-05-30 04:00:00,0.27476,0.30108,0.27198,0.29989,6122874.5,FETUSDT
2021-05-30 08:00:00,0.2989,0.3052,0.28795,0.29871,5311377.5,FETUSDT
2021-05-30 12:00:00,0.29871,0.3098,0.28112,0.28947,8589412.9,FETUSDT
2021-05-30 16:00:00,0.28917,0.30712,0.28439,0.30032,6563474.6,FETUSDT
2021-05-30 20:00:00,0.30131,0.33,0.29676,0.30984,11497783.9,FETUSDT
2021-05-31 00:00:00,0.31158,0.31306,0.28709,0.28918,7417155.2,FETUSDT
2021-05-31 04:00:00,0.28962,0.30986,0.28915,0.3056,8087700.6,FETUSDT
2021-05-31 08:00:00,0.30666,0.32888,0.30149,0.31918,11109305.9,FETUSDT
2021-05-31 12:00:00,0.31971,0.32963,0.3105,0.3197,9655099.0,FETUSDT
2021-05-31 16:00:00,0.32018,0.32887,0.3151,0.32,6185278.1,FETUSDT
2021-05-31 20:00:00,0.31975,0.338,0.31527,0.32775,6802035.6,FETUSDT
2021-06-01 00:00:00,0.32699,0.3319,0.316,0.32303,5924996.0,FETUSDT
2021-06-01 04:00:00,0.32263,0.33946,0.32153,0.33189,6348695.5,FETUSDT
2021-06-01 08:00:00,0.33188,0.33498,0.31403,0.33224,11658395.2,FETUSDT
2021-06-01 12:00:00,0.33259,0.33264,0.31161,0.32158,10012626.1,FETUSDT
2021-06-01 16:00:00,0.32163,0.32327,0.31371,0.31799,29745012.9,FETUSDT
2021-06-01 20:00:00,0.31855,0.3296,0.31,0.32699,25083967.6,FETUSDT
2021-06-02 00:00:00,0.32663,0.32829,0.31223,0.31813,8542921.0,FETUSDT
2021-06-02 04:00:00,0.31745,0.325,0.31673,0.32271,7451936.6,FETUSDT
2021-06-02 08:00:00,0.3227,0.34367,0.32096,0.33917,18427555.9,FETUSDT
2021-06-02 12:00:00,0.33834,0.35858,0.33693,0.3474,13146071.1,FETUSDT
2021-06-02 16:00:00,0.34739,0.3504,0.34044,0.3504,5922893.5,FETUSDT
2021-06-02 20:00:00,0.35019,0.35498,0.34259,0.35097,16696917.2,FETUSDT
2021-06-03 00:00:00,0.35117,0.37376,0.34718,0.35991,9417424.0,FETUSDT
2021-06-03 04:00:00,0.35894,0.4389,0.35544,0.40038,23933519.7,FETUSDT
2021-06-03 08:00:00,0.40033,0.43444,0.39747,0.40692,14824073.1,FETUSDT
2021-06-03 12:00:00,0.40694,0.42902,0.4,0.40842,10730935.9,FETUSDT
2021-06-03 16:00:00,0.40823,0.42727,0.39964,0.41241,9571169.1,FETUSDT
2021-06-03 20:00:00,0.41241,0.42699,0.40538,0.40705,5195808.8,FETUSDT
2021-06-04 00:00:00,0.40703,0.4103,0.36376,0.37788,8884041.5,FETUSDT
2021-06-04 04:00:00,0.37778,0.37873,0.34033,0.35476,11693178.1,FETUSDT
2021-06-04 08:00:00,0.35527,0.37,0.34565,0.35,8009769.7,FETUSDT
2021-06-04 12:00:00,0.34999,0.36492,0.33157,0.36199,9334135.1,FETUSDT
2021-06-04 16:00:00,0.36122,0.372,0.35373,0.35592,5703986.7,FETUSDT
2021-06-04 20:00:00,0.35592,0.37127,0.35415,0.36599,3282677.5,FETUSDT
2021-06-05 00:00:00,0.36503,0.39846,0.358,0.39033,5369339.2,FETUSDT
2021-06-05 04:00:00,0.39109,0.43078,0.39109,0.41072,12002310.1,FETUSDT
2021-06-05 08:00:00,0.41048,0.42408,0.37102,0.37493,15944730.2,FETUSDT
2021-06-05 12:00:00,0.37648,0.38621,0.36186,0.37972,11844740.3,FETUSDT
2021-06-05 16:00:00,0.37851,0.37853,0.35545,0.35621,5428991.2,FETUSDT
2021-06-05 20:00:00,0.35629,0.36421,0.3362,0.35295,6796587.4,FETUSDT
2021-06-06 00:00:00,0.35389,0.36284,0.34001,0.35371,5395168.8,FETUSDT
2021-06-06 04:00:00,0.35293,0.37255,0.35085,0.36463,6425582.5,FETUSDT
2021-06-06 08:00:00,0.36469,0.37698,0.347,0.34785,12071195.1,FETUSDT
2021-06-06 12:00:00,0.34701,0.35725,0.33505,0.35558,11732087.6,FETUSDT
2021-06-06 16:00:00,0.3555,0.35982,0.34411,0.34581,5911944.4,FETUSDT
2021-06-06 20:00:00,0.34513,0.359,0.34203,0.35291,4088004.7,FETUSDT
2021-06-07 00:00:00,0.35304,0.36972,0.34959,0.35949,5514196.5,FETUSDT
2021-06-07 04:00:00,0.35872,0.36323,0.3511,0.35859,3702804.2,FETUSDT
2021-06-07 08:00:00,0.35931,0.36928,0.35302,0.36356,4651116.1,FETUSDT
2021-06-07 12:00:00,0.36356,0.37373,0.34944,0.35705,6455421.1,FETUSDT
2021-06-07 16:00:00,0.35752,0.3577,0.33647,0.34719,6535234.3,FETUSDT
2021-06-07 20:00:00,0.34717,0.34896,0.30115,0.30655,15166601.3,FETUSDT
2021-06-08 00:00:00,0.30647,0.3161,0.28416,0.30229,9617993.8,FETUSDT
2021-06-08 04:00:00,0.30085,0.3049,0.2778,0.29432,12110453.5,FETUSDT
2021-06-08 08:00:00,0.2942,0.31314,0.29258,0.30097,8800452.6,FETUSDT
2021-06-08 12:00:00,0.30185,0.30298,0.26002,0.28104,12388524.6,FETUSDT
2021-06-08 16:00:00,0.281,0.31336,0.27709,0.31263,9930056.3,FETUSDT
2021-06-08 20:00:00,0.31253,0.32463,0.30435,0.31507,5600369.3,FETUSDT
2021-06-09 00:00:00,0.31392,0.31911,0.29307,0.3014,6790613.6,FETUSDT
2021-06-09 04:00:00,0.30209,0.32738,0.29391,0.32279,6424766.6,FETUSDT
2021-06-09 08:00:00,0.32172,0.33527,0.30675,0.33047,7182911.1,FETUSDT
2021-06-09 12:00:00,0.33151,0.33656,0.31261,0.32455,9720244.1,FETUSDT
2021-06-09 16:00:00,0.32432,0.33036,0.30322,0.30687,12060458.0,FETUSDT
2021-06-09 20:00:00,0.3078,0.31791,0.30361,0.31454,5833889.8,FETUSDT
2021-06-10 00:00:00,0.31462,0.32025,0.30816,0.31198,4381038.5,FETUSDT
2021-06-10 04:00:00,0.31153,0.31793,0.306,0.31277,3076619.1,FETUSDT
2021-06-10 08:00:00,0.31347,0.315,0.2982,0.30796,8424014.9,FETUSDT
2021-06-10 12:00:00,0.30735,0.31005,0.2963,0.30008,6125869.8,FETUSDT
2021-06-10 16:00:00,0.29981,0.30492,0.28592,0.29015,7639033.1,FETUSDT
2021-06-10 20:00:00,0.28995,0.2923,0.27976,0.2861,5509805.6,FETUSDT
2021-06-11 00:00:00,0.28634,0.29274,0.27917,0.29103,3825572.6,FETUSDT
2021-06-11 04:00:00,0.29101,0.29865,0.288,0.29235,3797886.1,FETUSDT
2021-06-11 08:00:00,0.29154,0.305,0.28996,0.29615,5093634.8,FETUSDT
2021-06-11 12:00:00,0.29607,0.29759,0.2806,0.28352,4889830.3,FETUSDT
2021-06-11 16:00:00,0.2831,0.286,0.2741,0.27586,5609757.6,FETUSDT
2021-06-11 20:00:00,0.27586,0.28106,0.2683,0.27147,3383671.2,FETUSDT
2021-06-12 00:00:00,0.27147,0.27543,0.25634,0.263,5306489.2,FETUSDT
2021-06-12 04:00:00,0.26289,0.2694,0.25346,0.26537,4957424.2,FETUSDT
2021-06-12 08:00:00,0.26514,0.26981,0.25465,0.26182,7629371.0,FETUSDT
2021-06-12 12:00:00,0.26172,0.27106,0.26019,0.26396,6054609.2,FETUSDT
2021-06-12 16:00:00,0.26384,0.26665,0.25765,0.25926,3611342.6,FETUSDT
2021-06-12 20:00:00,0.25964,0.26461,0.25246,0.25456,3445445.0,FETUSDT
2021-06-13 00:00:00,0.25478,0.27241,0.25168,0.25397,5345428.8,FETUSDT
2021-06-13 04:00:00,0.25409,0.26447,0.24864,0.2602,4592955.1,FETUSDT
2021-06-13 08:00:00,0.25977,0.26552,0.25623,0.26361,3566269.0,FETUSDT
2021-06-13 12:00:00,0.26308,0.2681,0.2536,0.25659,5218467.2,FETUSDT
2021-06-13 16:00:00,0.2561,0.2794,0.255,0.27725,6928439.8,FETUSDT
2021-06-13 20:00:00,0.27725,0.28802,0.27612,0.28271,3961021.8,FETUSDT
2021-06-14 00:00:00,0.28253,0.28618,0.27796,0.28242,2159568.6,FETUSDT
2021-06-14 04:00:00,0.28244,0.2997,0.28126,0.29192,4551641.5,FETUSDT
2021-06-14 08:00:00,0.29208,0.29226,0.28171,0.28558,3214667.3,FETUSDT
2021-06-14 12:00:00,0.28535,0.29899,0.28335,0.2986,5517017.0,FETUSDT
2021-06-14 16:00:00,0.2984,0.30027,0.28714,0.29538,9784666.9,FETUSDT
2021-06-14 20:00:00,0.29533,0.2995,0.28816,0.29139,10388051.2,FETUSDT
2021-06-15 00:00:00,0.29137,0.29523,0.28471,0.2874,11821710.2,FETUSDT
2021-06-15 04:00:00,0.28714,0.2964,0.2865,0.29394,9309167.6,FETUSDT
2021-06-15 08:00:00,0.29365,0.2995,0.28549,0.28833,9341119.3,FETUSDT
2021-06-15 12:00:00,0.28786,0.29388,0.27861,0.28281,8919106.3,FETUSDT
2021-06-15 16:00:00,0.28287,0.2925,0.28118,0.28387,10545679.5,FETUSDT
2021-06-15 20:00:00,0.28319,0.29602,0.27926,0.2903,2543725.0,FETUSDT
2021-06-16 00:00:00,0.28963,0.28984,0.28001,0.28329,4057654.4,FETUSDT
2021-06-16 04:00:00,0.28304,0.29845,0.28211,0.29735,7960026.2,FETUSDT
2021-06-16 08:00:00,0.29756,0.31083,0.29,0.29202,15235184.9,FETUSDT
2021-06-16 12:00:00,0.29273,0.3002,0.28701,0.2888,10965550.4,FETUSDT
2021-06-16 16:00:00,0.28881,0.3,0.28767,0.29862,10508365.3,FETUSDT
2021-06-16 20:00:00,0.2986,0.29951,0.29011,0.29433,9197227.5,FETUSDT
2021-06-17 00:00:00,0.29411,0.30175,0.29241,0.29757,6331171.2,FETUSDT
2021-06-17 04:00:00,0.29757,0.30245,0.29439,0.30038,9237281.9,FETUSDT
2021-06-17 08:00:00,0.30037,0.31,0.29361,0.29957,12160422.8,FETUSDT
2021-06-17 12:00:00,0.29945,0.30216,0.29004,0.29902,14191536.2,FETUSDT
2021-06-17 16:00:00,0.29902,0.29967,0.2805,0.28659,9856442.9,FETUSDT
2021-06-17 20:00:00,0.28612,0.29574,0.28303,0.29256,11250441.7,FETUSDT
2021-06-18 00:00:00,0.2926,0.29426,0.28372,0.29274,4756653.8,FETUSDT
2021-06-18 04:00:00,0.29283,0.29526,0.28567,0.29021,7138478.8,FETUSDT
2021-06-18 08:00:00,0.29026,0.29632,0.28255,0.28713,7375891.4,FETUSDT
2021-06-18 12:00:00,0.28727,0.28934,0.26771,0.26847,11199482.7,FETUSDT
2021-06-18 16:00:00,0.26862,0.27347,0.255,0.25784,10021561.6,FETUSDT
2021-06-18 20:00:00,0.25859,0.27104,0.2567,0.26762,13322683.2,FETUSDT
2021-06-19 00:00:00,0.26748,0.27533,0.26056,0.26575,13911151.5,FETUSDT
2021-06-19 04:00:00,0.26575,0.2763,0.26063,0.27251,7615268.8,FETUSDT
2021-06-19 08:00:00,0.27318,0.27321,0.26822,0.2717,6069032.7,FETUSDT
2021-06-19 12:00:00,0.27174,0.27639,0.26623,0.27347,6052908.7,FETUSDT
2021-06-19 16:00:00,0.27342,0.27455,0.26131,0.26631,5618630.7,FETUSDT
2021-06-19 20:00:00,0.26672,0.26796,0.25581,0.25588,7322235.4,FETUSDT
2021-06-20 00:00:00,0.25567,0.25913,0.25231,0.25753,2228735.7,FETUSDT
2021-06-20 04:00:00,0.25678,0.26218,0.2561,0.26129,5166645.9,FETUSDT
2021-06-20 08:00:00,0.26129,0.26203,0.24127,0.24177,9583547.5,FETUSDT
2021-06-20 12:00:00,0.24164,0.24955,0.23609,0.24844,9211602.2,FETUSDT
2021-06-20 16:00:00,0.24822,0.25796,0.24624,0.25653,8379006.3,FETUSDT
2021-06-20 20:00:00,0.25616,0.26364,0.25518,0.26132,10151528.9,FETUSDT
2021-06-21 00:00:00,0.26118,0.26344,0.24324,0.24513,6924516.4,FETUSDT
2021-06-21 04:00:00,0.24576,0.25142,0.23055,0.23547,8489789.9,FETUSDT
2021-06-21 08:00:00,0.2352,0.23852,0.20738,0.2187,16092350.8,FETUSDT
2021-06-21 12:00:00,0.2187,0.22328,0.2074,0.21416,9293774.0,FETUSDT
2021-06-21 16:00:00,0.21375,0.21624,0.20557,0.2093,9364118.4,FETUSDT
2021-06-21 20:00:00,0.20875,0.21362,0.19,0.19472,14086176.9,FETUSDT
2021-06-22 00:00:00,0.19495,0.21062,0.18742,0.21,11102906.8,FETUSDT
2021-06-22 04:00:00,0.20996,0.21069,0.19565,0.19697,5375353.6,FETUSDT
2021-06-22 08:00:00,0.19722,0.19747,0.18,0.18072,9315159.9,FETUSDT
2021-06-22 12:00:00,0.18108,0.1883,0.15869,0.18814,16124071.2,FETUSDT
2021-06-22 16:00:00,0.18759,0.19746,0.18712,0.19055,14316028.4,FETUSDT
2021-06-22 20:00:00,0.19056,0.19559,0.185,0.1878,9733793.1,FETUSDT
2021-06-23 00:00:00,0.18789,0.20629,0.1811,0.20429,15381638.6,FETUSDT
2021-06-23 04:00:00,0.2043,0.20837,0.20084,0.20661,10804139.1,FETUSDT
2021-06-23 08:00:00,0.20663,0.20796,0.19922,0.20604,8373220.5,FETUSDT
2021-06-23 12:00:00,0.20632,0.21361,0.19979,0.20121,11978054.0,FETUSDT
2021-06-23 16:00:00,0.20095,0.20945,0.1963,0.19686,12700902.9,FETUSDT
2021-06-23 20:00:00,0.19686,0.20551,0.19624,0.20455,15468943.5,FETUSDT
2021-06-24 00:00:00,0.20448,0.21,0.198,0.20121,12394463.5,FETUSDT
2021-06-24 04:00:00,0.20115,0.20971,0.19818,0.20705,9261834.7,FETUSDT
2021-06-24 08:00:00,0.20634,0.21082,0.2041,0.21042,9925184.7,FETUSDT
2021-06-24 12:00:00,0.21049,0.2125,0.20662,0.20889,10703347.4,FETUSDT
2021-06-24 16:00:00,0.20862,0.21446,0.20681,0.20893,7941989.2,FETUSDT
2021-06-24 20:00:00,0.20891,0.21389,0.20871,0.21317,8736805.8,FETUSDT
2021-06-25 00:00:00,0.21327,0.21674,0.20734,0.21531,8767340.7,FETUSDT
2021-06-25 04:00:00,0.21564,0.21656,0.20432,0.20642,5862414.6,FETUSDT
2021-06-25 08:00:00,0.20694,0.21008,0.19388,0.19458,8056659.1,FETUSDT
2021-06-25 12:00:00,0.195,0.20119,0.188,0.19079,6556196.0,FETUSDT
2021-06-25 16:00:00,0.19059,0.194,0.18511,0.19168,7241830.7,FETUSDT
2021-06-25 20:00:00,0.19168,0.1945,0.18594,0.1869,9999617.3,FETUSDT
2021-06-26 00:00:00,0.18674,0.19365,0.18402,0.19054,8793774.9,FETUSDT
2021-06-26 04:00:00,0.19022,0.19478,0.17875,0.17882,6051820.0,FETUSDT
2021-06-26 08:00:00,0.17923,0.18617,0.17508,0.18572,8425287.3,FETUSDT
2021-06-26 12:00:00,0.18564,0.18653,0.17433,0.18123,7239433.0,FETUSDT
2021-06-26 16:00:00,0.18122,0.18272,0.17649,0.18111,9044815.2,FETUSDT
2021-06-26 20:00:00,0.18166,0.18698,0.17649,0.18698,8331115.8,FETUSDT
2021-06-27 00:00:00,0.18671,0.19718,0.18451,0.19429,13507788.5,FETUSDT
2021-06-27 04:00:00,0.19429,0.19816,0.18792,0.19304,5796912.1,FETUSDT
2021-06-27 08:00:00,0.19278,0.1937,0.18624,0.18799,6743260.0,FETUSDT
2021-06-27 12:00:00,0.1885,0.19057,0.18329,0.18616,7302745.4,FETUSDT
2021-06-27 16:00:00,0.18599,0.18711,0.17874,0.1833,10347565.3,FETUSDT
2021-06-27 20:00:00,0.18325,0.193,0.17968,0.19229,6688870.7,FETUSDT
2021-06-28 00:00:00,0.19239,0.19375,0.18872,0.19204,5631687.6,FETUSDT
2021-06-28 04:00:00,0.19208,0.20199,0.19163,0.2012,5747516.3,FETUSDT
2021-06-28 08:00:00,0.2012,0.20144,0.19222,0.19416,8336210.4,FETUSDT
2021-06-28 12:00:00,0.19407,0.2091,0.19295,0.20878,10125252.2,FETUSDT
2021-06-28 16:00:00,0.20886,0.21243,0.2006,0.21003,8705114.7,FETUSDT
2021-06-28 20:00:00,0.21034,0.216,0.2073,0.20999,9479321.7,FETUSDT
2021-06-29 00:00:00,0.21068,0.217,0.20896,0.21333,6617353.5,FETUSDT
2021-06-29 04:00:00,0.21378,0.22721,0.21314,0.22007,9265497.3,FETUSDT
2021-06-29 08:00:00,0.22002,0.2292,0.21819,0.22616,5956118.7,FETUSDT
2021-06-29 12:00:00,0.22571,0.23707,0.22384,0.22886,7965167.8,FETUSDT
2021-06-29 16:00:00,0.22877,0.23049,0.22568,0.22858,4483492.2,FETUSDT
2021-06-29 20:00:00,0.229,0.22939,0.21859,0.2231,6055222.2,FETUSDT
2021-06-30 00:00:00,0.22309,0.2349,0.22309,0.22431,5439729.1,FETUSDT
2021-06-30 04:00:00,0.2241,0.22633,0.21606,0.22454,5281353.7,FETUSDT
2021-06-30 08:00:00,0.22459,0.22757,0.21405,0.2175,6258637.0,FETUSDT
2021-06-30 12:00:00,0.21718,0.21775,0.2041,0.20769,9083056.9,FETUSDT
2021-06-30 16:00:00,0.20798,0.2205,0.20521,0.21726,7074144.0,FETUSDT
2021-06-30 20:00:00,0.21719,0.229,0.21715,0.22804,12471901.7,FETUSDT
2021-07-01 00:00:00,0.22812,0.22833,0.21795,0.2186,4020906.3,FETUSDT
2021-07-01 04:00:00,0.2186,0.22607,0.21331,0.21504,5979595.7,FETUSDT
2021-07-01 08:00:00,0.21481,0.22491,0.212,0.223,7752338.0,FETUSDT
2021-07-01 12:00:00,0.22296,0.24134,0.22098,0.236,13219987.3,FETUSDT
2021-07-01 16:00:00,0.23585,0.25476,0.2296,0.2417,22879568.4,FETUSDT
2021-07-01 20:00:00,0.24217,0.25311,0.24012,0.25016,11628563.1,FETUSDT
2021-07-02 00:00:00,0.24942,0.25192,0.23249,0.23409,5329516.4,FETUSDT
2021-07-02 04:00:00,0.23426,0.25118,0.23316,0.244,10337430.3,FETUSDT
2021-07-02 08:00:00,0.24383,0.24978,0.23057,0.23328,8699169.0,FETUSDT
2021-07-02 12:00:00,0.23336,0.2495,0.2325,0.24788,12008146.1,FETUSDT
2021-07-02 16:00:00,0.24748,0.2495,0.23914,0.24092,6477938.8,FETUSDT
2021-07-02 20:00:00,0.24061,0.25475,0.23759,0.25092,7813428.5,FETUSDT
2021-07-03 00:00:00,0.25092,0.267,0.24805,0.26651,13126109.0,FETUSDT
2021-07-03 04:00:00,0.26657,0.2795,0.26161,0.276,9867448.8,FETUSDT
2021-07-03 08:00:00,0.276,0.292,0.27279,0.28024,12797220.6,FETUSDT
2021-07-03 12:00:00,0.28049,0.29,0.27743,0.2815,10104396.1,FETUSDT
2021-07-03 16:00:00,0.28151,0.28438,0.2735,0.28252,7565260.7,FETUSDT
2021-07-03 20:00:00,0.28227,0.2829,0.26444,0.26797,5230519.8,FETUSDT
2021-07-04 00:00:00,0.26797,0.27106,0.2601,0.26021,6614620.5,FETUSDT
2021-07-04 04:00:00,0.26035,0.279,0.26021,0.27434,6021200.5,FETUSDT
2021-07-04 08:00:00,0.27439,0.27995,0.27094,0.27232,7236774.7,FETUSDT
2021-07-04 12:00:00,0.27222,0.27741,0.26444,0.27566,12686721.8,FETUSDT
2021-07-04 16:00:00,0.27554,0.27768,0.27133,0.27381,8892644.8,FETUSDT
2021-07-04 20:00:00,0.27405,0.27911,0.27142,0.27594,6404675.0,FETUSDT
2021-07-05 00:00:00,0.27588,0.27633,0.25663,0.25795,5520117.5,FETUSDT
2021-07-05 04:00:00,0.25805,0.2634,0.25367,0.25896,5769025.8,FETUSDT
2021-07-05 08:00:00,0.25852,0.26377,0.24601,0.24653,7362311.6,FETUSDT
2021-07-05 12:00:00,0.24654,0.25896,0.24586,0.25013,6511362.0,FETUSDT
2021-07-05 16:00:00,0.25013,0.26561,0.24598,0.26439,8199586.8,FETUSDT
2021-07-05 20:00:00,0.26425,0.29,0.2584,0.27501,11338015.4,FETUSDT
2021-07-06 00:00:00,0.27525,0.29,0.27473,0.28229,7387544.3,FETUSDT
2021-07-06 04:00:00,0.28284,0.29666,0.28229,0.29353,9366061.5,FETUSDT
2021-07-06 08:00:00,0.29351,0.29518,0.27816,0.2844,8831232.8,FETUSDT
2021-07-06 12:00:00,0.28426,0.29334,0.28166,0.28188,6235122.2,FETUSDT
2021-07-06 16:00:00,0.28181,0.28645,0.2731,0.28407,5252300.9,FETUSDT
2021-07-06 20:00:00,0.28407,0.29025,0.27402,0.28923,8002876.5,FETUSDT
2021-07-07 00:00:00,0.28905,0.29652,0.2845,0.29565,4515190.0,FETUSDT
2021-07-07 04:00:00,0.29559,0.29849,0.28453,0.2854,5311735.0,FETUSDT
2021-07-07 08:00:00,0.28555,0.2904,0.28189,0.28974,5956814.2,FETUSDT
2021-07-07 12:00:00,0.2898,0.29133,0.28229,0.28296,4339040.3,FETUSDT
2021-07-07 16:00:00,0.28263,0.28827,0.2815,0.286,3520273.5,FETUSDT
2021-07-07 20:00:00,0.28573,0.28592,0.26973,0.27141,3906245.6,FETUSDT
2021-07-08 00:00:00,0.27138,0.27954,0.26453,0.26963,8576905.9,FETUSDT
2021-07-08 04:00:00,0.26963,0.27066,0.25407,0.25594,5531885.9,FETUSDT
2021-07-08 08:00:00,0.25569,0.277,0.25231,0.27516,7704859.9,FETUSDT
2021-07-08 12:00:00,0.27514,0.27699,0.26423,0.27199,3245666.3,FETUSDT
2021-07-08 16:00:00,0.27199,0.28009,0.26715,0.27314,5565007.8,FETUSDT
2021-07-08 20:00:00,0.27287,0.275,0.26535,0.26782,4215784.3,FETUSDT
2021-07-09 00:00:00,0.26758,0.27051,0.2552,0.26198,5407168.3,FETUSDT
2021-07-09 04:00:00,0.26167,0.2755,0.26165,0.26979,5353593.9,FETUSDT
2021-07-09 08:00:00,0.27012,0.28,0.26947,0.27002,5402706.5,FETUSDT
2021-07-09 12:00:00,0.27011,0.28794,0.26581,0.2814,8300295.6,FETUSDT
2021-07-09 16:00:00,0.28175,0.2834,0.27167,0.27465,4484029.2,FETUSDT
2021-07-09 20:00:00,0.27487,0.28971,0.27391,0.28606,6287262.7,FETUSDT
2021-07-10 00:00:00,0.28643,0.29149,0.28111,0.28754,3771156.5,FETUSDT
2021-07-10 04:00:00,0.28748,0.30359,0.28208,0.29936,7822486.5,FETUSDT
2021-07-10 08:00:00,0.29885,0.31,0.29287,0.309,8566862.7,FETUSDT
2021-07-10 12:00:00,0.30922,0.31145,0.29743,0.30189,4819682.1,FETUSDT
2021-07-10 16:00:00,0.30268,0.30753,0.2851,0.28712,5511289.1,FETUSDT
2021-07-10 20:00:00,0.28757,0.28767,0.27688,0.28287,5118356.1,FETUSDT
2021-07-11 00:00:00,0.28329,0.2899,0.28197,0.28484,2875299.0,FETUSDT
2021-07-11 04:00:00,0.28466,0.28642,0.27839,0.28333,2438225.1,FETUSDT
2021-07-11 08:00:00,0.28392,0.29019,0.28,0.28966,2459231.6,FETUSDT
2021-07-11 12:00:00,0.28983,0.29586,0.28424,0.29161,2408217.2,FETUSDT
2021-07-11 16:00:00,0.29171,0.29171,0.28401,0.28891,2590130.9,FETUSDT
2021-07-11 20:00:00,0.28903,0.29583,0.28698,0.28901,2382474.2,FETUSDT
2021-07-12 00:00:00,0.28873,0.2899,0.27824,0.28869,3722606.9,FETUSDT
2021-07-12 04:00:00,0.28854,0.28887,0.2841,0.28485,1374062.8,FETUSDT
2021-07-12 08:00:00,0.28485,0.29054,0.2697,0.27475,4377262.5,FETUSDT
2021-07-12 12:00:00,0.27475,0.27726,0.26939,0.27017,3638852.0,FETUSDT
2021-07-12 16:00:00,0.26979,0.27173,0.25697,0.26029,6141236.7,FETUSDT
2021-07-12 20:00:00,0.26016,0.26897,0.2575,0.26604,3255630.1,FETUSDT
2021-07-13 00:00:00,0.26564,0.26603,0.2599,0.26256,2297488.5,FETUSDT
2021-07-13 04:00:00,0.26217,0.26307,0.24918,0.25831,5992625.7,FETUSDT
2021-07-13 08:00:00,0.25861,0.2631,0.25267,0.25363,3729297.0,FETUSDT
2021-07-13 12:00:00,0.25377,0.25402,0.24081,0.24697,7259183.0,FETUSDT
2021-07-13 16:00:00,0.24697,0.24854,0.23377,0.2357,5958815.0,FETUSDT
2021-07-13 20:00:00,0.23569,0.2435,0.23474,0.2387,4228072.6,FETUSDT
2021-07-14 00:00:00,0.23861,0.23925,0.22043,0.22593,5142310.9,FETUSDT
2021-07-14 04:00:00,0.22593,0.23031,0.22285,0.22789,2818365.9,FETUSDT
2021-07-14 08:00:00,0.22824,0.24095,0.22088,0.23604,5042602.9,FETUSDT
2021-07-14 12:00:00,0.23624,0.246,0.23438,0.24043,2820483.8,FETUSDT
2021-07-14 16:00:00,0.24042,0.24485,0.2346,0.2359,2401443.5,FETUSDT
2021-07-14 20:00:00,0.23592,0.24595,0.23548,0.24286,4482960.6,FETUSDT
2021-07-15 00:00:00,0.24281,0.24792,0.23788,0.23788,3639716.2,FETUSDT
2021-07-15 04:00:00,0.23775,0.23817,0.23023,0.23238,1975733.6,FETUSDT
2021-07-15 08:00:00,0.23238,0.2465,0.23184,0.23846,6001532.3,FETUSDT
2021-07-15 12:00:00,0.23823,0.24181,0.22694,0.23175,3498913.8,FETUSDT
2021-07-15 16:00:00,0.23149,0.23359,0.22315,0.22818,2910411.2,FETUSDT
2021-07-15 20:00:00,0.22836,0.2299,0.22005,0.22473,2857051.1,FETUSDT
2021-07-16 00:00:00,0.22468,0.23001,0.22032,0.22688,4103714.5,FETUSDT
2021-07-16 04:00:00,0.22664,0.229,0.2123,0.21472,3529610.1,FETUSDT
2021-07-16 08:00:00,0.21472,0.21536,0.2041,0.2041,3640187.1,FETUSDT
2021-07-16 12:00:00,0.2041,0.22079,0.2041,0.21951,5466148.4,FETUSDT
2021-07-16 16:00:00,0.21959,0.22059,0.21141,0.21253,2402116.4,FETUSDT
2021-07-16 20:00:00,0.21274,0.21381,0.2,0.20001,5025689.4,FETUSDT
2021-07-17 00:00:00,0.20024,0.20436,0.19522,0.19785,3091518.0,FETUSDT
2021-07-17 04:00:00,0.19784,0.21677,0.19523,0.21379,3665633.5,FETUSDT
2021-07-17 08:00:00,0.21354,0.22495,0.20855,0.21358,7704747.2,FETUSDT
2021-07-17 12:00:00,0.21374,0.21458,0.20944,0.21297,3473270.1,FETUSDT
2021-07-17 16:00:00,0.21316,0.22054,0.21118,0.22022,5282717.5,FETUSDT
2021-07-17 20:00:00,0.22023,0.2214,0.21351,0.21857,4839788.9,FETUSDT
2021-07-18 00:00:00,0.2185,0.23238,0.21751,0.23157,5891533.7,FETUSDT
2021-07-18 04:00:00,0.23132,0.23705,0.22329,0.235,3453772.4,FETUSDT
2021-07-18 08:00:00,0.23499,0.24054,0.2307,0.23955,2647358.7,FETUSDT
2021-07-18 12:00:00,0.24013,0.259,0.23594,0.2493,24518974.5,FETUSDT
2021-07-18 16:00:00,0.25007,0.25007,0.23637,0.23765,6750272.3,FETUSDT
2021-07-18 20:00:00,0.23772,0.2427,0.23002,0.23281,6728111.4,FETUSDT
2021-07-19 00:00:00,0.23331,0.23371,0.22347,0.22536,3679004.0,FETUSDT
2021-07-19 04:00:00,0.22479,0.23341,0.22355,0.22681,3637544.9,FETUSDT
2021-07-19 08:00:00,0.22687,0.22861,0.21667,0.21693,3336378.1,FETUSDT
2021-07-19 12:00:00,0.217,0.22467,0.20757,0.2157,8385269.7,FETUSDT
2021-07-19 16:00:00,0.21576,0.229,0.2115,0.22044,5218153.5,FETUSDT
2021-07-19 20:00:00,0.22015,0.23,0.2162,0.22468,7085637.5,FETUSDT
2021-07-20 00:00:00,0.22484,0.23666,0.2151,0.2176,9648244.9,FETUSDT
2021-07-20 04:00:00,0.2176,0.23399,0.21354,0.22628,8109587.6,FETUSDT
2021-07-20 08:00:00,0.22638,0.22927,0.21291,0.21909,6300644.8,FETUSDT
2021-07-20 12:00:00,0.21902,0.22456,0.21202,0.221,7257678.0,FETUSDT
2021-07-20 16:00:00,0.22105,0.28391,0.21321,0.26701,34526296.7,FETUSDT
2021-07-20 20:00:00,0.26674,0.29292,0.26,0.26,33284514.3,FETUSDT
2021-07-21 00:00:00,0.2601,0.26999,0.25564,0.2663,6963361.7,FETUSDT
2021-07-21 04:00:00,0.26667,0.281,0.26632,0.27687,7688198.9,FETUSDT
2021-07-21 08:00:00,0.27697,0.29745,0.2703,0.29505,13164070.1,FETUSDT
2021-07-21 12:00:00,0.29505,0.29659,0.27647,0.28542,12373468.0,FETUSDT
2021-07-21 16:00:00,0.28548,0.28611,0.2625,0.26381,13000693.4,FETUSDT
2021-07-21 20:00:00,0.26439,0.26673,0.26117,0.26425,5167857.7,FETUSDT
2021-07-22 00:00:00,0.26377,0.275,0.25655,0.26136,7518153.7,FETUSDT
2021-07-22 04:00:00,0.26132,0.27435,0.25821,0.26813,5880706.2,FETUSDT
2021-07-22 08:00:00,0.26813,0.281,0.26286,0.26592,8597651.2,FETUSDT
2021-07-22 12:00:00,0.26544,0.27685,0.26126,0.2754,5364249.7,FETUSDT
2021-07-22 16:00:00,0.2754,0.27886,0.2599,0.26364,11169469.8,FETUSDT
2021-07-22 20:00:00,0.26354,0.27235,0.26073,0.26815,5066960.3,FETUSDT
2021-07-23 00:00:00,0.2677,0.27731,0.26376,0.26698,4239898.2,FETUSDT
2021-07-23 04:00:00,0.26697,0.27227,0.2629,0.26605,3651367.1,FETUSDT
2021-07-23 08:00:00,0.26619,0.272,0.2625,0.26585,4539775.0,FETUSDT
2021-07-23 12:00:00,0.26585,0.29374,0.265,0.27428,12942186.5,FETUSDT
2021-07-23 16:00:00,0.27452,0.27829,0.26501,0.27628,4687886.5,FETUSDT
2021-07-23 20:00:00,0.27616,0.29288,0.27567,0.28779,8559124.8,FETUSDT
2021-07-24 00:00:00,0.28782,0.29999,0.27955,0.29512,5310827.5,FETUSDT
2021-07-24 04:00:00,0.29512,0.2971,0.28614,0.29222,4728349.1,FETUSDT
2021-07-24 08:00:00,0.29218,0.29625,0.2834,0.29241,3963841.0,FETUSDT
2021-07-24 12:00:00,0.29286,0.29286,0.276,0.278,9712829.9,FETUSDT
2021-07-24 16:00:00,0.27857,0.28671,0.2726,0.27607,4668087.3,FETUSDT
2021-07-24 20:00:00,0.27602,0.2805,0.27168,0.2796,3596067.3,FETUSDT
2021-07-25 00:00:00,0.27959,0.28176,0.27173,0.27572,2736975.2,FETUSDT
2021-07-25 04:00:00,0.27564,0.302,0.27564,0.29327,7027234.4,FETUSDT
2021-07-25 08:00:00,0.29275,0.33,0.289,0.31529,15929740.2,FETUSDT
2021-07-25 12:00:00,0.31532,0.3388,0.31047,0.3279,18593667.7,FETUSDT
2021-07-25 16:00:00,0.32774,0.345,0.31814,0.33451,17441407.1,FETUSDT
2021-07-25 20:00:00,0.3345,0.355,0.33,0.34563,11598280.2,FETUSDT
2021-07-26 00:00:00,0.34565,0.369,0.33964,0.34304,11372916.3,FETUSDT
2021-07-26 04:00:00,0.34305,0.369,0.3391,0.3465,9079075.2,FETUSDT
2021-07-26 08:00:00,0.34705,0.35413,0.33714,0.34744,5552831.6,FETUSDT
2021-07-26 12:00:00,0.34773,0.39,0.34694,0.37849,10568649.6,FETUSDT
2021-07-26 16:00:00,0.37906,0.40634,0.33052,0.33639,64935095.6,FETUSDT
2021-07-26 20:00:00,0.33608,0.33871,0.31439,0.31642,12994115.4,FETUSDT
2021-07-27 00:00:00,0.31622,0.32005,0.305,0.31747,8117416.9,FETUSDT
2021-07-27 04:00:00,0.3163,0.32651,0.31255,0.32631,7629298.7,FETUSDT
2021-07-27 08:00:00,0.3261,0.33733,0.32039,0.33694,8704632.7,FETUSDT
2021-07-27 12:00:00,0.33612,0.365,0.32939,0.33917,15793472.5,FETUSDT
2021-07-27 16:00:00,0.33931,0.37984,0.33619,0.36436,48693014.0,FETUSDT
2021-07-27 20:00:00,0.36405,0.37266,0.34569,0.35495,13639628.9,FETUSDT
2021-07-28 00:00:00,0.35499,0.39,0.34873,0.37741,18071811.9,FETUSDT
2021-07-28 04:00:00,0.378,0.38082,0.352,0.35249,10431461.8,FETUSDT
2021-07-28 08:00:00,0.35261,0.35929,0.34284,0.35224,11726480.3,FETUSDT
2021-07-28 12:00:00,0.35224,0.3559,0.33666,0.34672,7528205.1,FETUSDT
2021-07-28 16:00:00,0.34672,0.35506,0.3382,0.34305,9247241.2,FETUSDT
2021-07-28 20:00:00,0.34239,0.3488,0.33765,0.34348,5445283.3,FETUSDT
2021-07-29 00:00:00,0.34348,0.34447,0.33252,0.34272,5917246.4,FETUSDT
2021-07-29 04:00:00,0.34292,0.35452,0.33645,0.35126,6684187.4,FETUSDT
2021-07-29 08:00:00,0.35158,0.3689,0.346,0.3485,7302568.2,FETUSDT
2021-07-29 12:00:00,0.34852,0.37,0.34393,0.36218,9510341.9,FETUSDT
2021-07-29 16:00:00,0.36218,0.37581,0.3506,0.37023,9309360.7,FETUSDT
2021-07-29 20:00:00,0.37025,0.389,0.3672,0.389,11715510.1,FETUSDT
2021-07-30 00:00:00,0.38861,0.40288,0.37542,0.38381,13985689.0,FETUSDT
2021-07-30 04:00:00,0.38336,0.39384,0.37082,0.37417,6454634.1,FETUSDT
2021-07-30 08:00:00,0.37444,0.37629,0.34531,0.35943,12457036.7,FETUSDT
2021-07-30 12:00:00,0.35981,0.36862,0.35475,0.36825,4177072.1,FETUSDT
2021-07-30 16:00:00,0.36861,0.37756,0.35901,0.37732,5190647.1,FETUSDT
2021-07-30 20:00:00,0.37768,0.38029,0.37087,0.37801,5495264.1,FETUSDT
2021-07-31 00:00:00,0.37814,0.37999,0.3645,0.36767,4596126.8,FETUSDT
2021-07-31 04:00:00,0.36708,0.3731,0.36239,0.37051,3536282.5,FETUSDT
2021-07-31 08:00:00,0.37046,0.38805,0.37029,0.38339,5820177.3,FETUSDT
2021-07-31 12:00:00,0.383,0.4042,0.379,0.40232,10174669.5,FETUSDT
2021-07-31 16:00:00,0.40203,0.4124,0.38159,0.41113,12215117.1,FETUSDT
2021-07-31 20:00:00,0.41105,0.42784,0.40334,0.40334,17395336.2,FETUSDT
2021-08-01 00:00:00,0.40499,0.431,0.40089,0.42614,6596098.4,FETUSDT
2021-08-01 04:00:00,0.42597,0.42634,0.40387,0.41062,6832906.1,FETUSDT
2021-08-01 08:00:00,0.41019,0.43135,0.40951,0.41522,8976846.0,FETUSDT
2021-08-01 12:00:00,0.41507,0.42424,0.40312,0.42358,6434680.0,FETUSDT
2021-08-01 16:00:00,0.42313,0.4285,0.40625,0.414,8285059.3,FETUSDT
2021-08-01 20:00:00,0.41407,0.41547,0.38447,0.39102,7804609.9,FETUSDT
2021-08-02 00:00:00,0.39092,0.4025,0.38073,0.39116,5626687.5,FETUSDT
2021-08-02 04:00:00,0.3911,0.42137,0.39021,0.41711,6157925.1,FETUSDT
2021-08-02 08:00:00,0.41664,0.41927,0.40086,0.40727,4431409.8,FETUSDT
2021-08-02 12:00:00,0.40774,0.41018,0.39601,0.40027,8929429.5,FETUSDT
2021-08-02 16:00:00,0.40022,0.41,0.39616,0.40528,11923520.5,FETUSDT
2021-08-02 20:00:00,0.40554,0.40761,0.38,0.38177,7158551.6,FETUSDT
2021-08-03 00:00:00,0.38178,0.39,0.37321,0.37418,6075790.1,FETUSDT
2021-08-03 04:00:00,0.37421,0.38575,0.36245,0.38457,5329841.7,FETUSDT
2021-08-03 08:00:00,0.38457,0.39499,0.3817,0.39212,4204829.6,FETUSDT
2021-08-03 12:00:00,0.39211,0.39286,0.381,0.38165,5153541.0,FETUSDT
2021-08-03 16:00:00,0.38164,0.38704,0.36778,0.36898,5779317.7,FETUSDT
2021-08-03 20:00:00,0.36888,0.37839,0.36581,0.374,3546355.1,FETUSDT
2021-08-04 00:00:00,0.37406,0.3772,0.363,0.36589,3353820.1,FETUSDT
2021-08-04 04:00:00,0.36521,0.37372,0.36205,0.36862,4438760.1,FETUSDT
2021-08-04 08:00:00,0.36865,0.38416,0.36256,0.37801,4241003.3,FETUSDT
2021-08-04 12:00:00,0.37805,0.40479,0.37805,0.40418,7766842.0,FETUSDT
2021-08-04 16:00:00,0.40359,0.4045,0.3922,0.39807,4367021.4,FETUSDT
2021-08-04 20:00:00,0.39807,0.40973,0.39364,0.39503,4344928.2,FETUSDT
2021-08-05 00:00:00,0.39548,0.408,0.3921,0.40797,2168540.2,FETUSDT
2021-08-05 04:00:00,0.4076,0.41499,0.3969,0.405,4838526.6,FETUSDT
2021-08-05 08:00:00,0.40476,0.41903,0.39585,0.40107,13347106.6,FETUSDT
2021-08-05 12:00:00,0.40169,0.41795,0.39398,0.4122,6672929.6,FETUSDT
2021-08-05 16:00:00,0.4123,0.41903,0.4063,0.40759,5616279.0,FETUSDT
2021-08-05 20:00:00,0.40755,0.41809,0.40451,0.41578,4934773.9,FETUSDT
2021-08-06 00:00:00,0.41586,0.43,0.4129,0.4255,7692694.3,FETUSDT
2021-08-06 04:00:00,0.42556,0.4407,0.41887,0.43601,8530568.9,FETUSDT
2021-08-06 08:00:00,0.43577,0.43897,0.415,0.42159,11958046.1,FETUSDT
2021-08-06 12:00:00,0.42168,0.42484,0.40736,0.41724,11849181.2,FETUSDT
2021-08-06 16:00:00,0.41656,0.42701,0.41445,0.42235,12937179.4,FETUSDT
2021-08-06 20:00:00,0.42234,0.42472,0.41144,0.41292,6381057.7,FETUSDT
2021-08-07 00:00:00,0.41292,0.4209,0.40819,0.41978,5047649.0,FETUSDT
2021-08-07 04:00:00,0.41988,0.424,0.41494,0.41909,8063161.8,FETUSDT
2021-08-07 08:00:00,0.41896,0.42517,0.40777,0.41397,14697628.9,FETUSDT
2021-08-07 12:00:00,0.41394,0.41697,0.39875,0.40802,15368785.9,FETUSDT
2021-08-07 16:00:00,0.40796,0.40868,0.39296,0.40395,16935083.7,FETUSDT
2021-08-07 20:00:00,0.40389,0.40764,0.39802,0.40583,8038256.6,FETUSDT
2021-08-08 00:00:00,0.40578,0.415,0.38889,0.39395,8131155.7,FETUSDT
2021-08-08 04:00:00,0.39395,0.40378,0.39132,0.39643,7964527.8,FETUSDT
2021-08-08 08:00:00,0.39652,0.39968,0.39247,0.39512,5790602.3,FETUSDT
2021-08-08 12:00:00,0.39512,0.40413,0.38368,0.38569,7091404.1,FETUSDT
2021-08-08 16:00:00,0.38582,0.388,0.37574,0.38292,7462363.4,FETUSDT
2021-08-08 20:00:00,0.3829,0.39155,0.3759,0.37665,7274339.7,FETUSDT
2021-08-09 00:00:00,0.37675,0.38995,0.37052,0.38434,7546527.1,FETUSDT
2021-08-09 04:00:00,0.38434,0.3862,0.37447,0.37999,4831680.2,FETUSDT
2021-08-09 08:00:00,0.38002,0.39998,0.37846,0.39811,6808024.2,FETUSDT
2021-08-09 12:00:00,0.39811,0.41,0.39301,0.40364,5635579.9,FETUSDT
2021-08-09 16:00:00,0.40375,0.40705,0.3933,0.39414,6110539.3,FETUSDT
2021-08-09 20:00:00,0.39413,0.40305,0.3836,0.39836,5023914.8,FETUSDT
2021-08-10 00:00:00,0.39836,0.40936,0.39459,0.40426,4685075.6,FETUSDT
2021-08-10 04:00:00,0.40414,0.40414,0.39542,0.4014,3625023.2,FETUSDT
2021-08-10 08:00:00,0.40149,0.41,0.39903,0.40676,5268466.9,FETUSDT
2021-08-10 12:00:00,0.40666,0.42678,0.401,0.40229,12228437.6,FETUSDT
2021-08-10 16:00:00,0.40233,0.45518,0.39223,0.44139,28081153.3,FETUSDT
2021-08-10 20:00:00,0.44143,0.469,0.4349,0.45594,16185360.1,FETUSDT
2021-08-11 00:00:00,0.45571,0.5389,0.45086,0.53397,27028103.2,FETUSDT
2021-08-11 04:00:00,0.53293,0.55384,0.48961,0.52868,26315187.7,FETUSDT
2021-08-11 08:00:00,0.52835,0.55,0.4925,0.52979,25479087.0,FETUSDT
2021-08-11 12:00:00,0.52936,0.53,0.49847,0.49973,13448920.1,FETUSDT
2021-08-11 16:00:00,0.49977,0.5283,0.49801,0.50193,12936251.6,FETUSDT
2021-08-11 20:00:00,0.50188,0.50924,0.476,0.48337,11406816.6,FETUSDT
2021-08-12 00:00:00,0.48346,0.50507,0.47992,0.50262,6820303.7,FETUSDT
2021-08-12 04:00:00,0.50262,0.50467,0.4673,0.48346,7294634.4,FETUSDT
2021-08-12 08:00:00,0.48356,0.51381,0.47865,0.49563,6600235.6,FETUSDT
2021-08-12 12:00:00,0.49551,0.50472,0.474,0.47832,4322386.3,FETUSDT
2021-08-12 16:00:00,0.4784,0.51969,0.4747,0.51549,6073014.1,FETUSDT
2021-08-12 20:00:00,0.51478,0.51985,0.49318,0.50981,4715269.0,FETUSDT
2021-08-13 00:00:00,0.50919,0.51655,0.5029,0.50676,1863026.2,FETUSDT
2021-08-13 04:00:00,0.507,0.5398,0.50631,0.52862,3947932.9,FETUSDT
2021-08-13 08:00:00,0.5298,0.53854,0.51585,0.516,5298589.9,FETUSDT
2021-08-13 12:00:00,0.516,0.52882,0.50117,0.50723,4464685.4,FETUSDT
2021-08-13 16:00:00,0.50726,0.52206,0.50186,0.51369,3826685.0,FETUSDT
2021-08-13 20:00:00,0.5137,0.52388,0.506,0.51539,3904822.2,FETUSDT
2021-08-14 00:00:00,0.51491,0.51683,0.5082,0.51432,1662010.6,FETUSDT
2021-08-14 04:00:00,0.51358,0.528,0.5082,0.51437,3686609.8,FETUSDT
2021-08-14 08:00:00,0.51402,0.52274,0.49273,0.5062,4744888.6,FETUSDT
2021-08-14 12:00:00,0.506,0.51183,0.49785,0.50655,2108506.6,FETUSDT
2021-08-14 16:00:00,0.507,0.51066,0.49842,0.50761,1940496.8,FETUSDT
2021-08-14 20:00:00,0.50761,0.50766,0.49311,0.50178,1868238.1,FETUSDT
2021-08-15 00:00:00,0.50193,0.50694,0.49811,0.4993,1200321.0,FETUSDT
2021-08-15 04:00:00,0.4997,0.5064,0.48893,0.49073,2552198.6,FETUSDT
2021-08-15 08:00:00,0.4911,0.50704,0.48982,0.50302,3138562.9,FETUSDT
2021-08-15 12:00:00,0.50298,0.50388,0.48101,0.49623,4582454.5,FETUSDT
2021-08-15 16:00:00,0.49577,0.49796,0.47808,0.49239,2677419.6,FETUSDT
2021-08-15 20:00:00,0.49285,0.505,0.49212,0.49755,2858996.1,FETUSDT
2021-08-16 00:00:00,0.49737,0.50623,0.48991,0.502,3958708.5,FETUSDT
2021-08-16 04:00:00,0.50249,0.549,0.50249,0.53683,10575999.1,FETUSDT
2021-08-16 08:00:00,0.53684,0.54876,0.51777,0.5211,5923902.3,FETUSDT
2021-08-16 12:00:00,0.52136,0.5217,0.49479,0.51176,7132760.4,FETUSDT
2021-08-16 16:00:00,0.51135,0.53,0.50263,0.50327,4400083.7,FETUSDT
2021-08-16 20:00:00,0.50327,0.50914,0.4875,0.49082,4033355.8,FETUSDT
2021-08-17 00:00:00,0.49078,0.49753,0.4702,0.49674,4349193.9,FETUSDT
2021-08-17 04:00:00,0.49674,0.5179,0.49324,0.5176,5774884.8,FETUSDT
2021-08-17 08:00:00,0.5176,0.528,0.50558,0.52053,5632932.8,FETUSDT
2021-08-17 12:00:00,0.51937,0.545,0.51511,0.52262,8207655.0,FETUSDT
2021-08-17 16:00:00,0.52241,0.53028,0.48125,0.48982,13111271.6,FETUSDT
2021-08-17 20:00:00,0.48902,0.49018,0.4573,0.46319,9932334.2,FETUSDT
2021-08-18 00:00:00,0.46392,0.47616,0.442,0.47529,5958163.1,FETUSDT
2021-08-18 04:00:00,0.47532,0.48615,0.46055,0.46808,5552909.3,FETUSDT
2021-08-18 08:00:00,0.46722,0.47887,0.45,0.45157,4492990.9,FETUSDT
2021-08-18 12:00:00,0.45242,0.50228,0.45132,0.50195,6829497.9,FETUSDT
2021-08-18 16:00:00,0.50213,0.539,0.49061,0.49702,12436442.6,FETUSDT
2021-08-18 20:00:00,0.49748,0.515,0.48926,0.50033,5967626.5,FETUSDT
2021-08-19 00:00:00,0.50081,0.539,0.50031,0.51992,8720624.6,FETUSDT
2021-08-19 04:00:00,0.5198,0.56206,0.51351,0.53076,17249632.3,FETUSDT
2021-08-19 08:00:00,0.53019,0.56539,0.5153,0.54808,14787692.1,FETUSDT
2021-08-19 12:00:00,0.54815,0.579,0.53581,0.55942,15668160.7,FETUSDT
2021-08-19 16:00:00,0.55917,0.56129,0.53666,0.54262,7084293.2,FETUSDT
2021-08-19 20:00:00,0.54347,0.55907,0.5365,0.54524,3500053.0,FETUSDT
2021-08-20 00:00:00,0.54355,0.55223,0.53465,0.53642,3499813.6,FETUSDT
2021-08-20 04:00:00,0.53644,0.57,0.53323,0.56303,4946678.4,FETUSDT
2021-08-20 08:00:00,0.56367,0.58588,0.56069,0.56197,5865943.6,FETUSDT
2021-08-20 12:00:00,0.56174,0.57473,0.555,0.56405,4482908.5,FETUSDT
2021-08-20 16:00:00,0.56405,0.57207,0.5527,0.55735,4214605.2,FETUSDT
2021-08-20 20:00:00,0.55669,0.58,0.5539,0.56253,4286454.3,FETUSDT
2021-08-21 00:00:00,0.56309,0.5765,0.5527,0.55923,2415396.1,FETUSDT
2021-08-21 04:00:00,0.55885,0.56548,0.55374,0.56478,2062347.1,FETUSDT
2021-08-21 08:00:00,0.56424,0.58359,0.54993,0.5611,6756588.4,FETUSDT
2021-08-21 12:00:00,0.56107,0.58088,0.56102,0.57283,3640135.4,FETUSDT
2021-08-21 16:00:00,0.57322,0.591,0.56409,0.5781,5600355.1,FETUSDT
2021-08-21 20:00:00,0.57809,0.58335,0.565,0.56597,2787135.8,FETUSDT
2021-08-22 00:00:00,0.56613,0.57,0.54875,0.55163,3848274.6,FETUSDT
2021-08-22 04:00:00,0.55236,0.55948,0.54177,0.55927,2848312.8,FETUSDT
2021-08-22 08:00:00,0.55863,0.56262,0.55268,0.56073,2421416.8,FETUSDT
2021-08-22 12:00:00,0.56066,0.5633,0.52171,0.54187,4944585.5,FETUSDT
2021-08-22 16:00:00,0.54234,0.554,0.53224,0.5496,2862694.0,FETUSDT
2021-08-22 20:00:00,0.54871,0.5631,0.53773,0.55844,2835341.3,FETUSDT
2021-08-23 00:00:00,0.5588,0.57126,0.55362,0.56723,2113459.7,FETUSDT
2021-08-23 04:00:00,0.56763,0.575,0.55578,0.56352,2864481.2,FETUSDT
2021-08-23 08:00:00,0.56468,0.582,0.55869,0.57963,6654559.8,FETUSDT
2021-08-23 12:00:00,0.57926,0.58527,0.56266,0.56914,5339592.4,FETUSDT
2021-08-23 16:00:00,0.56917,0.57971,0.55275,0.57377,6282460.6,FETUSDT
2021-08-23 20:00:00,0.5737,0.585,0.55858,0.56006,5793853.4,FETUSDT
2021-08-24 00:00:00,0.55972,0.56548,0.54536,0.56241,5403980.0,FETUSDT
2021-08-24 04:00:00,0.56173,0.5685,0.55358,0.56265,4385123.5,FETUSDT
2021-08-24 08:00:00,0.56221,0.5635,0.54431,0.54777,5406944.2,FETUSDT
2021-08-24 12:00:00,0.54784,0.56145,0.51841,0.52279,8881591.8,FETUSDT
2021-08-24 16:00:00,0.52243,0.53339,0.5028,0.52999,6736643.2,FETUSDT
2021-08-24 20:00:00,0.53011,0.5371,0.51792,0.52088,3058324.6,FETUSDT
2021-08-25 00:00:00,0.52076,0.52668,0.50921,0.51314,3883238.4,FETUSDT
2021-08-25 04:00:00,0.51314,0.54535,0.51026,0.54002,5648998.7,FETUSDT
2021-08-25 08:00:00,0.53968,0.55584,0.51057,0.548,8812099.8,FETUSDT
2021-08-25 12:00:00,0.54815,0.58109,0.54,0.57847,8387793.2,FETUSDT
2021-08-25 16:00:00,0.57907,0.5892,0.55912,0.55958,5703195.5,FETUSDT
2021-08-25 20:00:00,0.55909,0.57249,0.55497,0.56895,2080891.1,FETUSDT
2021-08-26 00:00:00,0.56941,0.585,0.56241,0.56561,5555192.0,FETUSDT
2021-08-26 04:00:00,0.56563,0.57544,0.5366,0.5528,4577255.5,FETUSDT
2021-08-26 08:00:00,0.5535,0.5715,0.5485,0.554,4334908.0,FETUSDT
2021-08-26 12:00:00,0.5536,0.5775,0.5473,0.5583,5351793.5,FETUSDT
2021-08-26 16:00:00,0.5582,0.5635,0.5146,0.5215,7094707.5,FETUSDT
2021-08-26 20:00:00,0.5215,0.5432,0.5156,0.5156,2951882.0,FETUSDT
2021-08-27 00:00:00,0.516,0.5258,0.5021,0.5167,4612653.7,FETUSDT
2021-08-27 04:00:00,0.517,0.5402,0.5087,0.5362,2923423.0,FETUSDT
2021-08-27 08:00:00,0.5358,0.546,0.5216,0.5385,3099366.0,FETUSDT
2021-08-27 12:00:00,0.5385,0.5563,0.5268,0.547,3660186.0,FETUSDT
2021-08-27 16:00:00,0.547,0.5538,0.5411,0.5413,1197139.0,FETUSDT
2021-08-27 20:00:00,0.5413,0.5629,0.5376,0.5622,2335938.0,FETUSDT
2021-08-28 00:00:00,0.5626,0.5693,0.5492,0.5498,1520290.0,FETUSDT
2021-08-28 04:00:00,0.5506,0.555,0.5398,0.5445,1318009.0,FETUSDT
2021-08-28 08:00:00,0.5441,0.5518,0.5353,0.5377,4356935.0,FETUSDT
2021-08-28 12:00:00,0.5379,0.5485,0.531,0.5447,3285908.0,FETUSDT
2021-08-28 16:00:00,0.5449,0.559,0.5408,0.5504,10939373.0,FETUSDT
2021-08-28 20:00:00,0.5502,0.5657,0.5443,0.5504,2574824.0,FETUSDT
2021-08-29 00:00:00,0.551,0.5613,0.5426,0.5487,2435056.0,FETUSDT
2021-08-29 04:00:00,0.5487,0.5848,0.5429,0.5794,6690818.1,FETUSDT
2021-08-29 08:00:00,0.5792,0.5963,0.5685,0.5706,9085500.8,FETUSDT
2021-08-29 12:00:00,0.5706,0.6185,0.5702,0.5939,14745327.8,FETUSDT
2021-08-29 16:00:00,0.5938,0.621,0.5877,0.5999,9333613.0,FETUSDT
2021-08-29 20:00:00,0.5999,0.613,0.5905,0.6061,3865302.0,FETUSDT
2021-08-30 00:00:00,0.6059,0.6934,0.5982,0.642,21658326.9,FETUSDT
2021-08-30 04:00:00,0.6421,0.6551,0.6103,0.6183,9560073.0,FETUSDT
2021-08-30 08:00:00,0.6183,0.632,0.6011,0.6129,5754775.0,FETUSDT
2021-08-30 12:00:00,0.6123,0.6575,0.5867,0.6449,10843183.0,FETUSDT
2021-08-30 16:00:00,0.6439,0.6798,0.6323,0.6656,7594116.0,FETUSDT
2021-08-30 20:00:00,0.6663,0.6664,0.6122,0.626,4092805.0,FETUSDT
2021-08-31 00:00:00,0.626,0.656,0.6206,0.6556,4586780.0,FETUSDT
2021-08-31 04:00:00,0.6547,0.673,0.6433,0.6552,5372119.0,FETUSDT
2021-08-31 08:00:00,0.6549,0.6776,0.6501,0.6759,6415809.0,FETUSDT
2021-08-31 12:00:00,0.6759,0.6888,0.6534,0.6608,9100584.0,FETUSDT
2021-08-31 16:00:00,0.6617,0.679,0.6504,0.6703,4632118.0,FETUSDT
2021-08-31 20:00:00,0.6686,0.73,0.664,0.7248,15272279.9,FETUSDT
2021-09-01 00:00:00,0.7259,0.775,0.7019,0.7536,16103707.0,FETUSDT
2021-09-01 04:00:00,0.7537,0.7552,0.6976,0.7076,9900179.0,FETUSDT
2021-09-01 08:00:00,0.7073,0.7186,0.6885,0.6987,7409898.0,FETUSDT
2021-09-01 12:00:00,0.6989,0.7032,0.6674,0.6922,6392937.0,FETUSDT
2021-09-01 16:00:00,0.6915,0.7141,0.6746,0.6988,8939431.0,FETUSDT
2021-09-01 20:00:00,0.6986,0.7499,0.6984,0.7106,7932600.0,FETUSDT
2021-09-02 00:00:00,0.711,0.7128,0.6881,0.706,5862437.0,FETUSDT
2021-09-02 04:00:00,0.706,0.74,0.6974,0.7076,7763954.0,FETUSDT
2021-09-02 08:00:00,0.708,0.735,0.6955,0.6985,8393679.0,FETUSDT
2021-09-02 12:00:00,0.6982,0.7041,0.6755,0.6801,5348061.0,FETUSDT
2021-09-02 16:00:00,0.6811,0.7249,0.6766,0.714,5657003.0,FETUSDT
2021-09-02 20:00:00,0.7131,0.7294,0.7058,0.7058,3431229.0,FETUSDT
2021-09-03 00:00:00,0.7057,0.7224,0.6875,0.7049,3989858.0,FETUSDT
2021-09-03 04:00:00,0.7059,0.7066,0.6886,0.696,2467862.0,FETUSDT
2021-09-03 08:00:00,0.697,0.725,0.6906,0.7237,7014504.0,FETUSDT
2021-09-03 12:00:00,0.7236,0.76,0.7126,0.7391,8071230.0,FETUSDT
2021-09-03 16:00:00,0.7404,0.7478,0.7197,0.7423,2581062.0,FETUSDT
2021-09-03 20:00:00,0.7423,0.7451,0.72,0.7338,3297911.0,FETUSDT
2021-09-04 00:00:00,0.7332,0.7332,0.7064,0.724,4458736.0,FETUSDT
2021-09-04 04:00:00,0.724,0.7325,0.715,0.7246,2841411.0,FETUSDT
2021-09-04 08:00:00,0.7249,0.7299,0.7045,0.7129,8054909.0,FETUSDT
2021-09-04 12:00:00,0.7128,0.7259,0.71,0.712,2740419.0,FETUSDT
2021-09-04 16:00:00,0.7112,0.7182,0.6934,0.7139,3975199.0,FETUSDT
2021-09-04 20:00:00,0.7141,0.7228,0.6978,0.7032,3444514.0,FETUSDT
2021-09-05 00:00:00,0.704,0.7064,0.6915,0.6962,2323955.0,FETUSDT
2021-09-05 04:00:00,0.6962,0.7034,0.6686,0.6861,5342344.0,FETUSDT
2021-09-05 08:00:00,0.6869,0.7002,0.6825,0.6944,3587727.0,FETUSDT
2021-09-05 12:00:00,0.6944,0.7019,0.682,0.6833,3168401.0,FETUSDT
2021-09-05 16:00:00,0.6837,0.698,0.6823,0.6887,5766547.0,FETUSDT
2021-09-05 20:00:00,0.6887,0.6938,0.6603,0.6704,7982303.0,FETUSDT
2021-09-06 00:00:00,0.67,0.6923,0.6632,0.6899,4485580.0,FETUSDT
2021-09-06 04:00:00,0.6896,0.6995,0.6802,0.6991,3556360.0,FETUSDT
2021-09-06 08:00:00,0.6985,0.6995,0.6735,0.68,6377255.0,FETUSDT
2021-09-06 12:00:00,0.6811,0.734,0.6585,0.7259,11518079.0,FETUSDT
2021-09-06 16:00:00,0.7251,0.77,0.718,0.758,9124841.0,FETUSDT
2021-09-06 20:00:00,0.7586,0.84,0.7546,0.815,19454452.0,FETUSDT
2021-09-07 00:00:00,0.815,0.959,0.8038,0.9466,29395750.4,FETUSDT
2021-09-07 04:00:00,0.9491,0.97,0.8729,0.9106,26500327.5,FETUSDT
2021-09-07 08:00:00,0.9109,1.062,0.8355,0.9475,44431032.3,FETUSDT
2021-09-07 12:00:00,0.9475,1.0751,0.685,0.9457,62423084.8,FETUSDT
2021-09-07 16:00:00,0.9433,1.12,0.8919,0.9727,49097541.7,FETUSDT
2021-09-07 20:00:00,0.9747,1.0816,0.8968,0.9115,27172046.0,FETUSDT
2021-09-08 00:00:00,0.9099,1.1985,0.9042,1.1155,41237513.13,FETUSDT
2021-09-08 04:00:00,1.1168,1.1551,0.955,0.9759,33423506.0,FETUSDT
2021-09-08 08:00:00,0.9756,1.04,0.9063,0.9099,25012548.0,FETUSDT
2021-09-08 12:00:00,0.91,0.96,0.8523,0.9301,26203910.0,FETUSDT
2021-09-08 16:00:00,0.9308,0.96,0.89,0.9355,16569768.0,FETUSDT
2021-09-08 20:00:00,0.9357,0.9499,0.872,0.8872,9424749.0,FETUSDT
2021-09-09 00:00:00,0.8874,0.9,0.8256,0.8584,13913604.0,FETUSDT
2021-09-09 04:00:00,0.8583,0.9731,0.8451,0.9009,19896977.0,FETUSDT
2021-09-09 08:00:00,0.9008,1.036,0.9008,1.0151,24079069.0,FETUSDT
2021-09-09 12:00:00,1.0151,1.0284,0.942,0.9492,14840748.0,FETUSDT
2021-09-09 16:00:00,0.95,1.0076,0.9131,0.9169,13191473.0,FETUSDT
2021-09-09 20:00:00,0.9172,0.925,0.8788,0.8977,8236953.0,FETUSDT
2021-09-10 00:00:00,0.8976,0.9428,0.8738,0.8825,8562575.0,FETUSDT
2021-09-10 04:00:00,0.8825,0.94,0.87,0.8777,10417798.0,FETUSDT
2021-09-10 08:00:00,0.8777,0.936,0.858,0.866,11177322.0,FETUSDT
2021-09-10 12:00:00,0.8662,0.89,0.7838,0.8181,18455629.0,FETUSDT
2021-09-10 16:00:00,0.8173,0.8256,0.7706,0.8174,8762873.0,FETUSDT
2021-09-10 20:00:00,0.8173,0.8243,0.761,0.7903,5983221.0,FETUSDT
2021-09-11 00:00:00,0.7909,0.8122,0.7552,0.7678,12071861.0,FETUSDT
2021-09-11 04:00:00,0.7696,0.809,0.766,0.7826,5293008.0,FETUSDT
2021-09-11 08:00:00,0.7829,0.8995,0.7815,0.8675,15901828.0,FETUSDT
2021-09-11 12:00:00,0.8682,0.95,0.8396,0.9119,14052009.0,FETUSDT
2021-09-11 16:00:00,0.9121,0.9704,0.8936,0.8952,13735562.0,FETUSDT
2021-09-11 20:00:00,0.8952,0.955,0.8748,0.9472,10737900.0,FETUSDT
2021-09-12 00:00:00,0.9475,0.9888,0.9175,0.9455,9693344.0,FETUSDT
2021-09-12 04:00:00,0.9452,0.9578,0.8769,0.9008,8986496.0,FETUSDT
2021-09-12 08:00:00,0.9009,0.9321,0.8858,0.9177,9164949.0,FETUSDT
2021-09-12 12:00:00,0.917,0.9359,0.8868,0.8918,5707473.0,FETUSDT
2021-09-12 16:00:00,0.8912,0.8976,0.8666,0.8748,6246358.0,FETUSDT
2021-09-12 20:00:00,0.875,0.8853,0.8363,0.8795,8057999.0,FETUSDT
2021-09-13 00:00:00,0.8795,0.8804,0.8072,0.8087,5251962.0,FETUSDT
2021-09-13 04:00:00,0.8094,0.837,0.7882,0.8079,5725908.0,FETUSDT
2021-09-13 08:00:00,0.8065,0.8642,0.7844,0.862,7743807.0,FETUSDT
2021-09-13 12:00:00,0.862,0.93,0.7915,0.874,12769175.0,FETUSDT
2021-09-13 16:00:00,0.8755,0.8755,0.8441,0.8504,4745777.0,FETUSDT
2021-09-13 20:00:00,0.8501,0.9308,0.8458,0.899,7935514.0,FETUSDT
2021-09-14 00:00:00,0.8995,1.01,0.8993,0.9464,13034011.0,FETUSDT
2021-09-14 04:00:00,0.9463,0.97,0.9042,0.9071,6199546.0,FETUSDT
2021-09-14 08:00:00,0.9068,0.9299,0.8882,0.9217,6195362.0,FETUSDT
2021-09-14 12:00:00,0.9217,0.9225,0.8586,0.8988,9134091.0,FETUSDT
2021-09-14 16:00:00,0.8981,0.8992,0.8637,0.8705,4188732.0,FETUSDT
2021-09-14 20:00:00,0.8704,0.9274,0.8661,0.9085,4279206.0,FETUSDT
2021-09-15 00:00:00,0.9087,0.9212,0.884,0.895,3013708.0,FETUSDT
2021-09-15 04:00:00,0.8942,0.9032,0.8737,0.8901,3486048.0,FETUSDT
2021-09-15 08:00:00,0.891,0.8985,0.8707,0.8858,5161348.0,FETUSDT
2021-09-15 12:00:00,0.8852,0.8895,0.87,0.8806,3779265.0,FETUSDT
2021-09-15 16:00:00,0.8806,0.9846,0.8755,0.951,10963225.0,FETUSDT
2021-09-15 20:00:00,0.951,0.985,0.93,0.9497,8426235.0,FETUSDT
2021-09-16 00:00:00,0.9497,0.9509,0.8982,0.9313,3168426.0,FETUSDT
2021-09-16 04:00:00,0.9313,1.0189,0.9261,1.0043,7312858.0,FETUSDT
2021-09-16 08:00:00,1.003,1.0285,0.9546,0.9636,14279108.0,FETUSDT
2021-09-16 12:00:00,0.9635,0.9657,0.9029,0.927,12156469.0,FETUSDT
2021-09-16 16:00:00,0.9269,0.965,0.8949,0.9051,9299486.0,FETUSDT
2021-09-16 20:00:00,0.9045,0.9181,0.8891,0.9098,2706962.0,FETUSDT
2021-09-17 00:00:00,0.9108,0.911,0.881,0.8977,2704705.0,FETUSDT
2021-09-17 04:00:00,0.898,0.945,0.8859,0.9038,8379442.0,FETUSDT
2021-09-17 08:00:00,0.9035,0.9191,0.8401,0.8703,15363305.0,FETUSDT
2021-09-17 12:00:00,0.8703,0.8937,0.8512,0.8712,12804319.0,FETUSDT
2021-09-17 16:00:00,0.8728,0.8755,0.8378,0.8587,10917578.0,FETUSDT
2021-09-17 20:00:00,0.8587,0.8632,0.822,0.8253,12433238.0,FETUSDT
2021-09-18 00:00:00,0.8259,0.877,0.8202,0.8542,7417481.0,FETUSDT
2021-09-18 04:00:00,0.8543,0.8859,0.8378,0.8768,16083440.0,FETUSDT
2021-09-18 08:00:00,0.8765,0.8883,0.8565,0.857,31056665.0,FETUSDT
2021-09-18 12:00:00,0.8573,0.8695,0.8494,0.8559,21160330.0,FETUSDT
2021-09-18 16:00:00,0.8554,0.8615,0.8203,0.8258,22997026.0,FETUSDT
2021-09-18 20:00:00,0.8259,0.8423,0.8061,0.8385,19070169.0,FETUSDT
2021-09-19 00:00:00,0.8379,0.847,0.8183,0.8218,20253128.0,FETUSDT
2021-09-19 04:00:00,0.8217,0.8257,0.8117,0.8143,15841337.0,FETUSDT
2021-09-19 08:00:00,0.8146,0.83,0.785,0.7872,23491488.0,FETUSDT
2021-09-19 12:00:00,0.7867,0.8195,0.7847,0.8074,18282597.0,FETUSDT
2021-09-19 16:00:00,0.8081,0.812,0.7822,0.7824,24820093.0,FETUSDT
2021-09-19 20:00:00,0.7826,0.794,0.7575,0.7651,11659469.0,FETUSDT
2021-09-20 00:00:00,0.7652,0.7679,0.6969,0.713,29278736.0,FETUSDT
2021-09-20 04:00:00,0.713,0.7289,0.6688,0.6865,24502483.0,FETUSDT
2021-09-20 08:00:00,0.6862,0.7105,0.6382,0.6538,38848046.0,FETUSDT
2021-09-20 12:00:00,0.6531,0.7344,0.6219,0.7145,40364383.0,FETUSDT
2021-09-20 16:00:00,0.7128,0.7133,0.6578,0.6879,31136258.0,FETUSDT
2021-09-20 20:00:00,0.6872,0.7014,0.6658,0.6805,24231040.0,FETUSDT
2021-09-21 00:00:00,0.6811,0.6977,0.6266,0.671,24556568.0,FETUSDT
2021-09-21 04:00:00,0.67,0.7045,0.6436,0.7024,19708330.0,FETUSDT
2021-09-21 08:00:00,0.7022,0.722,0.6823,0.6879,22289920.0,FETUSDT
2021-09-21 12:00:00,0.688,0.6996,0.656,0.6946,22442065.0,FETUSDT
2021-09-21 16:00:00,0.6936,0.6966,0.6356,0.6413,10874628.0,FETUSDT
2021-09-21 20:00:00,0.6411,0.6509,0.58,0.6031,13247212.0,FETUSDT
2021-09-22 00:00:00,0.6029,0.6278,0.587,0.6226,6534091.0,FETUSDT
2021-09-22 04:00:00,0.6226,0.6801,0.6085,0.6724,4424544.0,FETUSDT
2021-09-22 08:00:00,0.6732,0.677,0.6302,0.6316,5090029.0,FETUSDT
2021-09-22 12:00:00,0.6324,0.6879,0.6314,0.6809,7544848.0,FETUSDT
2021-09-22 16:00:00,0.6809,0.7393,0.6646,0.7218,10503450.0,FETUSDT
2021-09-22 20:00:00,0.7212,0.7451,0.6987,0.743,6388826.0,FETUSDT
2021-09-23 00:00:00,0.7436,0.7739,0.7274,0.7653,4880707.0,FETUSDT
2021-09-23 04:00:00,0.7651,0.7668,0.7348,0.7525,3939078.0,FETUSDT
2021-09-23 08:00:00,0.7533,0.7542,0.6981,0.7122,5444157.0,FETUSDT
2021-09-23 12:00:00,0.7124,0.7686,0.7039,0.7504,6233370.0,FETUSDT
2021-09-23 16:00:00,0.7506,0.849,0.7492,0.812,20497872.0,FETUSDT
2021-09-23 20:00:00,0.8115,0.8695,0.7986,0.8443,10304352.0,FETUSDT
2021-09-24 00:00:00,0.8444,0.87,0.8014,0.8251,6480869.0,FETUSDT
2021-09-24 04:00:00,0.8255,0.8596,0.8133,0.834,12304027.0,FETUSDT
2021-09-24 08:00:00,0.8343,0.8547,0.6947,0.7639,24341978.0,FETUSDT
2021-09-24 12:00:00,0.7653,0.8095,0.7226,0.7715,20362280.0,FETUSDT
2021-09-24 16:00:00,0.7722,0.7976,0.7582,0.7615,12409526.0,FETUSDT
2021-09-24 20:00:00,0.7609,0.8447,0.7565,0.8129,18295909.0,FETUSDT
2021-09-25 00:00:00,0.8129,0.826,0.7728,0.793,5545667.0,FETUSDT
2021-09-25 04:00:00,0.794,0.8555,0.7892,0.8261,9704213.0,FETUSDT
2021-09-25 08:00:00,0.8266,0.8299,0.7745,0.8244,13964996.0,FETUSDT
2021-09-25 12:00:00,0.8246,0.8457,0.794,0.8407,12057902.0,FETUSDT
2021-09-25 16:00:00,0.8399,0.8838,0.82,0.8455,19274358.0,FETUSDT
2021-09-25 20:00:00,0.8456,0.8631,0.8241,0.8359,5971985.0,FETUSDT
2021-09-26 00:00:00,0.8353,0.8483,0.7959,0.8123,6803421.0,FETUSDT
2021-09-26 04:00:00,0.8123,0.8445,0.7651,0.7881,8534580.0,FETUSDT
2021-09-26 08:00:00,0.7885,0.8468,0.768,0.8442,9367921.0,FETUSDT
2021-09-26 12:00:00,0.8442,0.875,0.8368,0.8408,8665148.0,FETUSDT
2021-09-26 16:00:00,0.8407,0.8483,0.8141,0.8299,5476884.0,FETUSDT
2021-09-26 20:00:00,0.8304,0.8491,0.7975,0.8114,5973706.0,FETUSDT
2021-09-27 00:00:00,0.811,0.8308,0.7891,0.8029,5264452.0,FETUSDT
2021-09-27 04:00:00,0.8029,0.83,0.8012,0.8064,4077201.0,FETUSDT
2021-09-27 08:00:00,0.805,0.83,0.7948,0.8212,5751612.0,FETUSDT
2021-09-27 12:00:00,0.8207,0.825,0.7785,0.7885,16607505.0,FETUSDT
2021-09-27 16:00:00,0.7886,0.7897,0.7553,0.7624,5949458.0,FETUSDT
2021-09-27 20:00:00,0.762,0.7658,0.7339,0.7378,4858533.0,FETUSDT
2021-09-28 00:00:00,0.7366,0.7471,0.726,0.7451,3937238.0,FETUSDT
2021-09-28 04:00:00,0.7457,0.7545,0.7093,0.7172,5119281.0,FETUSDT
2021-09-28 08:00:00,0.7176,0.7312,0.7112,0.7269,46575614.0,FETUSDT
2021-09-28 12:00:00,0.7269,0.7355,0.712,0.7149,28792861.0,FETUSDT
2021-09-28 16:00:00,0.7148,0.7193,0.6873,0.7097,7694356.0,FETUSDT
2021-09-28 20:00:00,0.71,0.7282,0.681,0.684,3558473.0,FETUSDT
2021-09-29 00:00:00,0.6837,0.7053,0.6805,0.703,5435939.0,FETUSDT
2021-09-29 04:00:00,0.7025,0.7249,0.7004,0.7198,2995334.0,FETUSDT
2021-09-29 08:00:00,0.7197,0.7497,0.7032,0.7376,5153872.0,FETUSDT
2021-09-29 12:00:00,0.7376,0.7531,0.7055,0.7078,13660182.0,FETUSDT
2021-09-29 16:00:00,0.7078,0.7164,0.6822,0.6833,5946254.0,FETUSDT
2021-09-29 20:00:00,0.6836,0.7007,0.6718,0.6981,4583281.0,FETUSDT
2021-09-30 00:00:00,0.6978,0.7744,0.6912,0.756,7126625.0,FETUSDT
2021-09-30 04:00:00,0.7569,0.762,0.7276,0.7314,3696044.0,FETUSDT
2021-09-30 08:00:00,0.7314,0.7396,0.7132,0.7203,7152419.0,FETUSDT
2021-09-30 12:00:00,0.7199,0.7345,0.7148,0.719,5412650.0,FETUSDT
2021-09-30 16:00:00,0.7193,0.7378,0.7059,0.7211,6797307.0,FETUSDT
2021-09-30 20:00:00,0.7217,0.7274,0.71,0.7229,2724801.0,FETUSDT
2021-10-01 00:00:00,0.7224,0.738,0.7157,0.7238,2813914.0,FETUSDT
2021-10-01 04:00:00,0.7237,0.7462,0.7184,0.7436,2781928.0,FETUSDT
2021-10-01 08:00:00,0.7432,0.7844,0.7405,0.7743,10429459.0,FETUSDT
2021-10-01 12:00:00,0.7744,0.7845,0.7551,0.7684,4516581.0,FETUSDT
2021-10-01 16:00:00,0.7688,0.815,0.764,0.7932,7380485.0,FETUSDT
2021-10-01 20:00:00,0.7937,0.8097,0.7762,0.7902,4129416.0,FETUSDT
2021-10-02 00:00:00,0.79,0.7982,0.7729,0.7935,14965804.0,FETUSDT
2021-10-02 04:00:00,0.7931,0.81,0.7907,0.8092,44101754.0,FETUSDT
2021-10-02 08:00:00,0.8094,0.85,0.8072,0.8251,33156141.0,FETUSDT
2021-10-02 12:00:00,0.8251,0.835,0.8191,0.831,27864838.0,FETUSDT
2021-10-02 16:00:00,0.831,0.835,0.8242,0.8278,29073360.0,FETUSDT
2021-10-02 20:00:00,0.8278,0.8323,0.7959,0.8018,19357727.0,FETUSDT
2021-10-03 00:00:00,0.8009,0.8079,0.7758,0.8017,18304218.0,FETUSDT
2021-10-03 04:00:00,0.8018,0.8234,0.7993,0.8146,15658137.0,FETUSDT
2021-10-03 08:00:00,0.8146,0.8168,0.7992,0.809,23496652.0,FETUSDT
2021-10-03 12:00:00,0.8091,0.8117,0.7879,0.794,22469562.0,FETUSDT
2021-10-03 16:00:00,0.7939,0.815,0.7911,0.8128,26763814.0,FETUSDT
2021-10-03 20:00:00,0.8126,0.8135,0.7916,0.7957,29718597.0,FETUSDT
2021-10-04 00:00:00,0.7956,0.7971,0.7524,0.7599,25783274.0,FETUSDT
2021-10-04 04:00:00,0.7599,0.7855,0.755,0.7855,21888825.0,FETUSDT
2021-10-04 08:00:00,0.785,0.7889,0.7513,0.7541,20491162.0,FETUSDT
2021-10-04 12:00:00,0.7539,0.7675,0.7283,0.7492,24556636.0,FETUSDT
2021-10-04 16:00:00,0.7492,0.7672,0.7479,0.7508,27498609.0,FETUSDT
2021-10-04 20:00:00,0.7508,0.7522,0.7326,0.7482,28851776.0,FETUSDT
2021-10-05 00:00:00,0.7482,0.7637,0.7421,0.7633,31226894.0,FETUSDT
2021-10-05 04:00:00,0.7633,0.7769,0.7503,0.7669,22380427.0,FETUSDT
2021-10-05 08:00:00,0.767,0.7822,0.7563,0.771,24061465.0,FETUSDT
2021-10-05 12:00:00,0.7709,0.7724,0.7324,0.7385,20369518.0,FETUSDT
2021-10-05 16:00:00,0.7385,0.7441,0.7233,0.7422,17404918.0,FETUSDT
2021-10-05 20:00:00,0.7422,0.7545,0.7375,0.7402,23002026.0,FETUSDT
2021-10-06 00:00:00,0.7402,0.7437,0.7234,0.7237,17108590.0,FETUSDT
2021-10-06 04:00:00,0.7237,0.7241,0.696,0.7032,15676770.0,FETUSDT
2021-10-06 08:00:00,0.703,0.7045,0.6706,0.7003,18879784.0,FETUSDT
2021-10-06 12:00:00,0.7003,0.7509,0.6985,0.7434,18763879.0,FETUSDT
2021-10-06 16:00:00,0.7431,0.7463,0.7112,0.7116,14603291.0,FETUSDT
2021-10-06 20:00:00,0.7123,0.7133,0.6965,0.6967,10189270.0,FETUSDT
2021-10-07 00:00:00,0.6967,0.6976,0.6776,0.6892,9818005.0,FETUSDT
2021-10-07 04:00:00,0.689,0.7314,0.687,0.7259,13625610.0,FETUSDT
2021-10-07 08:00:00,0.7258,0.7361,0.6995,0.7292,24818490.0,FETUSDT
2021-10-07 12:00:00,0.7289,0.7298,0.688,0.6968,25370997.0,FETUSDT
2021-10-07 16:00:00,0.6964,0.7055,0.689,0.6993,30654685.0,FETUSDT
2021-10-07 20:00:00,0.6997,0.7204,0.6978,0.7133,28833705.0,FETUSDT
2021-10-08 00:00:00,0.7128,0.7129,0.6872,0.6971,11942599.0,FETUSDT
2021-10-08 04:00:00,0.6969,0.73,0.6923,0.724,20106140.0,FETUSDT
2021-10-08 08:00:00,0.7241,0.7797,0.724,0.7698,23210697.0,FETUSDT
2021-10-08 12:00:00,0.77,0.7721,0.7278,0.7474,21625996.0,FETUSDT
2021-10-08 16:00:00,0.7474,0.8,0.7361,0.7854,29292745.0,FETUSDT
2021-10-08 20:00:00,0.7854,0.7869,0.7445,0.7563,19279058.0,FETUSDT
2021-10-09 00:00:00,0.7564,0.8289,0.743,0.7937,17328265.0,FETUSDT
2021-10-09 04:00:00,0.793,0.8869,0.7853,0.8238,34734579.0,FETUSDT
2021-10-09 08:00:00,0.8242,0.8594,0.8008,0.8269,24118748.0,FETUSDT
2021-10-09 12:00:00,0.8269,0.8399,0.8059,0.8391,21406317.0,FETUSDT
2021-10-09 16:00:00,0.8388,0.8391,0.8048,0.8077,15354762.0,FETUSDT
2021-10-09 20:00:00,0.8074,0.8074,0.7809,0.7823,13968505.0,FETUSDT
2021-10-10 00:00:00,0.7824,0.797,0.7632,0.7938,16378353.0,FETUSDT
2021-10-10 04:00:00,0.7938,0.8271,0.7877,0.8102,12466472.0,FETUSDT
2021-10-10 08:00:00,0.8102,0.8455,0.8066,0.824,17122607.0,FETUSDT
2021-10-10 12:00:00,0.824,0.874,0.8145,0.8459,22020057.0,FETUSDT
2021-10-10 16:00:00,0.8467,0.8538,0.7992,0.802,16052614.0,FETUSDT
2021-10-10 20:00:00,0.8016,0.8123,0.7661,0.7755,7348789.0,FETUSDT
2021-10-11 00:00:00,0.7753,0.8141,0.7579,0.7982,4060257.0,FETUSDT
2021-10-11 04:00:00,0.7983,0.8036,0.7769,0.7923,4053084.0,FETUSDT
2021-10-11 08:00:00,0.7929,0.8029,0.7567,0.767,5439900.0,FETUSDT
2021-10-11 12:00:00,0.7673,0.7779,0.7547,0.7581,6071069.0,FETUSDT
2021-10-11 16:00:00,0.7579,0.7617,0.7302,0.7318,5284590.0,FETUSDT
2021-10-11 20:00:00,0.7316,0.763,0.7218,0.7442,4854443.0,FETUSDT
2021-10-12 00:00:00,0.7438,0.751,0.7165,0.7285,2819299.0,FETUSDT
2021-10-12 04:00:00,0.7275,0.735,0.7044,0.7093,4414155.0,FETUSDT
2021-10-12 08:00:00,0.709,0.7312,0.6871,0.7186,5177202.0,FETUSDT
2021-10-12 12:00:00,0.718,0.7313,0.6875,0.7231,7129062.0,FETUSDT
2021-10-12 16:00:00,0.7234,0.7253,0.702,0.717,3099826.0,FETUSDT
2021-10-12 20:00:00,0.7166,0.743,0.7048,0.7267,3152380.0,FETUSDT
2021-10-13 00:00:00,0.727,0.7448,0.7189,0.7341,2734723.0,FETUSDT
2021-10-13 04:00:00,0.7341,0.7459,0.7017,0.7052,3832214.0,FETUSDT
2021-10-13 08:00:00,0.7037,0.7197,0.7003,0.7137,2545813.0,FETUSDT
2021-10-13 12:00:00,0.7136,0.7195,0.7031,0.712,2340134.0,FETUSDT
2021-10-13 16:00:00,0.712,0.7149,0.7045,0.7115,2451814.0,FETUSDT
2021-10-13 20:00:00,0.7119,0.7369,0.7092,0.7332,2249375.0,FETUSDT
2021-10-14 00:00:00,0.7342,0.7384,0.7164,0.7224,2265936.0,FETUSDT
2021-10-14 04:00:00,0.7219,0.7367,0.7173,0.7259,2410515.0,FETUSDT
2021-10-14 08:00:00,0.7263,0.755,0.7251,0.7418,3383726.0,FETUSDT
2021-10-14 12:00:00,0.7418,0.7588,0.7369,0.748,11060303.0,FETUSDT
2021-10-14 16:00:00,0.7476,0.7486,0.7331,0.7371,4490271.0,FETUSDT
2021-10-14 20:00:00,0.7371,0.7381,0.7212,0.7326,3088006.0,FETUSDT
2021-10-15 00:00:00,0.7321,0.735,0.7076,0.7183,9799649.0,FETUSDT
2021-10-15 04:00:00,0.7178,0.7572,0.7127,0.75,11945762.0,FETUSDT
2021-10-15 08:00:00,0.7499,0.7517,0.713,0.7235,9486432.0,FETUSDT
2021-10-15 12:00:00,0.7239,0.7246,0.7087,0.7129,7963691.0,FETUSDT
2021-10-15 16:00:00,0.713,0.7339,0.7107,0.7304,12540031.0,FETUSDT
2021-10-15 20:00:00,0.73,0.758,0.7292,0.7525,12698348.0,FETUSDT
2021-10-16 00:00:00,0.7529,0.7765,0.7494,0.7551,9777805.0,FETUSDT
2021-10-16 04:00:00,0.7557,0.7667,0.739,0.749,8792079.0,FETUSDT
2021-10-16 08:00:00,0.749,0.795,0.7485,0.7861,10573576.0,FETUSDT
2021-10-16 12:00:00,0.7861,0.845,0.7773,0.7999,26488046.0,FETUSDT
2021-10-16 16:00:00,0.7999,0.8242,0.7716,0.7717,10802059.0,FETUSDT
2021-10-16 20:00:00,0.7722,0.7819,0.7601,0.7676,7489504.0,FETUSDT
2021-10-17 00:00:00,0.7675,0.7899,0.7634,0.7852,4303076.0,FETUSDT
2021-10-17 04:00:00,0.785,0.7865,0.7575,0.7595,4863937.0,FETUSDT
2021-10-17 08:00:00,0.7595,0.7706,0.7486,0.7492,4650841.0,FETUSDT
2021-10-17 12:00:00,0.7492,0.762,0.7434,0.7449,5569488.0,FETUSDT
2021-10-17 16:00:00,0.7447,0.7765,0.742,0.7586,6147113.0,FETUSDT
2021-10-17 20:00:00,0.7585,0.7614,0.7254,0.742,9477479.0,FETUSDT
2021-10-18 00:00:00,0.742,0.7568,0.7345,0.7476,4121612.0,FETUSDT
2021-10-18 04:00:00,0.7473,0.7609,0.7414,0.7525,4432379.0,FETUSDT
2021-10-18 08:00:00,0.7523,0.764,0.7326,0.7394,4970025.0,FETUSDT
2021-10-18 12:00:00,0.7394,0.7427,0.7148,0.7373,3672959.0,FETUSDT
2021-10-18 16:00:00,0.7373,0.7405,0.7237,0.7275,1680497.0,FETUSDT
2021-10-18 20:00:00,0.7275,0.7461,0.7234,0.7274,1934122.0,FETUSDT
2021-10-19 00:00:00,0.7271,0.7393,0.7203,0.7353,2470703.0,FETUSDT
2021-10-19 04:00:00,0.735,0.7388,0.7231,0.7236,8670415.0,FETUSDT
2021-10-19 08:00:00,0.7233,0.7312,0.7067,0.713,11931971.0,FETUSDT
2021-10-19 12:00:00,0.713,0.7195,0.7034,0.7082,13103331.0,FETUSDT
2021-10-19 16:00:00,0.7087,0.717,0.6944,0.7059,10271199.0,FETUSDT
2021-10-19 20:00:00,0.7052,0.7159,0.7,0.7132,6928070.0,FETUSDT
2021-10-20 00:00:00,0.7129,0.7192,0.7032,0.7098,7139754.0,FETUSDT
2021-10-20 04:00:00,0.7099,0.7299,0.7083,0.7206,10474983.0,FETUSDT
2021-10-20 08:00:00,0.7205,0.7211,0.7053,0.7084,4077555.0,FETUSDT
2021-10-20 12:00:00,0.7084,0.725,0.7083,0.7243,13048325.0,FETUSDT
2021-10-20 16:00:00,0.7243,0.7614,0.7224,0.7408,13373073.0,FETUSDT
2021-10-20 20:00:00,0.7409,0.7583,0.7303,0.7384,6588262.0,FETUSDT
2021-10-21 00:00:00,0.7385,0.7534,0.735,0.7394,6762318.0,FETUSDT
2021-10-21 04:00:00,0.7397,0.7474,0.734,0.7469,6233053.0,FETUSDT
2021-10-21 08:00:00,0.7465,0.7608,0.7347,0.7391,9350425.0,FETUSDT
2021-10-21 12:00:00,0.7391,0.7488,0.7207,0.7461,8763137.0,FETUSDT
2021-10-21 16:00:00,0.7459,0.7459,0.7218,0.7263,5106918.0,FETUSDT
2021-10-21 20:00:00,0.7263,0.7322,0.7161,0.7177,9557155.0,FETUSDT
2021-10-22 00:00:00,0.7174,0.7387,0.7172,0.731,6918355.0,FETUSDT
2021-10-22 04:00:00,0.7307,0.7507,0.7242,0.7428,7539308.0,FETUSDT
2021-10-22 08:00:00,0.7425,0.7649,0.736,0.7583,8499395.0,FETUSDT
2021-10-22 12:00:00,0.7583,0.7729,0.7231,0.7252,7752866.0,FETUSDT
2021-10-22 16:00:00,0.7247,0.757,0.7144,0.7492,8773253.0,FETUSDT
2021-10-22 20:00:00,0.7493,0.7675,0.7408,0.7578,5565977.0,FETUSDT
2021-10-23 00:00:00,0.7574,0.7675,0.7443,0.7655,6459209.0,FETUSDT
2021-10-23 04:00:00,0.7659,0.7762,0.7481,0.7636,8601263.0,FETUSDT
2021-10-23 08:00:00,0.7637,0.7839,0.754,0.7785,10629391.0,FETUSDT
2021-10-23 12:00:00,0.7785,0.802,0.7707,0.7778,13804393.0,FETUSDT
2021-10-23 16:00:00,0.7774,0.8019,0.7537,0.7578,9070271.0,FETUSDT
2021-10-23 20:00:00,0.7578,0.7756,0.7536,0.7654,5999174.0,FETUSDT
2021-10-24 00:00:00,0.7654,0.7785,0.7611,0.7681,4888911.0,FETUSDT
2021-10-24 04:00:00,0.769,0.7788,0.7565,0.7584,3889857.0,FETUSDT
2021-10-24 08:00:00,0.7581,0.7709,0.7399,0.741,6627737.0,FETUSDT
2021-10-24 12:00:00,0.741,0.758,0.7275,0.7324,6251578.0,FETUSDT
2021-10-24 16:00:00,0.7324,0.7498,0.726,0.7363,3734431.0,FETUSDT
2021-10-24 20:00:00,0.7364,0.7487,0.7292,0.7321,3407020.0,FETUSDT
2021-10-25 00:00:00,0.7322,0.7448,0.7294,0.7445,4384610.0,FETUSDT
2021-10-25 04:00:00,0.7446,0.7645,0.735,0.7611,6282640.0,FETUSDT
2021-10-25 08:00:00,0.7611,0.7664,0.7432,0.7508,7001443.0,FETUSDT
2021-10-25 12:00:00,0.7508,0.7572,0.7444,0.7453,5073261.0,FETUSDT
2021-10-25 16:00:00,0.7453,0.7516,0.7401,0.744,4209266.0,FETUSDT
2021-10-25 20:00:00,0.7443,0.7854,0.7387,0.7674,5436231.0,FETUSDT
2021-10-26 00:00:00,0.7673,0.7939,0.7576,0.766,6853408.0,FETUSDT
2021-10-26 04:00:00,0.7655,0.7791,0.7597,0.7774,5918810.0,FETUSDT
2021-10-26 08:00:00,0.7774,0.8342,0.7737,0.8136,13683442.0,FETUSDT
2021-10-26 12:00:00,0.8138,0.845,0.798,0.8403,18091727.0,FETUSDT
2021-10-26 16:00:00,0.8395,0.843,0.823,0.8284,8649184.0,FETUSDT
2021-10-26 20:00:00,0.8279,0.8335,0.7905,0.7947,7847370.0,FETUSDT
2021-10-27 00:00:00,0.7947,0.8177,0.781,0.8066,6416544.0,FETUSDT
2021-10-27 04:00:00,0.8062,0.84,0.7876,0.7878,9809216.0,FETUSDT
2021-10-27 08:00:00,0.7876,0.7897,0.7306,0.7439,13021434.0,FETUSDT
2021-10-27 12:00:00,0.7428,0.763,0.7283,0.7356,7006631.0,FETUSDT
2021-10-27 16:00:00,0.7351,0.7525,0.7265,0.7341,4690155.0,FETUSDT
2021-10-27 20:00:00,0.7345,0.7465,0.7177,0.7204,3641363.0,FETUSDT
2021-10-28 00:00:00,0.7201,0.7356,0.7106,0.7204,2529907.0,FETUSDT
2021-10-28 04:00:00,0.7204,0.7315,0.704,0.7132,4717283.0,FETUSDT
2021-10-28 08:00:00,0.7131,0.7773,0.7094,0.7445,7661497.0,FETUSDT
2021-10-28 12:00:00,0.7448,0.763,0.728,0.7327,4803100.0,FETUSDT
2021-10-28 16:00:00,0.7329,0.745,0.7079,0.7339,7286038.0,FETUSDT
2021-10-28 20:00:00,0.7337,0.7448,0.726,0.7385,3030425.0,FETUSDT
2021-10-29 00:00:00,0.7385,0.7578,0.7353,0.7511,2534891.0,FETUSDT
2021-10-29 04:00:00,0.7515,0.76,0.7353,0.7406,3076085.0,FETUSDT
2021-10-29 08:00:00,0.7404,0.7599,0.7393,0.7501,3444903.0,FETUSDT
2021-10-29 12:00:00,0.75,0.7619,0.7471,0.7567,3456256.0,FETUSDT
2021-10-29 16:00:00,0.7558,0.7613,0.7374,0.7429,3864839.0,FETUSDT
2021-10-29 20:00:00,0.7434,0.7463,0.737,0.7421,1859954.0,FETUSDT
2021-10-30 00:00:00,0.7415,0.7466,0.7316,0.734,1229777.0,FETUSDT
2021-10-30 04:00:00,0.7333,0.7409,0.7299,0.736,932009.0,FETUSDT
2021-10-30 08:00:00,0.736,0.7439,0.7293,0.7407,1854225.0,FETUSDT
2021-10-30 12:00:00,0.741,0.7453,0.7222,0.7349,2793902.0,FETUSDT
2021-10-30 16:00:00,0.7349,0.767,0.726,0.7631,5195069.0,FETUSDT
2021-10-30 20:00:00,0.7636,0.7647,0.7265,0.7536,4327656.0,FETUSDT
2021-10-31 00:00:00,0.7536,0.8217,0.752,0.8038,11307923.0,FETUSDT
2021-10-31 04:00:00,0.803,0.8166,0.7867,0.7894,4385024.0,FETUSDT
2021-10-31 08:00:00,0.7891,0.8059,0.7779,0.7915,7854123.0,FETUSDT
2021-10-31 12:00:00,0.7915,0.9474,0.7838,0.8231,42417444.0,FETUSDT
2021-10-31 16:00:00,0.823,0.826,0.7653,0.7714,8392415.0,FETUSDT
2021-10-31 20:00:00,0.7714,0.795,0.7638,0.7807,3695007.0,FETUSDT
2021-11-01 00:00:00,0.7807,0.7824,0.7366,0.745,4867691.0,FETUSDT
2021-11-01 04:00:00,0.745,0.7763,0.74,0.7745,3213479.0,FETUSDT
2021-11-01 08:00:00,0.7745,0.7762,0.7576,0.758,3221341.0,FETUSDT
2021-11-01 12:00:00,0.7587,0.7734,0.7518,0.7715,3514871.0,FETUSDT
2021-11-01 16:00:00,0.7721,0.7882,0.76,0.7834,4064353.0,FETUSDT
2021-11-01 20:00:00,0.7836,0.7889,0.7678,0.7885,2600994.0,FETUSDT
2021-11-02 00:00:00,0.7883,0.8415,0.7813,0.8245,6624408.0,FETUSDT
2021-11-02 04:00:00,0.8245,0.8429,0.8056,0.8113,8004808.0,FETUSDT
2021-11-02 08:00:00,0.8114,0.8275,0.7928,0.7933,4634909.0,FETUSDT
2021-11-02 12:00:00,0.7936,0.8204,0.7826,0.8056,5160290.0,FETUSDT
2021-11-02 16:00:00,0.8048,0.864,0.8039,0.8602,7568148.0,FETUSDT
2021-11-02 20:00:00,0.8602,0.9083,0.8242,0.8597,12953090.0,FETUSDT
2021-11-03 00:00:00,0.8598,0.9,0.8435,0.8911,5265818.0,FETUSDT
2021-11-03 04:00:00,0.8905,0.9229,0.8556,0.8978,6362908.0,FETUSDT
2021-11-03 08:00:00,0.8969,0.9307,0.8818,0.92,11037002.0,FETUSDT
2021-11-03 12:00:00,0.9196,0.9786,0.8874,0.9348,27395366.0,FETUSDT
2021-11-03 16:00:00,0.9346,0.9495,0.887,0.8888,14980008.0,FETUSDT
2021-11-03 20:00:00,0.8886,0.9019,0.8634,0.8741,8036528.0,FETUSDT
2021-11-04 00:00:00,0.874,0.8986,0.8611,0.8892,4143534.0,FETUSDT
2021-11-04 04:00:00,0.8893,0.8941,0.842,0.8421,6325885.0,FETUSDT
2021-11-04 08:00:00,0.8428,0.8516,0.83,0.8384,7376107.0,FETUSDT
2021-11-04 12:00:00,0.8384,0.8836,0.8227,0.8423,9286317.0,FETUSDT
2021-11-04 16:00:00,0.8421,0.8543,0.7985,0.8258,9691881.0,FETUSDT
2021-11-04 20:00:00,0.8257,0.8533,0.817,0.8325,2902484.0,FETUSDT
2021-11-05 00:00:00,0.8328,0.8586,0.8162,0.8563,3185549.0,FETUSDT
2021-11-05 04:00:00,0.8563,0.879,0.8493,0.8727,5373563.0,FETUSDT
2021-11-05 08:00:00,0.8725,0.8991,0.8624,0.8822,8515634.0,FETUSDT
2021-11-05 12:00:00,0.8822,0.935,0.8609,0.9028,12442991.0,FETUSDT
2021-11-05 16:00:00,0.903,0.9198,0.8645,0.8822,6759074.0,FETUSDT
2021-11-05 20:00:00,0.8824,0.8829,0.8495,0.8747,4589066.0,FETUSDT
2021-11-06 00:00:00,0.8739,0.9007,0.8581,0.8775,2840181.0,FETUSDT
2021-11-06 04:00:00,0.8775,0.8823,0.8437,0.8516,2503265.0,FETUSDT
2021-11-06 08:00:00,0.8517,0.8655,0.8143,0.8313,4673208.0,FETUSDT
2021-11-06 12:00:00,0.83,0.8458,0.8143,0.8412,2617537.0,FETUSDT
2021-11-06 16:00:00,0.8409,0.8532,0.8357,0.8532,1569123.0,FETUSDT
2021-11-06 20:00:00,0.8524,0.8825,0.8517,0.8651,3674162.0,FETUSDT
2021-11-07 00:00:00,0.8651,0.8775,0.853,0.8567,3788578.0,FETUSDT
2021-11-07 04:00:00,0.857,0.8575,0.8413,0.8482,2975300.0,FETUSDT
2021-11-07 08:00:00,0.8482,0.8734,0.8417,0.8562,5213096.0,FETUSDT
2021-11-07 12:00:00,0.856,0.8565,0.82,0.8308,7594819.0,FETUSDT
2021-11-07 16:00:00,0.8311,0.8375,0.8266,0.8333,3364712.0,FETUSDT
2021-11-07 20:00:00,0.8332,0.84,0.8183,0.8274,4665642.0,FETUSDT
2021-11-08 00:00:00,0.8274,0.8369,0.818,0.8316,4264934.0,FETUSDT
2021-11-08 04:00:00,0.8315,0.8344,0.8216,0.8312,3465789.0,FETUSDT
2021-11-08 08:00:00,0.8311,0.8436,0.827,0.8417,3884011.0,FETUSDT
2021-11-08 12:00:00,0.8418,0.8909,0.8351,0.885,9585997.0,FETUSDT
2021-11-08 16:00:00,0.8841,0.9144,0.8744,0.8784,7007512.0,FETUSDT
2021-11-08 20:00:00,0.8775,0.881,0.86,0.8604,3990440.0,FETUSDT
2021-11-09 00:00:00,0.8603,0.8604,0.8415,0.8501,2941339.0,FETUSDT
2021-11-09 04:00:00,0.8503,0.879,0.8442,0.8727,4295827.0,FETUSDT
2021-11-09 08:00:00,0.8722,0.9239,0.8722,0.9032,9863185.0,FETUSDT
2021-11-09 12:00:00,0.9025,0.91,0.8673,0.9082,7317325.0,FETUSDT
2021-11-09 16:00:00,0.9075,0.93,0.884,0.9067,8421493.0,FETUSDT
2021-11-09 20:00:00,0.9067,0.935,0.9022,0.9286,6874800.0,FETUSDT
2021-11-10 00:00:00,0.929,0.9466,0.8912,0.8929,5440749.0,FETUSDT
2021-11-10 04:00:00,0.8929,0.9234,0.888,0.9018,2994782.0,FETUSDT
2021-11-10 08:00:00,0.9018,0.9495,0.9009,0.9343,6739724.0,FETUSDT
2021-11-10 12:00:00,0.9343,1.0275,0.9308,0.9616,22841847.0,FETUSDT
2021-11-10 16:00:00,0.9612,0.98,0.9078,0.9176,12072969.0,FETUSDT
2021-11-10 20:00:00,0.9178,0.9272,0.85,0.8688,11937733.0,FETUSDT
2021-11-11 00:00:00,0.8684,0.9007,0.8498,0.8951,4318407.0,FETUSDT
2021-11-11 04:00:00,0.8944,0.9618,0.8803,0.9615,6844142.0,FETUSDT
2021-11-11 08:00:00,0.9613,0.964,0.914,0.9364,5390203.0,FETUSDT
2021-11-11 12:00:00,0.9368,0.943,0.888,0.9228,5948344.0,FETUSDT
2021-11-11 16:00:00,0.9232,0.9301,0.8955,0.9071,2792402.0,FETUSDT
2021-11-11 20:00:00,0.9065,0.931,0.8958,0.8994,3038501.0,FETUSDT
2021-11-12 00:00:00,0.8993,0.9147,0.88,0.9141,3040541.0,FETUSDT
2021-11-12 04:00:00,0.913,0.9264,0.9,0.9064,2596001.0,FETUSDT
2021-11-12 08:00:00,0.9069,0.9202,0.8693,0.8764,5117733.0,FETUSDT
2021-11-12 12:00:00,0.878,0.8929,0.852,0.8666,3294070.0,FETUSDT
2021-11-12 16:00:00,0.8659,0.9097,0.8464,0.8846,4616105.0,FETUSDT
2021-11-12 20:00:00,0.8837,0.899,0.8792,0.8804,1300083.0,FETUSDT
2021-11-13 00:00:00,0.8802,0.8897,0.8651,0.8661,963087.0,FETUSDT
2021-11-13 04:00:00,0.8665,0.885,0.8603,0.8816,1350430.0,FETUSDT
2021-11-13 08:00:00,0.8816,0.8835,0.8637,0.864,1496425.0,FETUSDT
2021-11-13 12:00:00,0.864,0.875,0.8434,0.8704,16406679.0,FETUSDT
2021-11-13 16:00:00,0.8704,0.8819,0.8694,0.8757,15501032.0,FETUSDT
2021-11-13 20:00:00,0.8757,0.8875,0.8575,0.8587,19399889.0,FETUSDT
2021-11-14 00:00:00,0.8587,0.876,0.8584,0.8628,22837935.0,FETUSDT
2021-11-14 04:00:00,0.8628,0.8679,0.8529,0.8539,23834209.0,FETUSDT
2021-11-14 08:00:00,0.8539,0.8617,0.8499,0.861,20102602.0,FETUSDT
2021-11-14 12:00:00,0.861,0.878,0.852,0.8533,17206218.0,FETUSDT
2021-11-14 16:00:00,0.8533,0.88,0.8315,0.8561,18649361.0,FETUSDT
2021-11-14 20:00:00,0.8561,0.8599,0.8442,0.8585,18066849.0,FETUSDT
2021-11-15 00:00:00,0.8588,0.869,0.8514,0.8515,19159743.0,FETUSDT
2021-11-15 04:00:00,0.8516,0.8592,0.8474,0.8518,17120119.0,FETUSDT
2021-11-15 08:00:00,0.8519,0.8749,0.8492,0.8693,19768337.0,FETUSDT
2021-11-15 12:00:00,0.8694,0.8698,0.8456,0.8501,15274262.0,FETUSDT
2021-11-15 16:00:00,0.8503,0.853,0.8391,0.8483,10019314.0,FETUSDT
2021-11-15 20:00:00,0.8483,0.8859,0.8376,0.8818,17730829.0,FETUSDT
2021-11-16 00:00:00,0.8818,0.8838,0.7863,0.7956,15353715.0,FETUSDT
2021-11-16 04:00:00,0.7956,0.8088,0.7868,0.7969,13572935.0,FETUSDT
2021-11-16 08:00:00,0.7969,0.799,0.7263,0.7802,15344834.0,FETUSDT
2021-11-16 12:00:00,0.7803,0.7915,0.7574,0.7797,18853987.0,FETUSDT
2021-11-16 16:00:00,0.7791,0.7827,0.7512,0.7627,4114972.0,FETUSDT
2021-11-16 20:00:00,0.7625,0.7779,0.7327,0.7591,2646981.0,FETUSDT
2021-11-17 00:00:00,0.7591,0.7662,0.7271,0.7366,2925348.0,FETUSDT
2021-11-17 04:00:00,0.7369,0.7688,0.7291,0.7597,1553841.0,FETUSDT
2021-11-17 08:00:00,0.7581,0.7779,0.7405,0.7767,3545277.0,FETUSDT
2021-11-17 12:00:00,0.7764,0.7787,0.7433,0.7501,2355159.0,FETUSDT
2021-11-17 16:00:00,0.75,0.773,0.7452,0.7723,2838914.0,FETUSDT
2021-11-17 20:00:00,0.7723,0.8082,0.7714,0.7811,5496667.0,FETUSDT
2021-11-18 00:00:00,0.7806,0.787,0.7688,0.78,1195251.0,FETUSDT
2021-11-18 04:00:00,0.78,0.7849,0.7592,0.7655,1841680.0,FETUSDT
2021-11-18 08:00:00,0.7664,0.7787,0.7469,0.7477,2749501.0,FETUSDT
2021-11-18 12:00:00,0.7473,0.7544,0.6815,0.6983,10703813.0,FETUSDT
2021-11-18 16:00:00,0.698,0.7152,0.6624,0.7088,8697557.0,FETUSDT
2021-11-18 20:00:00,0.7088,0.715,0.6756,0.6826,5076197.0,FETUSDT
2021-11-19 00:00:00,0.6818,0.7031,0.6673,0.673,2998892.0,FETUSDT
2021-11-19 04:00:00,0.6735,0.7388,0.6735,0.7238,4567186.0,FETUSDT
2021-11-19 08:00:00,0.7228,0.755,0.7228,0.7534,3428909.0,FETUSDT
2021-11-19 12:00:00,0.7535,0.7686,0.7352,0.7616,4437134.0,FETUSDT
2021-11-19 16:00:00,0.7615,0.7896,0.7525,0.7573,4045766.0,FETUSDT
2021-11-19 20:00:00,0.757,0.7586,0.7186,0.7207,5605006.0,FETUSDT
2021-11-20 00:00:00,0.7207,0.7364,0.718,0.7314,1975855.0,FETUSDT
2021-11-20 04:00:00,0.7314,0.7462,0.7259,0.738,2739494.0,FETUSDT
2021-11-20 08:00:00,0.7374,0.7592,0.7285,0.7483,5114217.0,FETUSDT
2021-11-20 12:00:00,0.7483,0.805,0.7457,0.7579,12922252.0,FETUSDT
2021-11-20 16:00:00,0.7579,0.805,0.7518,0.8049,6156658.0,FETUSDT
2021-11-20 20:00:00,0.8049,0.8499,0.798,0.833,7489889.0,FETUSDT
2021-11-21 00:00:00,0.833,0.8426,0.8018,0.806,2395595.0,FETUSDT
2021-11-21 04:00:00,0.806,0.8279,0.804,0.8043,3435285.0,FETUSDT
2021-11-21 08:00:00,0.8043,0.8284,0.7887,0.8115,5063693.0,FETUSDT
2021-11-21 12:00:00,0.8115,0.8339,0.798,0.82,3874426.0,FETUSDT
2021-11-21 16:00:00,0.8193,0.8562,0.8129,0.83,5799281.0,FETUSDT
2021-11-21 20:00:00,0.8302,0.91,0.8247,0.9014,9740874.0,FETUSDT
2021-11-22 00:00:00,0.9021,0.9173,0.834,0.8619,13276704.0,FETUSDT
2021-11-22 04:00:00,0.8619,0.8626,0.8199,0.8273,6878990.0,FETUSDT
2021-11-22 08:00:00,0.8256,0.9734,0.825,0.9509,24883962.0,FETUSDT
2021-11-22 12:00:00,0.951,0.99,0.8584,0.8727,25211031.0,FETUSDT
2021-11-22 16:00:00,0.8726,0.878,0.8219,0.8237,8027460.0,FETUSDT
2021-11-22 20:00:00,0.8237,0.8473,0.812,0.8449,6279050.0,FETUSDT
2021-11-23 00:00:00,0.8437,0.8565,0.8149,0.8393,3716001.0,FETUSDT
2021-11-23 04:00:00,0.8392,0.8463,0.8125,0.8128,4141506.0,FETUSDT
2021-11-23 08:00:00,0.8137,0.8453,0.8098,0.8332,3882442.0,FETUSDT
2021-11-23 12:00:00,0.8342,0.8399,0.8163,0.8299,3649577.0,FETUSDT
2021-11-23 16:00:00,0.83,0.8364,0.815,0.827,2934669.0,FETUSDT
2021-11-23 20:00:00,0.8265,0.8387,0.8189,0.8211,3719953.0,FETUSDT
2021-11-24 00:00:00,0.8211,0.835,0.8107,0.8115,1644792.0,FETUSDT
2021-11-24 04:00:00,0.8112,0.8169,0.7976,0.8084,3256583.0,FETUSDT
2021-11-24 08:00:00,0.8095,0.8644,0.8063,0.8177,5203120.0,FETUSDT
2021-11-24 12:00:00,0.8176,0.8292,0.784,0.805,4854362.0,FETUSDT
2021-11-24 16:00:00,0.8044,0.8066,0.78,0.7965,3481289.0,FETUSDT
2021-11-24 20:00:00,0.7958,0.8047,0.7872,0.7919,2629934.0,FETUSDT
2021-11-25 00:00:00,0.7912,0.8092,0.7849,0.8068,2655618.0,FETUSDT
2021-11-25 04:00:00,0.8059,0.8095,0.7852,0.793,2294079.0,FETUSDT
2021-11-25 08:00:00,0.793,0.8274,0.79,0.8108,3693569.0,FETUSDT
2021-11-25 12:00:00,0.8108,0.8122,0.7727,0.7941,7419880.0,FETUSDT
2021-11-25 16:00:00,0.7945,0.8027,0.7888,0.7967,3530894.0,FETUSDT
2021-11-25 20:00:00,0.7977,0.8275,0.7855,0.8262,2977565.0,FETUSDT
2021-11-26 00:00:00,0.8269,0.836,0.79,0.7944,2875461.0,FETUSDT
2021-11-26 04:00:00,0.7944,0.801,0.7764,0.7837,1814368.0,FETUSDT
2021-11-26 08:00:00,0.7839,0.7839,0.707,0.7086,11189981.0,FETUSDT
2021-11-26 12:00:00,0.7091,0.765,0.7084,0.7431,3912716.0,FETUSDT
2021-11-26 16:00:00,0.7434,0.7487,0.7202,0.743,2998136.0,FETUSDT
2021-11-26 20:00:00,0.7418,0.756,0.7234,0.7307,2463983.0,FETUSDT
2021-11-27 00:00:00,0.731,0.7803,0.7238,0.7784,2506740.0,FETUSDT
2021-11-27 04:00:00,0.7789,0.7904,0.7573,0.7794,2901434.0,FETUSDT
2021-11-27 08:00:00,0.7786,0.8156,0.7757,0.7961,6185735.0,FETUSDT
2021-11-27 12:00:00,0.7968,0.815,0.7821,0.7821,2604651.0,FETUSDT
2021-11-27 16:00:00,0.7829,0.7989,0.7728,0.7739,1459017.0,FETUSDT
2021-11-27 20:00:00,0.7739,0.7789,0.7413,0.7531,3364272.0,FETUSDT
2021-11-28 00:00:00,0.7524,0.7554,0.7219,0.7304,2485769.0,FETUSDT
2021-11-28 04:00:00,0.7312,0.7453,0.7282,0.7396,1463005.0,FETUSDT
2021-11-28 08:00:00,0.7389,0.7411,0.7187,0.7217,3337972.0,FETUSDT
2021-11-28 12:00:00,0.7222,0.7288,0.7088,0.7211,3496659.0,FETUSDT
2021-11-28 16:00:00,0.7211,0.7353,0.6943,0.7235,4076485.0,FETUSDT
2021-11-28 20:00:00,0.7229,0.7669,0.7228,0.7613,2933513.0,FETUSDT
2021-11-29 00:00:00,0.7613,0.7664,0.7423,0.7504,1447446.0,FETUSDT
2021-11-29 04:00:00,0.7504,0.7601,0.7498,0.7514,931524.0,FETUSDT
2021-11-29 08:00:00,0.7519,0.7534,0.7293,0.7389,2364901.0,FETUSDT
2021-11-29 12:00:00,0.7384,0.746,0.7315,0.7394,1614479.0,FETUSDT
2021-11-29 16:00:00,0.7394,0.761,0.7393,0.749,2141905.0,FETUSDT
2021-11-29 20:00:00,0.7483,0.7692,0.7431,0.7488,2073150.0,FETUSDT
2021-11-30 00:00:00,0.7485,0.7596,0.7331,0.7431,1575047.0,FETUSDT
2021-11-30 04:00:00,0.7422,0.7445,0.723,0.7312,1248925.0,FETUSDT
2021-11-30 08:00:00,0.7325,0.7539,0.7275,0.7492,4676549.0,FETUSDT
2021-11-30 12:00:00,0.7491,0.7627,0.7349,0.7381,14318160.0,FETUSDT
2021-11-30 16:00:00,0.7381,0.7569,0.7251,0.7425,17289322.0,FETUSDT
2021-11-30 20:00:00,0.7423,0.7465,0.7284,0.7291,7526806.0,FETUSDT
2021-12-01 00:00:00,0.7293,0.75,0.7271,0.7425,10167814.0,FETUSDT
2021-12-01 04:00:00,0.7426,0.772,0.7391,0.7658,12653170.0,FETUSDT
2021-12-01 08:00:00,0.7664,0.7748,0.7423,0.7507,5664242.0,FETUSDT
2021-12-01 12:00:00,0.7508,0.7974,0.7435,0.7908,8295479.0,FETUSDT
2021-12-01 16:00:00,0.7904,0.7967,0.7581,0.7614,5075055.0,FETUSDT
2021-12-01 20:00:00,0.7614,0.763,0.743,0.7565,3419248.0,FETUSDT
2021-12-02 00:00:00,0.7561,0.7696,0.74,0.7472,2312345.0,FETUSDT
2021-12-02 04:00:00,0.7466,0.77,0.7457,0.7488,1707941.0,FETUSDT
2021-12-02 08:00:00,0.7488,0.7567,0.7334,0.7384,2355686.0,FETUSDT
2021-12-02 12:00:00,0.7383,0.758,0.7321,0.7522,2780351.0,FETUSDT
2021-12-02 16:00:00,0.7522,0.7565,0.7369,0.742,1689884.0,FETUSDT
2021-12-02 20:00:00,0.7428,0.7495,0.728,0.7367,3027138.0,FETUSDT
2021-12-03 00:00:00,0.7362,0.7429,0.7307,0.7312,1123902.0,FETUSDT
2021-12-03 04:00:00,0.7312,0.7582,0.7293,0.7525,1762489.0,FETUSDT
2021-12-03 08:00:00,0.7524,0.766,0.7439,0.757,9876183.0,FETUSDT
2021-12-03 12:00:00,0.7571,0.7833,0.7469,0.753,7222198.0,FETUSDT
2021-12-03 16:00:00,0.7529,0.764,0.7203,0.7389,8666704.0,FETUSDT
2021-12-03 20:00:00,0.7389,0.8234,0.7224,0.76,19828704.0,FETUSDT
2021-12-04 00:00:00,0.759,0.7638,0.721,0.7225,10633157.0,FETUSDT
2021-12-04 04:00:00,0.7233,0.7269,0.5978,0.643,18632440.0,FETUSDT
2021-12-04 08:00:00,0.6425,0.6711,0.6018,0.6154,6115582.0,FETUSDT
2021-12-04 12:00:00,0.6154,0.6928,0.6154,0.6711,9246752.0,FETUSDT
2021-12-04 16:00:00,0.6699,0.6994,0.6573,0.6904,11932264.0,FETUSDT
2021-12-04 20:00:00,0.6902,0.6952,0.6658,0.6781,7142253.0,FETUSDT
2021-12-05 00:00:00,0.6775,0.692,0.6437,0.6551,12488835.0,FETUSDT
2021-12-05 04:00:00,0.6546,0.6824,0.6485,0.677,13281233.0,FETUSDT
2021-12-05 08:00:00,0.677,0.6863,0.6443,0.6478,12150392.0,FETUSDT
2021-12-05 12:00:00,0.6486,0.6585,0.6004,0.6064,6493364.0,FETUSDT
2021-12-05 16:00:00,0.6069,0.6274,0.599,0.6121,4437633.0,FETUSDT
2021-12-05 20:00:00,0.6124,0.6165,0.5921,0.6043,2679247.0,FETUSDT
2021-12-06 00:00:00,0.6048,0.609,0.5814,0.5955,4166657.0,FETUSDT
2021-12-06 04:00:00,0.5958,0.6011,0.5417,0.5557,6204261.0,FETUSDT
2021-12-06 08:00:00,0.5553,0.5731,0.5158,0.5492,11226872.0,FETUSDT
2021-12-06 12:00:00,0.5491,0.5657,0.5335,0.5657,6114614.0,FETUSDT
2021-12-06 16:00:00,0.5654,0.592,0.562,0.5831,5328644.0,FETUSDT
2021-12-06 20:00:00,0.5838,0.623,0.5675,0.6039,4161536.0,FETUSDT
2021-12-07 00:00:00,0.6036,0.6247,0.6028,0.6172,1313849.0,FETUSDT
2021-12-07 04:00:00,0.6172,0.6251,0.6085,0.6143,2006754.0,FETUSDT
2021-12-07 08:00:00,0.6143,0.6318,0.6118,0.6308,4552209.0,FETUSDT
2021-12-07 12:00:00,0.631,0.631,0.5906,0.6102,9238512.0,FETUSDT
2021-12-07 16:00:00,0.6102,0.6197,0.5975,0.6041,4225032.0,FETUSDT
2021-12-07 20:00:00,0.6041,0.6044,0.57,0.5792,2948249.0,FETUSDT
2021-12-08 00:00:00,0.5786,0.5952,0.5627,0.5667,1941876.0,FETUSDT
2021-12-08 04:00:00,0.5668,0.5871,0.5668,0.5855,1242837.0,FETUSDT
2021-12-08 08:00:00,0.5852,0.5881,0.5506,0.5621,2704406.0,FETUSDT
2021-12-08 12:00:00,0.5624,0.6106,0.5576,0.6048,5115657.0,FETUSDT
2021-12-08 16:00:00,0.6048,0.6071,0.5812,0.5967,8309211.0,FETUSDT
2021-12-08 20:00:00,0.5966,0.6161,0.5903,0.6144,6060702.0,FETUSDT
2021-12-09 00:00:00,0.6147,0.6168,0.5902,0.5903,4560323.0,FETUSDT
2021-12-09 04:00:00,0.5902,0.6097,0.5883,0.6086,3076300.0,FETUSDT
2021-12-09 08:00:00,0.6079,0.6103,0.5824,0.5882,4757229.0,FETUSDT
2021-12-09 12:00:00,0.5886,0.5888,0.5571,0.5642,2955823.0,FETUSDT
2021-12-09 16:00:00,0.5652,0.5695,0.5382,0.5428,2329254.0,FETUSDT
2021-12-09 20:00:00,0.5427,0.5527,0.5324,0.5328,1749536.0,FETUSDT
2021-12-10 00:00:00,0.5329,0.5531,0.5328,0.5437,1688168.0,FETUSDT
2021-12-10 04:00:00,0.5432,0.5442,0.5249,0.528,1033836.0,FETUSDT
2021-12-10 08:00:00,0.528,0.5594,0.5255,0.5577,1285188.0,FETUSDT
2021-12-10 12:00:00,0.5584,0.5766,0.538,0.5478,1917738.0,FETUSDT
2021-12-10 16:00:00,0.5474,0.5488,0.5247,0.5329,2073439.0,FETUSDT
2021-12-10 20:00:00,0.5328,0.5425,0.5062,0.5095,2452136.0,FETUSDT
2021-12-11 00:00:00,0.5096,0.5186,0.4974,0.5125,4118437.5,FETUSDT
2021-12-11 04:00:00,0.5125,0.5264,0.5045,0.5165,3165411.0,FETUSDT
2021-12-11 08:00:00,0.5165,0.5286,0.5113,0.5197,2194886.0,FETUSDT
2021-12-11 12:00:00,0.5203,0.5282,0.5163,0.5282,965734.0,FETUSDT
2021-12-11 16:00:00,0.5282,0.5376,0.5259,0.5277,1176852.0,FETUSDT
2021-12-11 20:00:00,0.5271,0.5388,0.5206,0.5314,1907468.0,FETUSDT
2021-12-12 00:00:00,0.5323,0.5379,0.5205,0.5226,748566.0,FETUSDT
2021-12-12 04:00:00,0.5224,0.5383,0.5199,0.5367,2420905.0,FETUSDT
2021-12-12 08:00:00,0.5367,0.5396,0.5191,0.5238,2381194.0,FETUSDT
2021-12-12 12:00:00,0.5241,0.547,0.5241,0.5315,3311811.0,FETUSDT
2021-12-12 16:00:00,0.5324,0.5486,0.5266,0.5429,2528906.0,FETUSDT
2021-12-12 20:00:00,0.5429,0.5539,0.5406,0.549,2992718.0,FETUSDT
2021-12-13 00:00:00,0.5494,0.5538,0.5256,0.5315,1981617.0,FETUSDT
2021-12-13 04:00:00,0.5301,0.5342,0.5145,0.519,1170834.0,FETUSDT
2021-12-13 08:00:00,0.5186,0.5228,0.5096,0.5174,1809354.0,FETUSDT
2021-12-13 12:00:00,0.5174,0.5243,0.4819,0.4871,3912607.0,FETUSDT
2021-12-13 16:00:00,0.4869,0.5013,0.4626,0.4751,3913300.8,FETUSDT
2021-12-13 20:00:00,0.4764,0.4939,0.4682,0.4786,2579474.0,FETUSDT
2021-12-14 00:00:00,0.4782,0.4937,0.474,0.4881,1889937.0,FETUSDT
2021-12-14 04:00:00,0.4875,0.5051,0.4821,0.4932,1296317.0,FETUSDT
2021-12-14 08:00:00,0.4934,0.4948,0.4794,0.4861,1629786.0,FETUSDT
2021-12-14 12:00:00,0.4861,0.4968,0.4803,0.4816,1281461.0,FETUSDT
2021-12-14 16:00:00,0.482,0.4857,0.465,0.4733,1912027.0,FETUSDT
2021-12-14 20:00:00,0.4729,0.494,0.4727,0.4863,1863819.0,FETUSDT
2021-12-15 00:00:00,0.4862,0.4934,0.4828,0.493,572651.0,FETUSDT
2021-12-15 04:00:00,0.4928,0.4965,0.4853,0.4908,855296.0,FETUSDT
2021-12-15 08:00:00,0.4909,0.4977,0.4885,0.4896,991830.0,FETUSDT
2021-12-15 12:00:00,0.4893,0.4909,0.4506,0.4515,5210579.0,FETUSDT
2021-12-15 16:00:00,0.4514,0.5101,0.4501,0.4915,5391335.0,FETUSDT
2021-12-15 20:00:00,0.4921,0.5051,0.49,0.5035,2929987.0,FETUSDT
2021-12-16 00:00:00,0.5037,0.5081,0.4993,0.5006,1090809.0,FETUSDT
2021-12-16 04:00:00,0.5008,0.5058,0.4923,0.502,1280703.0,FETUSDT
2021-12-16 08:00:00,0.502,0.5177,0.5001,0.5168,1709378.0,FETUSDT
2021-12-16 12:00:00,0.5158,0.538,0.5048,0.5286,3713051.0,FETUSDT
2021-12-16 16:00:00,0.5283,0.5315,0.499,0.5003,2711566.0,FETUSDT
2021-12-16 20:00:00,0.5,0.5155,0.4951,0.4995,1945485.0,FETUSDT
2021-12-17 00:00:00,0.4993,0.5032,0.4963,0.5024,610207.0,FETUSDT
2021-12-17 04:00:00,0.502,0.5065,0.4826,0.4862,1438477.0,FETUSDT
2021-12-17 08:00:00,0.4862,0.4925,0.4768,0.4785,1811333.0,FETUSDT
2021-12-17 12:00:00,0.4786,0.4879,0.4588,0.4785,3145249.0,FETUSDT
2021-12-17 16:00:00,0.4794,0.4863,0.475,0.4786,1494615.0,FETUSDT
2021-12-17 20:00:00,0.4782,0.4811,0.4649,0.4714,1243234.0,FETUSDT
2021-12-18 00:00:00,0.4723,0.4793,0.46,0.4736,1132818.0,FETUSDT
2021-12-18 04:00:00,0.4736,0.4825,0.4692,0.4787,470727.0,FETUSDT
2021-12-18 08:00:00,0.4789,0.4924,0.4764,0.488,982030.0,FETUSDT
2021-12-18 12:00:00,0.488,0.4899,0.4801,0.4815,1085324.0,FETUSDT
2021-12-18 16:00:00,0.4819,0.4828,0.4728,0.4791,938015.0,FETUSDT
2021-12-18 20:00:00,0.4791,0.481,0.4765,0.477,501117.0,FETUSDT
2021-12-19 00:00:00,0.4768,0.484,0.4707,0.4814,568498.0,FETUSDT
2021-12-19 04:00:00,0.4814,0.4866,0.4783,0.48,716972.0,FETUSDT
2021-12-19 08:00:00,0.4797,0.4817,0.4687,0.4717,1081160.0,FETUSDT
2021-12-19 12:00:00,0.4721,0.485,0.4702,0.4741,912637.0,FETUSDT
2021-12-19 16:00:00,0.4742,0.477,0.4621,0.4657,1371477.0,FETUSDT
2021-12-19 20:00:00,0.4654,0.4725,0.4595,0.4648,1521574.0,FETUSDT
2021-12-20 00:00:00,0.4642,0.465,0.4539,0.4595,1248276.0,FETUSDT
2021-12-20 04:00:00,0.4595,0.463,0.4416,0.451,1674363.5,FETUSDT
2021-12-20 08:00:00,0.451,0.4524,0.4345,0.4404,1928617.8,FETUSDT
2021-12-20 12:00:00,0.4399,0.4433,0.431,0.4372,1586691.0,FETUSDT
2021-12-20 16:00:00,0.4378,0.4506,0.436,0.448,3692897.0,FETUSDT
2021-12-20 20:00:00,0.4477,0.4732,0.4473,0.4722,4131164.0,FETUSDT
2021-12-21 00:00:00,0.4722,0.5,0.472,0.4987,3100889.0,FETUSDT
2021-12-21 04:00:00,0.4992,0.5854,0.4971,0.5396,27493331.0,FETUSDT
2021-12-21 08:00:00,0.5409,0.5537,0.5198,0.5271,9037490.0,FETUSDT
2021-12-21 12:00:00,0.5273,0.5686,0.5182,0.5338,13614733.0,FETUSDT
2021-12-21 16:00:00,0.5339,0.595,0.532,0.5745,21697954.0,FETUSDT
2021-12-21 20:00:00,0.5741,0.5937,0.5621,0.5635,10649448.0,FETUSDT
2021-12-22 00:00:00,0.5626,0.5893,0.5493,0.5778,3936039.0,FETUSDT
2021-12-22 04:00:00,0.5776,0.5844,0.5604,0.5705,3364121.0,FETUSDT
2021-12-22 08:00:00,0.5702,0.5858,0.5702,0.5745,2408719.0,FETUSDT
2021-12-22 12:00:00,0.5744,0.5782,0.5439,0.5551,4045398.0,FETUSDT
2021-12-22 16:00:00,0.555,0.5604,0.5479,0.5549,2158249.0,FETUSDT
2021-12-22 20:00:00,0.5537,0.5673,0.5504,0.5547,1962002.0,FETUSDT
2021-12-23 00:00:00,0.5543,0.568,0.5475,0.5507,1708631.0,FETUSDT
2021-12-23 04:00:00,0.5501,0.5574,0.5388,0.54,1940497.0,FETUSDT
2021-12-23 08:00:00,0.5405,0.5629,0.5386,0.5603,2481530.0,FETUSDT
2021-12-23 12:00:00,0.5609,0.5729,0.5584,0.5668,1993868.0,FETUSDT
2021-12-23 16:00:00,0.5668,0.5883,0.556,0.585,3546180.0,FETUSDT
2021-12-23 20:00:00,0.585,0.59,0.5671,0.5735,2300316.0,FETUSDT
2021-12-24 00:00:00,0.5736,0.5889,0.5697,0.5786,1538661.0,FETUSDT
2021-12-24 04:00:00,0.5779,0.5866,0.5767,0.584,901966.0,FETUSDT
2021-12-24 08:00:00,0.5836,0.6175,0.5818,0.5919,6789555.0,FETUSDT
2021-12-24 12:00:00,0.5919,0.5982,0.571,0.588,2703197.0,FETUSDT
2021-12-24 16:00:00,0.588,0.5921,0.5771,0.5804,2247575.0,FETUSDT
2021-12-24 20:00:00,0.5805,0.5907,0.572,0.5734,1379004.0,FETUSDT
2021-12-25 00:00:00,0.5727,0.585,0.571,0.5754,3948105.0,FETUSDT
2021-12-25 04:00:00,0.5747,0.5853,0.5722,0.5825,6449266.0,FETUSDT
2021-12-25 08:00:00,0.5825,0.588,0.5563,0.5577,7374646.0,FETUSDT
2021-12-25 12:00:00,0.5583,0.5649,0.5555,0.5608,2215475.0,FETUSDT
2021-12-25 16:00:00,0.5608,0.5725,0.5519,0.5666,6659326.0,FETUSDT
2021-12-25 20:00:00,0.5666,0.574,0.5658,0.5681,4603826.0,FETUSDT
2021-12-26 00:00:00,0.5682,0.5684,0.5466,0.5477,8333930.0,FETUSDT
2021-12-26 04:00:00,0.5477,0.5527,0.5453,0.5509,3476291.0,FETUSDT
2021-12-26 08:00:00,0.5508,0.5706,0.5493,0.561,4845035.0,FETUSDT
2021-12-26 12:00:00,0.5603,0.5667,0.5529,0.5632,7179670.0,FETUSDT
2021-12-26 16:00:00,0.5628,0.5694,0.5611,0.5637,5103721.0,FETUSDT
2021-12-26 20:00:00,0.5637,0.564,0.5542,0.5588,6407897.0,FETUSDT
2021-12-27 00:00:00,0.5588,0.5709,0.5536,0.5694,5381674.0,FETUSDT
2021-12-27 04:00:00,0.5694,0.5799,0.5662,0.5754,5312671.0,FETUSDT
2021-12-27 08:00:00,0.5752,0.5823,0.5632,0.5818,4029673.0,FETUSDT
2021-12-27 12:00:00,0.5822,0.5963,0.58,0.5888,4504475.0,FETUSDT
2021-12-27 16:00:00,0.5894,0.597,0.5794,0.582,2273581.0,FETUSDT
2021-12-27 20:00:00,0.582,0.5889,0.5671,0.5678,2401061.0,FETUSDT
2021-12-28 00:00:00,0.568,0.5783,0.5493,0.5659,4979316.0,FETUSDT
2021-12-28 04:00:00,0.5657,0.5671,0.5475,0.5548,2039289.0,FETUSDT
2021-12-28 08:00:00,0.5551,0.5622,0.5439,0.558,1622234.0,FETUSDT
2021-12-28 12:00:00,0.5575,0.5619,0.5459,0.5511,1365967.0,FETUSDT
2021-12-28 16:00:00,0.5506,0.551,0.5153,0.5215,3060117.0,FETUSDT
2021-12-28 20:00:00,0.521,0.531,0.5135,0.52,1635157.0,FETUSDT
2021-12-29 00:00:00,0.5192,0.5316,0.5156,0.529,716030.0,FETUSDT
2021-12-29 04:00:00,0.5293,0.5307,0.5109,0.5126,990003.0,FETUSDT
2021-12-29 08:00:00,0.5121,0.5212,0.5068,0.5141,1206221.0,FETUSDT
2021-12-29 12:00:00,0.5142,0.5199,0.4982,0.5166,2100216.0,FETUSDT
2021-12-29 16:00:00,0.517,0.5226,0.511,0.5126,1338154.0,FETUSDT
2021-12-29 20:00:00,0.5126,0.5156,0.4955,0.5004,1344066.0,FETUSDT
2021-12-30 00:00:00,0.5007,0.5069,0.4918,0.4938,1236330.0,FETUSDT
2021-12-30 04:00:00,0.4939,0.5151,0.4938,0.5133,764633.0,FETUSDT
2021-12-30 08:00:00,0.5137,0.5146,0.4982,0.509,1082915.0,FETUSDT
2021-12-30 12:00:00,0.5083,0.5173,0.503,0.5077,1532978.0,FETUSDT
2021-12-30 16:00:00,0.5077,0.5123,0.5055,0.5071,676098.0,FETUSDT
2021-12-30 20:00:00,0.5071,0.5111,0.4882,0.495,1599428.0,FETUSDT
2021-12-31 00:00:00,0.495,0.4983,0.4857,0.4967,4222906.0,FETUSDT
2021-12-31 04:00:00,0.4967,0.5082,0.4938,0.5068,6856893.0,FETUSDT
2021-12-31 08:00:00,0.5065,0.5289,0.5053,0.5182,5078908.0,FETUSDT
2021-12-31 12:00:00,0.5182,0.5399,0.5154,0.5339,8383968.0,FETUSDT
2021-12-31 16:00:00,0.5339,0.5365,0.4991,0.5012,5253309.0,FETUSDT
2021-12-31 20:00:00,0.5011,0.5193,0.5004,0.5025,5254799.0,FETUSDT
2022-01-01 00:00:00,0.5022,0.5134,0.5009,0.5049,5122999.0,FETUSDT
2022-01-01 04:00:00,0.5046,0.5142,0.5008,0.5096,6235581.0,FETUSDT
2022-01-01 08:00:00,0.5096,0.5096,0.501,0.5019,3315816.0,FETUSDT
2022-01-01 12:00:00,0.502,0.5198,0.502,0.5128,3788701.0,FETUSDT
2022-01-01 16:00:00,0.5135,0.5273,0.5129,0.5198,2961922.0,FETUSDT
2022-01-01 20:00:00,0.5198,0.5264,0.5159,0.5231,2971130.0,FETUSDT
2022-01-02 00:00:00,0.5231,0.5331,0.52,0.5251,3113279.0,FETUSDT
2022-01-02 04:00:00,0.5251,0.5287,0.5187,0.5229,4366960.0,FETUSDT
2022-01-02 08:00:00,0.5229,0.535,0.5203,0.5288,1307329.0,FETUSDT
2022-01-02 12:00:00,0.5287,0.559,0.5259,0.5422,4430914.0,FETUSDT
2022-01-02 16:00:00,0.5427,0.5562,0.5316,0.5521,2930498.0,FETUSDT
2022-01-02 20:00:00,0.5521,0.5698,0.5478,0.5661,2897442.0,FETUSDT
2022-01-03 00:00:00,0.5661,0.5698,0.5459,0.5494,1916573.0,FETUSDT
2022-01-03 04:00:00,0.5493,0.5614,0.5483,0.5539,990684.0,FETUSDT
2022-01-03 08:00:00,0.5539,0.5548,0.541,0.5472,4479186.0,FETUSDT
2022-01-03 12:00:00,0.5472,0.5508,0.5344,0.5351,4008290.0,FETUSDT
2022-01-03 16:00:00,0.535,0.5428,0.5232,0.537,2081601.0,FETUSDT
2022-01-03 20:00:00,0.537,0.5403,0.524,0.5355,2225003.0,FETUSDT
2022-01-04 00:00:00,0.5349,0.5385,0.5206,0.5233,1045468.0,FETUSDT
2022-01-04 04:00:00,0.5231,0.5357,0.5217,0.5352,1093779.0,FETUSDT
2022-01-04 08:00:00,0.5349,0.5521,0.5326,0.5517,3237282.0,FETUSDT
2022-01-04 12:00:00,0.5518,0.5659,0.5443,0.5514,5071391.0,FETUSDT
2022-01-04 16:00:00,0.5516,0.5596,0.5316,0.5415,4287703.0,FETUSDT
2022-01-04 20:00:00,0.5415,0.5535,0.5389,0.5413,4040389.0,FETUSDT
2022-01-05 00:00:00,0.5413,0.5797,0.5398,0.5737,5907316.0,FETUSDT
2022-01-05 04:00:00,0.5737,0.58,0.565,0.5705,5415768.0,FETUSDT
2022-01-05 08:00:00,0.5705,0.5946,0.566,0.5825,6205163.0,FETUSDT
2022-01-05 12:00:00,0.5826,0.622,0.5769,0.6192,11460463.0,FETUSDT
2022-01-05 16:00:00,0.6192,0.65,0.5792,0.5872,29225321.0,FETUSDT
2022-01-05 20:00:00,0.5872,0.6066,0.5215,0.569,22085492.0,FETUSDT
2022-01-06 00:00:00,0.569,0.63,0.5469,0.5469,16987924.0,FETUSDT
2022-01-06 04:00:00,0.5478,0.625,0.5422,0.6,13996591.0,FETUSDT
2022-01-06 08:00:00,0.5995,0.6,0.5521,0.5561,7822282.0,FETUSDT
2022-01-06 12:00:00,0.5559,0.5647,0.5319,0.5398,7999684.0,FETUSDT
2022-01-06 16:00:00,0.5397,0.5552,0.5328,0.549,4488537.0,FETUSDT
2022-01-06 20:00:00,0.5489,0.5508,0.5407,0.545,2503210.0,FETUSDT
2022-01-07 00:00:00,0.5451,0.5471,0.507,0.5078,4939860.0,FETUSDT
2022-01-07 04:00:00,0.5079,0.5239,0.495,0.5118,5246321.0,FETUSDT
2022-01-07 08:00:00,0.5114,0.5315,0.5095,0.5207,3975451.0,FETUSDT
2022-01-07 12:00:00,0.5208,0.535,0.4979,0.5103,4832535.0,FETUSDT
2022-01-07 16:00:00,0.5103,0.5247,0.5,0.5076,2896181.0,FETUSDT
2022-01-07 20:00:00,0.5078,0.5108,0.4943,0.4951,2060794.0,FETUSDT
2022-01-08 00:00:00,0.4959,0.528,0.4932,0.5251,2183042.0,FETUSDT
2022-01-08 04:00:00,0.5254,0.5282,0.5102,0.5167,1295093.0,FETUSDT
2022-01-08 08:00:00,0.5157,0.5257,0.5035,0.5052,2723377.0,FETUSDT
2022-01-08 12:00:00,0.5053,0.5088,0.4811,0.4851,3223250.0,FETUSDT
2022-01-08 16:00:00,0.485,0.4887,0.4593,0.4621,5016271.0,FETUSDT
2022-01-08 20:00:00,0.4611,0.488,0.4549,0.4737,3560007.0,FETUSDT
2022-01-09 00:00:00,0.4737,0.4882,0.4691,0.4867,1613731.0,FETUSDT
2022-01-09 04:00:00,0.4861,0.4889,0.476,0.4765,987583.0,FETUSDT
2022-01-09 08:00:00,0.4761,0.4793,0.4656,0.4789,2321027.0,FETUSDT
2022-01-09 12:00:00,0.4785,0.4796,0.4497,0.4567,3465218.0,FETUSDT
2022-01-09 16:00:00,0.4568,0.4802,0.4563,0.4789,4255679.0,FETUSDT
2022-01-09 20:00:00,0.479,0.4813,0.4636,0.4648,2288621.0,FETUSDT
2022-01-10 00:00:00,0.4652,0.4698,0.4575,0.462,1491406.0,FETUSDT
2022-01-10 04:00:00,0.4616,0.4781,0.4608,0.4761,2215252.0,FETUSDT
2022-01-10 08:00:00,0.4761,0.4773,0.4538,0.4557,1690871.0,FETUSDT
2022-01-10 12:00:00,0.4558,0.4576,0.417,0.4374,6369369.9,FETUSDT
2022-01-10 16:00:00,0.4372,0.4532,0.4268,0.4357,3979039.0,FETUSDT
2022-01-10 20:00:00,0.4363,0.4539,0.4333,0.4508,2278331.0,FETUSDT
2022-01-11 00:00:00,0.4508,0.4647,0.441,0.4592,3030158.0,FETUSDT
2022-01-11 04:00:00,0.4597,0.4646,0.4514,0.4548,1162126.0,FETUSDT
2022-01-11 08:00:00,0.4552,0.462,0.4424,0.447,2054598.0,FETUSDT
2022-01-11 12:00:00,0.4467,0.451,0.4342,0.445,2677875.0,FETUSDT
2022-01-11 16:00:00,0.4452,0.4752,0.4447,0.4663,5507348.0,FETUSDT
2022-01-11 20:00:00,0.4664,0.4739,0.4617,0.4697,1385925.0,FETUSDT
2022-01-12 00:00:00,0.4695,0.4741,0.456,0.4587,1862800.0,FETUSDT
2022-01-12 04:00:00,0.4586,0.4712,0.4579,0.4674,1818378.0,FETUSDT
2022-01-12 08:00:00,0.4674,0.4951,0.4663,0.4869,3342875.0,FETUSDT
2022-01-12 12:00:00,0.4868,0.5063,0.484,0.4965,4237210.0,FETUSDT
2022-01-12 16:00:00,0.4965,0.518,0.4947,0.5168,3957893.0,FETUSDT
2022-01-12 20:00:00,0.5165,0.5185,0.5118,0.5124,2068930.0,FETUSDT
2022-01-13 00:00:00,0.5124,0.5165,0.5021,0.5059,1752392.0,FETUSDT
2022-01-13 04:00:00,0.5055,0.544,0.5049,0.526,4324701.0,FETUSDT
2022-01-13 08:00:00,0.5259,0.5316,0.5134,0.5137,2424593.0,FETUSDT
2022-01-13 12:00:00,0.514,0.5315,0.4913,0.5,5781085.0,FETUSDT
2022-01-13 16:00:00,0.4986,0.52,0.4855,0.4893,5434965.0,FETUSDT
2022-01-13 20:00:00,0.489,0.505,0.4825,0.4861,2462427.0,FETUSDT
2022-01-14 00:00:00,0.4859,0.4916,0.4804,0.4872,1335007.0,FETUSDT
2022-01-14 04:00:00,0.4872,0.5093,0.487,0.4898,3288976.0,FETUSDT
2022-01-14 08:00:00,0.4898,0.4909,0.4701,0.4777,2783929.0,FETUSDT
2022-01-14 12:00:00,0.4776,0.5045,0.4682,0.5008,3642476.0,FETUSDT
2022-01-14 16:00:00,0.501,0.5045,0.4901,0.4982,2322364.0,FETUSDT
2022-01-14 20:00:00,0.4986,0.5091,0.4922,0.5054,1819290.0,FETUSDT
2022-01-15 00:00:00,0.5054,0.5099,0.4928,0.4936,1277068.0,FETUSDT
2022-01-15 04:00:00,0.4934,0.496,0.484,0.4869,2746378.0,FETUSDT
2022-01-15 08:00:00,0.4868,0.4998,0.483,0.497,2795835.0,FETUSDT
2022-01-15 12:00:00,0.497,0.5053,0.4896,0.5028,2325703.0,FETUSDT
2022-01-15 16:00:00,0.5031,0.5088,0.4962,0.5036,2093407.0,FETUSDT
2022-01-15 20:00:00,0.5038,0.5065,0.4953,0.497,1105020.0,FETUSDT
2022-01-16 00:00:00,0.4966,0.4969,0.4853,0.4895,2221388.0,FETUSDT
2022-01-16 04:00:00,0.4896,0.504,0.4876,0.5014,1230318.0,FETUSDT
2022-01-16 08:00:00,0.5014,0.5084,0.4936,0.495,2943869.0,FETUSDT
2022-01-16 12:00:00,0.4952,0.5018,0.4886,0.4985,1543010.0,FETUSDT
2022-01-16 16:00:00,0.4989,0.5027,0.4841,0.4849,3233438.0,FETUSDT
2022-01-16 20:00:00,0.4843,0.4877,0.4787,0.4834,1780629.0,FETUSDT
2022-01-17 00:00:00,0.4834,0.484,0.469,0.4694,1740766.0,FETUSDT
2022-01-17 04:00:00,0.469,0.4807,0.464,0.474,2737853.0,FETUSDT
2022-01-17 08:00:00,0.4735,0.4776,0.465,0.4691,1526544.0,FETUSDT
2022-01-17 12:00:00,0.4692,0.4756,0.4619,0.4637,2062406.0,FETUSDT
2022-01-17 16:00:00,0.4634,0.4658,0.4494,0.4624,3350220.0,FETUSDT
2022-01-17 20:00:00,0.4618,0.4663,0.4516,0.4635,1338364.0,FETUSDT
2022-01-18 00:00:00,0.4631,0.4693,0.4587,0.4593,656783.0,FETUSDT
2022-01-18 04:00:00,0.4594,0.4627,0.4537,0.4557,1345775.0,FETUSDT
2022-01-18 08:00:00,0.4552,0.457,0.4414,0.4504,2194066.0,FETUSDT
2022-01-18 12:00:00,0.4504,0.462,0.4378,0.4507,3568090.0,FETUSDT
2022-01-18 16:00:00,0.4505,0.4713,0.4498,0.4596,3616274.0,FETUSDT
2022-01-18 20:00:00,0.4594,0.4758,0.4515,0.4722,2500620.0,FETUSDT
2022-01-19 00:00:00,0.4722,0.4755,0.4589,0.4639,1473988.0,FETUSDT
2022-01-19 04:00:00,0.4651,0.4659,0.4402,0.4464,2323579.0,FETUSDT
2022-01-19 08:00:00,0.4457,0.4572,0.441,0.4571,1214698.0,FETUSDT
2022-01-19 12:00:00,0.4571,0.4666,0.4548,0.459,2320432.0,FETUSDT
2022-01-19 16:00:00,0.459,0.4875,0.4533,0.4777,5593501.0,FETUSDT
2022-01-19 20:00:00,0.477,0.4865,0.4615,0.4634,3263560.0,FETUSDT
2022-01-20 00:00:00,0.4636,0.4856,0.462,0.484,2295983.0,FETUSDT
2022-01-20 04:00:00,0.4836,0.5,0.4789,0.4932,3018678.0,FETUSDT
2022-01-20 08:00:00,0.4936,0.4961,0.4789,0.4887,3238050.0,FETUSDT
2022-01-20 12:00:00,0.488,0.5117,0.4782,0.5102,4633012.0,FETUSDT
2022-01-20 16:00:00,0.5102,0.5427,0.5,0.5051,17454145.0,FETUSDT
2022-01-20 20:00:00,0.5048,0.5088,0.4537,0.4607,9005760.0,FETUSDT
2022-01-21 00:00:00,0.4603,0.4749,0.432,0.4336,6331235.0,FETUSDT
2022-01-21 04:00:00,0.4335,0.4395,0.4272,0.4364,4433315.0,FETUSDT
2022-01-21 08:00:00,0.4367,0.4451,0.43,0.4317,2354902.0,FETUSDT
2022-01-21 12:00:00,0.4315,0.4333,0.4065,0.4261,5724602.0,FETUSDT
2022-01-21 16:00:00,0.4259,0.4273,0.4057,0.4066,3047172.0,FETUSDT
2022-01-21 20:00:00,0.407,0.4107,0.3667,0.3771,10984461.1,FETUSDT
2022-01-22 00:00:00,0.3772,0.3914,0.3735,0.3789,5385364.0,FETUSDT
2022-01-22 04:00:00,0.3788,0.3807,0.3294,0.3349,5936942.1,FETUSDT
2022-01-22 08:00:00,0.3344,0.3516,0.3111,0.3458,7839224.0,FETUSDT
2022-01-22 12:00:00,0.3452,0.3664,0.3313,0.333,4979855.0,FETUSDT
2022-01-22 16:00:00,0.3321,0.3511,0.3232,0.3312,4364683.0,FETUSDT
2022-01-22 20:00:00,0.3317,0.3476,0.3282,0.3351,3312363.0,FETUSDT
2022-01-23 00:00:00,0.3357,0.3434,0.326,0.3381,2809509.0,FETUSDT
2022-01-23 04:00:00,0.3384,0.3597,0.3367,0.354,3221702.0,FETUSDT
2022-01-23 08:00:00,0.3538,0.3657,0.3523,0.3581,3309115.0,FETUSDT
2022-01-23 12:00:00,0.3581,0.3689,0.3457,0.3551,2710225.0,FETUSDT
2022-01-23 16:00:00,0.3542,0.3652,0.3366,0.3389,4398123.0,FETUSDT
2022-01-23 20:00:00,0.339,0.3558,0.3357,0.3554,2942607.0,FETUSDT
2022-01-24 00:00:00,0.3547,0.3547,0.3312,0.3349,2322841.0,FETUSDT
2022-01-24 04:00:00,0.3346,0.3368,0.3159,0.3166,2021452.0,FETUSDT
2022-01-24 08:00:00,0.3172,0.3223,0.2907,0.2966,9125983.3,FETUSDT
2022-01-24 12:00:00,0.2967,0.3068,0.2837,0.305,9674749.0,FETUSDT
2022-01-24 16:00:00,0.305,0.333,0.2987,0.3255,8958791.0,FETUSDT
2022-01-24 20:00:00,0.325,0.34,0.3211,0.3269,2373162.0,FETUSDT
2022-01-25 00:00:00,0.3268,0.3274,0.3135,0.3217,1819455.0,FETUSDT
2022-01-25 04:00:00,0.3217,0.3243,0.3129,0.3192,1956454.0,FETUSDT
2022-01-25 08:00:00,0.3187,0.3382,0.3185,0.3281,4299852.0,FETUSDT
2022-01-25 12:00:00,0.3285,0.3351,0.3176,0.3254,2198176.0,FETUSDT
2022-01-25 16:00:00,0.3258,0.3384,0.3245,0.3306,2826049.0,FETUSDT
2022-01-25 20:00:00,0.3298,0.3301,0.3187,0.3241,1867454.0,FETUSDT
2022-01-26 00:00:00,0.3243,0.3275,0.3175,0.3262,1210589.0,FETUSDT
2022-01-26 04:00:00,0.3262,0.338,0.326,0.3303,1632618.0,FETUSDT
2022-01-26 08:00:00,0.3304,0.34,0.3284,0.3388,1739445.0,FETUSDT
2022-01-26 12:00:00,0.338,0.3493,0.333,0.34,3178808.0,FETUSDT
2022-01-26 16:00:00,0.3398,0.3547,0.3267,0.3355,4651614.0,FETUSDT
2022-01-26 20:00:00,0.3358,0.336,0.3078,0.3163,4349266.0,FETUSDT
2022-01-27 00:00:00,0.3162,0.3222,0.301,0.304,1394849.0,FETUSDT
2022-01-27 04:00:00,0.3044,0.3122,0.302,0.3104,1413596.0,FETUSDT
2022-01-27 08:00:00,0.3104,0.318,0.3047,0.3176,2333646.0,FETUSDT
2022-01-27 12:00:00,0.3175,0.3276,0.3157,0.3177,1433942.0,FETUSDT
2022-01-27 16:00:00,0.3174,0.3192,0.3048,0.3066,1722740.0,FETUSDT
2022-01-27 20:00:00,0.3061,0.314,0.2977,0.3138,2032861.0,FETUSDT
2022-01-28 00:00:00,0.3131,0.3166,0.3007,0.312,1773447.0,FETUSDT
2022-01-28 04:00:00,0.3116,0.3159,0.307,0.3074,935717.0,FETUSDT
2022-01-28 08:00:00,0.3071,0.3112,0.3024,0.3039,1689849.0,FETUSDT
2022-01-28 12:00:00,0.3039,0.3105,0.2993,0.3083,1726447.0,FETUSDT
2022-01-28 16:00:00,0.3087,0.3163,0.3056,0.3101,1802695.0,FETUSDT
2022-01-28 20:00:00,0.3097,0.3206,0.3089,0.3154,1772936.0,FETUSDT
2022-01-29 00:00:00,0.3153,0.3274,0.3132,0.3246,1410517.0,FETUSDT
2022-01-29 04:00:00,0.3247,0.3269,0.3208,0.3246,1088234.0,FETUSDT
2022-01-29 08:00:00,0.3247,0.3269,0.3208,0.3221,1461001.0,FETUSDT
2022-01-29 12:00:00,0.3222,0.3311,0.3135,0.3159,2454123.0,FETUSDT
2022-01-29 16:00:00,0.3164,0.3245,0.3142,0.3162,2236023.0,FETUSDT
2022-01-29 20:00:00,0.3165,0.3199,0.3112,0.3159,4150565.0,FETUSDT
2022-01-30 00:00:00,0.3162,0.3218,0.3133,0.3204,1584029.0,FETUSDT
2022-01-30 04:00:00,0.3197,0.33,0.3196,0.3249,1741678.0,FETUSDT
2022-01-30 08:00:00,0.3253,0.3268,0.3201,0.325,1002312.0,FETUSDT
2022-01-30 12:00:00,0.3249,0.3255,0.312,0.3173,1686929.0,FETUSDT
2022-01-30 16:00:00,0.3172,0.3189,0.3016,0.3066,3692739.0,FETUSDT
2022-01-30 20:00:00,0.3067,0.3132,0.3041,0.3107,1713805.0,FETUSDT
2022-01-31 00:00:00,0.3104,0.3116,0.2924,0.299,2294502.0,FETUSDT
2022-01-31 04:00:00,0.2988,0.3036,0.2938,0.3027,1300323.0,FETUSDT
2022-01-31 08:00:00,0.3027,0.3068,0.3016,0.3052,560511.0,FETUSDT
2022-01-31 12:00:00,0.306,0.3156,0.2997,0.3121,1778561.0,FETUSDT
2022-01-31 16:00:00,0.3124,0.3221,0.3116,0.3202,2638381.0,FETUSDT
2022-01-31 20:00:00,0.3206,0.3325,0.3181,0.3206,3324692.0,FETUSDT
2022-02-01 00:00:00,0.3204,0.3281,0.3179,0.326,1259052.0,FETUSDT
2022-02-01 04:00:00,0.326,0.3263,0.3199,0.3219,650243.0,FETUSDT
2022-02-01 08:00:00,0.3221,0.3357,0.3182,0.3269,3541435.0,FETUSDT
2022-02-01 12:00:00,0.3259,0.3298,0.3191,0.3236,1706213.0,FETUSDT
2022-02-01 16:00:00,0.3237,0.3277,0.3194,0.3202,1998066.0,FETUSDT
2022-02-01 20:00:00,0.3205,0.3293,0.3196,0.3256,1128070.0,FETUSDT
2022-02-02 00:00:00,0.3258,0.3284,0.3209,0.3245,1276408.0,FETUSDT
2022-02-02 04:00:00,0.3245,0.3245,0.3163,0.3175,1344845.0,FETUSDT
2022-02-02 08:00:00,0.3181,0.3265,0.3172,0.3253,948888.0,FETUSDT
2022-02-02 12:00:00,0.3254,0.33,0.3076,0.3085,3748984.0,FETUSDT
2022-02-02 16:00:00,0.3082,0.3169,0.305,0.316,1760258.0,FETUSDT
2022-02-02 20:00:00,0.316,0.3169,0.3,0.3032,1899694.0,FETUSDT
2022-02-03 00:00:00,0.3032,0.309,0.3004,0.3076,1493481.0,FETUSDT
2022-02-03 04:00:00,0.3076,0.3116,0.3058,0.3112,514656.0,FETUSDT
2022-02-03 08:00:00,0.3109,0.312,0.2996,0.3082,1472917.0,FETUSDT
2022-02-03 12:00:00,0.3082,0.3082,0.3001,0.3072,2410246.0,FETUSDT
2022-02-03 16:00:00,0.3074,0.3094,0.2983,0.303,2255447.0,FETUSDT
2022-02-03 20:00:00,0.3029,0.3154,0.2984,0.3145,1834809.0,FETUSDT
2022-02-04 00:00:00,0.3147,0.3155,0.3103,0.3128,851149.0,FETUSDT
2022-02-04 04:00:00,0.3132,0.3214,0.311,0.3195,834927.0,FETUSDT
2022-02-04 08:00:00,0.3199,0.3239,0.3164,0.3169,1722001.0,FETUSDT
2022-02-04 12:00:00,0.3164,0.3264,0.3095,0.325,3539584.0,FETUSDT
2022-02-04 16:00:00,0.324,0.3333,0.324,0.3311,2900679.0,FETUSDT
2022-02-04 20:00:00,0.3313,0.3375,0.3264,0.3369,2444727.0,FETUSDT
2022-02-05 00:00:00,0.3368,0.3479,0.335,0.3447,3248021.0,FETUSDT
2022-02-05 04:00:00,0.3449,0.3544,0.341,0.344,3602120.0,FETUSDT
2022-02-05 08:00:00,0.3438,0.3514,0.3409,0.3497,2301433.0,FETUSDT
2022-02-05 12:00:00,0.3496,0.351,0.3399,0.3482,3165874.0,FETUSDT
2022-02-05 16:00:00,0.3481,0.3487,0.3331,0.3427,2969356.0,FETUSDT
2022-02-05 20:00:00,0.3424,0.3495,0.3395,0.3436,2192202.0,FETUSDT
2022-02-06 00:00:00,0.3436,0.3522,0.3436,0.3454,1397846.0,FETUSDT
2022-02-06 04:00:00,0.3453,0.3475,0.3389,0.347,1041613.0,FETUSDT
2022-02-06 08:00:00,0.347,0.3555,0.3405,0.3514,2137143.0,FETUSDT
2022-02-06 12:00:00,0.3513,0.3522,0.3368,0.3431,2956611.0,FETUSDT
2022-02-06 16:00:00,0.3431,0.345,0.3386,0.3414,1442612.0,FETUSDT
2022-02-06 20:00:00,0.3414,0.3513,0.3397,0.3487,1892974.0,FETUSDT
2022-02-07 00:00:00,0.3488,0.3582,0.341,0.3574,2241061.0,FETUSDT
2022-02-07 04:00:00,0.3576,0.3744,0.3574,0.3676,2988851.0,FETUSDT
2022-02-07 08:00:00,0.3676,0.37,0.3602,0.3656,1796913.0,FETUSDT
2022-02-07 12:00:00,0.3659,0.3791,0.3593,0.3784,3097077.0,FETUSDT
2022-02-07 16:00:00,0.3788,0.4241,0.3689,0.4058,20892620.0,FETUSDT
2022-02-07 20:00:00,0.4057,0.4144,0.388,0.3897,8816688.0,FETUSDT
2022-02-08 00:00:00,0.3897,0.3999,0.3834,0.3995,4161851.0,FETUSDT
2022-02-08 04:00:00,0.3994,0.4234,0.398,0.4109,11130975.0,FETUSDT
2022-02-08 08:00:00,0.4104,0.4149,0.3805,0.3861,6291983.0,FETUSDT
2022-02-08 12:00:00,0.3859,0.4,0.3734,0.3803,9730722.0,FETUSDT
2022-02-08 16:00:00,0.38,0.3832,0.3655,0.3713,10775376.0,FETUSDT
2022-02-08 20:00:00,0.3714,0.3936,0.37,0.3868,2997417.0,FETUSDT
2022-02-09 00:00:00,0.3866,0.3937,0.3818,0.3869,1004100.0,FETUSDT
2022-02-09 04:00:00,0.3865,0.389,0.3783,0.3847,1103983.0,FETUSDT
2022-02-09 08:00:00,0.3845,0.3968,0.3799,0.3958,1882023.0,FETUSDT
2022-02-09 12:00:00,0.3961,0.4244,0.3933,0.4116,6300579.0,FETUSDT
2022-02-09 16:00:00,0.4124,0.4338,0.41,0.4168,4545715.0,FETUSDT
2022-02-09 20:00:00,0.417,0.4215,0.4108,0.4193,1995955.0,FETUSDT
2022-02-10 00:00:00,0.4193,0.422,0.4041,0.4085,2404666.0,FETUSDT
2022-02-10 04:00:00,0.4082,0.4091,0.4037,0.4045,753982.0,FETUSDT
2022-02-10 08:00:00,0.4046,0.4298,0.4041,0.4177,5052760.0,FETUSDT
2022-02-10 12:00:00,0.4174,0.4294,0.3787,0.4087,11621468.0,FETUSDT
2022-02-10 16:00:00,0.4086,0.4225,0.3931,0.3934,4845235.0,FETUSDT
2022-02-10 20:00:00,0.3939,0.4084,0.3844,0.3951,3053139.0,FETUSDT
2022-02-11 00:00:00,0.3951,0.396,0.3843,0.3957,1207937.0,FETUSDT
2022-02-11 04:00:00,0.3952,0.4047,0.3864,0.3955,3260562.0,FETUSDT
2022-02-11 08:00:00,0.3953,0.4048,0.391,0.3953,3236401.0,FETUSDT
2022-02-11 12:00:00,0.3954,0.4047,0.3941,0.3995,1619348.0,FETUSDT
2022-02-11 16:00:00,0.4,0.4045,0.3636,0.3668,10083992.0,FETUSDT
2022-02-11 20:00:00,0.3668,0.3689,0.35,0.3633,4335731.0,FETUSDT
2022-02-12 00:00:00,0.3631,0.3634,0.3547,0.3547,3791847.0,FETUSDT
2022-02-12 04:00:00,0.3547,0.3567,0.35,0.3529,2934867.0,FETUSDT
2022-02-12 08:00:00,0.3527,0.3698,0.3473,0.3563,4820741.0,FETUSDT
2022-02-12 12:00:00,0.3563,0.357,0.3466,0.3496,2835216.0,FETUSDT
2022-02-12 16:00:00,0.3497,0.3627,0.3493,0.3544,1634618.0,FETUSDT
2022-02-12 20:00:00,0.3544,0.3549,0.3418,0.3461,2945344.0,FETUSDT
2022-02-13 00:00:00,0.3461,0.3548,0.3444,0.3513,1412761.0,FETUSDT
2022-02-13 04:00:00,0.3513,0.3578,0.3465,0.3558,1743459.0,FETUSDT
2022-02-13 08:00:00,0.3554,0.3586,0.3501,0.3554,1428502.0,FETUSDT
2022-02-13 12:00:00,0.3554,0.366,0.3539,0.3602,3874168.0,FETUSDT
2022-02-13 16:00:00,0.3602,0.3604,0.3376,0.3392,3106469.0,FETUSDT
2022-02-13 20:00:00,0.3391,0.3456,0.3353,0.3355,1266029.0,FETUSDT
2022-02-14 00:00:00,0.3355,0.3371,0.3276,0.329,1521425.0,FETUSDT
2022-02-14 04:00:00,0.3291,0.3321,0.3229,0.3318,1459945.0,FETUSDT
2022-02-14 08:00:00,0.3317,0.3323,0.321,0.3226,2288768.0,FETUSDT
2022-02-14 12:00:00,0.3227,0.3429,0.3222,0.3388,1703483.0,FETUSDT
2022-02-14 16:00:00,0.3388,0.3507,0.3284,0.3324,3261897.0,FETUSDT
2022-02-14 20:00:00,0.3325,0.3458,0.3301,0.3441,1829078.0,FETUSDT
2022-02-15 00:00:00,0.3439,0.3566,0.3419,0.3564,1656295.0,FETUSDT
2022-02-15 04:00:00,0.3563,0.3583,0.3492,0.3549,1093420.0,FETUSDT
2022-02-15 08:00:00,0.3549,0.3671,0.3526,0.3642,2618237.0,FETUSDT
2022-02-15 12:00:00,0.3637,0.3653,0.3582,0.3607,1673741.0,FETUSDT
2022-02-15 16:00:00,0.361,0.361,0.3516,0.3556,2273572.0,FETUSDT
2022-02-15 20:00:00,0.3556,0.3623,0.3529,0.3597,1309711.0,FETUSDT
2022-02-16 00:00:00,0.3597,0.3787,0.3539,0.3618,1823129.0,FETUSDT
2022-02-16 04:00:00,0.3619,0.388,0.3579,0.3725,6539892.0,FETUSDT
2022-02-16 08:00:00,0.3724,0.3848,0.3673,0.3716,3744528.0,FETUSDT
2022-02-16 12:00:00,0.3715,0.3722,0.3555,0.3594,4133546.0,FETUSDT
2022-02-16 16:00:00,0.3594,0.3814,0.3556,0.3733,2613777.0,FETUSDT
2022-02-16 20:00:00,0.3735,0.3781,0.3665,0.3725,2619785.0,FETUSDT
2022-02-17 00:00:00,0.3723,0.3773,0.3605,0.3607,994813.0,FETUSDT
2022-02-17 04:00:00,0.3607,0.3683,0.3556,0.3654,1732053.0,FETUSDT
2022-02-17 08:00:00,0.3654,0.3673,0.3514,0.3557,1964103.0,FETUSDT
2022-02-17 12:00:00,0.3557,0.3598,0.3404,0.3442,2990360.0,FETUSDT
2022-02-17 16:00:00,0.3439,0.3487,0.3299,0.3405,5355478.0,FETUSDT
2022-02-17 20:00:00,0.3405,0.3405,0.3292,0.3339,4012038.0,FETUSDT
2022-02-18 00:00:00,0.3333,0.3408,0.3292,0.3404,2075677.0,FETUSDT
2022-02-18 04:00:00,0.3406,0.3457,0.3381,0.3444,1999718.0,FETUSDT
2022-02-18 08:00:00,0.3445,0.3479,0.3334,0.3364,1410192.0,FETUSDT
2022-02-18 12:00:00,0.3364,0.3409,0.3248,0.3275,2169499.0,FETUSDT
2022-02-18 16:00:00,0.3275,0.3337,0.3249,0.3292,1055809.0,FETUSDT
2022-02-18 20:00:00,0.3293,0.3355,0.3255,0.3282,1057680.0,FETUSDT
2022-02-19 00:00:00,0.3274,0.3398,0.3273,0.3367,1052914.0,FETUSDT
2022-02-19 04:00:00,0.3367,0.3498,0.3353,0.3469,3873910.0,FETUSDT
2022-02-19 08:00:00,0.3469,0.35,0.323,0.3238,5581769.0,FETUSDT
2022-02-19 12:00:00,0.324,0.332,0.3176,0.3265,3419618.0,FETUSDT
2022-02-19 16:00:00,0.3264,0.3399,0.326,0.3309,3648648.0,FETUSDT
2022-02-19 20:00:00,0.3307,0.3397,0.3257,0.3342,2382295.0,FETUSDT
2022-02-20 00:00:00,0.3343,0.3409,0.3293,0.3318,1304604.0,FETUSDT
2022-02-20 04:00:00,0.3315,0.3318,0.3144,0.3206,1340575.0,FETUSDT
2022-02-20 08:00:00,0.3203,0.321,0.3068,0.3135,2406517.0,FETUSDT
2022-02-20 12:00:00,0.3133,0.314,0.2961,0.3032,3150883.0,FETUSDT
2022-02-20 16:00:00,0.3032,0.3074,0.298,0.3028,2985046.0,FETUSDT
2022-02-20 20:00:00,0.3028,0.3165,0.2991,0.3062,4968973.0,FETUSDT
2022-02-21 00:00:00,0.3065,0.3177,0.3044,0.3152,687352.0,FETUSDT
2022-02-21 04:00:00,0.3149,0.3344,0.3143,0.3294,3605081.0,FETUSDT
2022-02-21 08:00:00,0.3291,0.3312,0.3096,0.311,2290949.0,FETUSDT
2022-02-21 12:00:00,0.3114,0.3195,0.295,0.3055,7382640.0,FETUSDT
2022-02-21 16:00:00,0.3056,0.3089,0.2939,0.2984,3740400.0,FETUSDT
2022-02-21 20:00:00,0.2981,0.3005,0.2746,0.2758,4154508.0,FETUSDT
2022-02-22 00:00:00,0.2757,0.2811,0.2597,0.2618,2992114.8,FETUSDT
2022-02-22 04:00:00,0.2621,0.2892,0.2615,0.2717,4719746.0,FETUSDT
2022-02-22 08:00:00,0.2716,0.2891,0.2713,0.2825,1572659.0,FETUSDT
2022-02-22 12:00:00,0.2822,0.2951,0.2796,0.2922,2780291.0,FETUSDT
2022-02-22 16:00:00,0.2917,0.2934,0.274,0.2807,2882504.0,FETUSDT
2022-02-22 20:00:00,0.2803,0.2975,0.2765,0.2924,2634147.0,FETUSDT
2022-02-23 00:00:00,0.2921,0.2941,0.2827,0.2843,823941.0,FETUSDT
2022-02-23 04:00:00,0.2841,0.2917,0.2841,0.2904,1557240.0,FETUSDT
2022-02-23 08:00:00,0.2901,0.2999,0.2888,0.2967,1723018.0,FETUSDT
2022-02-23 12:00:00,0.297,0.3024,0.2886,0.2897,1628420.0,FETUSDT
2022-02-23 16:00:00,0.2895,0.298,0.2782,0.279,2453210.0,FETUSDT
2022-02-23 20:00:00,0.279,0.2815,0.2713,0.2717,2357996.0,FETUSDT
2022-02-24 00:00:00,0.2719,0.2746,0.2416,0.2422,3954827.0,FETUSDT
2022-02-24 04:00:00,0.2427,0.2451,0.2255,0.2352,6453347.0,FETUSDT
2022-02-24 08:00:00,0.2354,0.2419,0.2265,0.2329,3828965.0,FETUSDT
2022-02-24 12:00:00,0.2324,0.2471,0.2275,0.2448,4768497.0,FETUSDT
2022-02-24 16:00:00,0.2447,0.2601,0.2406,0.2596,3717359.0,FETUSDT
2022-02-24 20:00:00,0.2595,0.2732,0.254,0.261,4505854.0,FETUSDT
2022-02-25 00:00:00,0.2606,0.2678,0.2569,0.2663,2904810.0,FETUSDT
2022-02-25 04:00:00,0.2664,0.2693,0.2594,0.2686,1997297.0,FETUSDT
2022-02-25 08:00:00,0.2687,0.2863,0.2611,0.2716,7814369.0,FETUSDT
2022-02-25 12:00:00,0.271,0.279,0.267,0.2734,3152999.0,FETUSDT
2022-02-25 16:00:00,0.2732,0.2754,0.266,0.2664,1694766.0,FETUSDT
2022-02-25 20:00:00,0.2665,0.2839,0.2654,0.2787,5086403.0,FETUSDT
2022-02-26 00:00:00,0.2783,0.2896,0.2758,0.2847,3864135.0,FETUSDT
2022-02-26 04:00:00,0.2847,0.2911,0.2767,0.2811,2223065.0,FETUSDT
2022-02-26 08:00:00,0.2811,0.2856,0.2745,0.2771,2395954.0,FETUSDT
2022-02-26 12:00:00,0.277,0.2818,0.2727,0.2783,2870233.0,FETUSDT
2022-02-26 16:00:00,0.2781,0.2828,0.2761,0.2802,2504884.0,FETUSDT
2022-02-26 20:00:00,0.2802,0.2866,0.2724,0.2756,2933051.0,FETUSDT
2022-02-27 00:00:00,0.2755,0.277,0.2583,0.26,3572824.0,FETUSDT
2022-02-27 04:00:00,0.26,0.2679,0.2568,0.2663,2163760.0,FETUSDT
2022-02-27 08:00:00,0.266,0.282,0.263,0.2774,3145537.0,FETUSDT
2022-02-27 12:00:00,0.2774,0.285,0.2647,0.2741,5956648.0,FETUSDT
2022-02-27 16:00:00,0.2736,0.2746,0.256,0.2565,2486418.0,FETUSDT
2022-02-27 20:00:00,0.2567,0.2679,0.2505,0.2621,6270389.0,FETUSDT
2022-02-28 00:00:00,0.2621,0.2706,0.2593,0.264,2828172.0,FETUSDT
2022-02-28 04:00:00,0.2641,0.2684,0.2602,0.2666,2018264.0,FETUSDT
2022-02-28 08:00:00,0.2666,0.2696,0.2619,0.2665,1512675.0,FETUSDT
2022-02-28 12:00:00,0.2668,0.2806,0.2605,0.2799,4648023.0,FETUSDT
2022-02-28 16:00:00,0.2799,0.2827,0.2714,0.2747,3558266.0,FETUSDT
2022-02-28 20:00:00,0.2747,0.284,0.2735,0.2836,2668655.0,FETUSDT
2022-03-01 00:00:00,0.2838,0.2931,0.2817,0.2908,2765916.0,FETUSDT
2022-03-01 04:00:00,0.2904,0.2936,0.282,0.2936,2261811.0,FETUSDT
2022-03-01 08:00:00,0.2936,0.295,0.2822,0.2885,3105986.0,FETUSDT
2022-03-01 12:00:00,0.2884,0.3033,0.2858,0.2902,6369560.0,FETUSDT
2022-03-01 16:00:00,0.2904,0.2985,0.2805,0.2934,4934525.0,FETUSDT
2022-03-01 20:00:00,0.2934,0.409,0.2928,0.3657,67810665.0,FETUSDT
2022-03-02 00:00:00,0.3658,0.43,0.3649,0.3862,52706244.0,FETUSDT
2022-03-02 04:00:00,0.3862,0.4159,0.3671,0.3738,30533871.0,FETUSDT
2022-03-02 08:00:00,0.3743,0.3879,0.3581,0.3718,25613615.0,FETUSDT
2022-03-02 12:00:00,0.3713,0.3762,0.3481,0.3586,16921758.0,FETUSDT
2022-03-02 16:00:00,0.3585,0.3591,0.3331,0.3405,7766409.0,FETUSDT
2022-03-02 20:00:00,0.3405,0.3482,0.3334,0.34,5764499.0,FETUSDT
2022-03-03 00:00:00,0.3402,0.3513,0.3347,0.3349,4101744.0,FETUSDT
2022-03-03 04:00:00,0.3349,0.3417,0.3252,0.3378,4083592.0,FETUSDT
2022-03-03 08:00:00,0.3378,0.3386,0.3313,0.3367,2662715.0,FETUSDT
2022-03-03 12:00:00,0.3368,0.3466,0.3227,0.3252,4232266.0,FETUSDT
2022-03-03 16:00:00,0.3248,0.3259,0.3135,0.3186,4517313.0,FETUSDT
2022-03-03 20:00:00,0.3188,0.3256,0.3142,0.3212,2545915.0,FETUSDT
2022-03-04 00:00:00,0.3212,0.3229,0.3077,0.3147,3219712.0,FETUSDT
2022-03-04 04:00:00,0.3147,0.3648,0.313,0.3567,25208430.0,FETUSDT
2022-03-04 08:00:00,0.3566,0.3642,0.3455,0.3488,19446801.0,FETUSDT
2022-03-04 12:00:00,0.3488,0.3589,0.332,0.3382,8851831.0,FETUSDT
2022-03-04 16:00:00,0.3382,0.341,0.3144,0.3146,4848130.0,FETUSDT
2022-03-04 20:00:00,0.3151,0.3242,0.3078,0.3092,5548619.0,FETUSDT
2022-03-05 00:00:00,0.3093,0.3295,0.3013,0.3185,5125270.0,FETUSDT
2022-03-05 04:00:00,0.3183,0.3183,0.3066,0.3135,3207148.0,FETUSDT
2022-03-05 08:00:00,0.3135,0.3242,0.3131,0.3178,2435850.0,FETUSDT
2022-03-05 12:00:00,0.3182,0.3229,0.3125,0.3158,1878711.0,FETUSDT
2022-03-05 16:00:00,0.3158,0.3581,0.3142,0.3414,21493531.0,FETUSDT
2022-03-05 20:00:00,0.3414,0.3577,0.3355,0.343,7080107.0,FETUSDT
2022-03-06 00:00:00,0.343,0.374,0.3378,0.34,15606474.0,FETUSDT
2022-03-06 04:00:00,0.34,0.3502,0.334,0.339,10785094.0,FETUSDT
2022-03-06 08:00:00,0.3385,0.339,0.3153,0.3233,6749316.0,FETUSDT
2022-03-06 12:00:00,0.323,0.3319,0.3189,0.3247,4281698.0,FETUSDT
2022-03-06 16:00:00,0.325,0.3352,0.3166,0.3195,10813461.0,FETUSDT
2022-03-06 20:00:00,0.3192,0.3249,0.3134,0.3154,2202262.0,FETUSDT
2022-03-07 00:00:00,0.3157,0.3249,0.3052,0.3086,3295338.0,FETUSDT
2022-03-07 04:00:00,0.3083,0.3393,0.3067,0.3279,17993048.0,FETUSDT
2022-03-07 08:00:00,0.3281,0.3366,0.3163,0.3314,11443785.0,FETUSDT
2022-03-07 12:00:00,0.3311,0.3401,0.3279,0.3308,4391451.0,FETUSDT
2022-03-07 16:00:00,0.331,0.34,0.3201,0.3238,12117421.0,FETUSDT
2022-03-07 20:00:00,0.3237,0.3355,0.3217,0.324,4822562.0,FETUSDT
2022-03-08 00:00:00,0.3239,0.3347,0.3233,0.3343,1585162.0,FETUSDT
2022-03-08 04:00:00,0.3343,0.3348,0.3147,0.3194,5992636.0,FETUSDT
2022-03-08 08:00:00,0.32,0.3293,0.3183,0.3254,4587873.0,FETUSDT
2022-03-08 12:00:00,0.3252,0.3272,0.3169,0.3191,2073753.0,FETUSDT
2022-03-08 16:00:00,0.3192,0.3309,0.3159,0.3238,2472986.0,FETUSDT
2022-03-08 20:00:00,0.324,0.325,0.3174,0.3201,1101404.0,FETUSDT
2022-03-09 00:00:00,0.3202,0.3379,0.3177,0.3353,2395180.0,FETUSDT
2022-03-09 04:00:00,0.3355,0.3545,0.3294,0.349,10552197.0,FETUSDT
2022-03-09 08:00:00,0.3492,0.3734,0.3482,0.3575,10807190.0,FETUSDT
2022-03-09 12:00:00,0.3574,0.3578,0.347,0.3519,6141174.0,FETUSDT
2022-03-09 16:00:00,0.3521,0.3539,0.3394,0.3482,4810313.0,FETUSDT
2022-03-09 20:00:00,0.348,0.357,0.3401,0.3564,2882811.0,FETUSDT
2022-03-10 00:00:00,0.356,0.3579,0.3342,0.3343,3753282.0,FETUSDT
2022-03-10 04:00:00,0.3341,0.335,0.3185,0.3227,3312695.0,FETUSDT
2022-03-10 08:00:00,0.3226,0.35,0.3196,0.3332,5673600.0,FETUSDT
2022-03-10 12:00:00,0.333,0.3469,0.3301,0.3431,4157759.0,FETUSDT
2022-03-10 16:00:00,0.3423,0.345,0.3336,0.3374,2095499.0,FETUSDT
2022-03-10 20:00:00,0.3371,0.3603,0.3344,0.3571,3883381.0,FETUSDT
2022-03-11 00:00:00,0.3566,0.37,0.3386,0.3441,5734228.0,FETUSDT
2022-03-11 04:00:00,0.3441,0.3481,0.3367,0.3476,2263394.0,FETUSDT
2022-03-11 08:00:00,0.3471,0.3541,0.3386,0.3499,5480050.0,FETUSDT
2022-03-11 12:00:00,0.3498,0.36,0.3415,0.3442,3798134.0,FETUSDT
2022-03-11 16:00:00,0.344,0.3451,0.3362,0.3401,2024600.0,FETUSDT
2022-03-11 20:00:00,0.3398,0.3448,0.3378,0.3396,1016929.0,FETUSDT
2022-03-12 00:00:00,0.3396,0.3442,0.3353,0.3423,1242449.0,FETUSDT
2022-03-12 04:00:00,0.3422,0.3465,0.3367,0.3389,1392865.0,FETUSDT
2022-03-12 08:00:00,0.3389,0.356,0.3323,0.342,3554220.0,FETUSDT
2022-03-12 12:00:00,0.3422,0.354,0.3377,0.3431,4409471.0,FETUSDT
2022-03-12 16:00:00,0.3425,0.3455,0.3388,0.3407,1058844.0,FETUSDT
2022-03-12 20:00:00,0.3404,0.3411,0.3368,0.3371,1187453.0,FETUSDT
2022-03-13 00:00:00,0.3372,0.3452,0.336,0.3408,2043045.0,FETUSDT
2022-03-13 04:00:00,0.3409,0.3454,0.3387,0.3406,1263335.0,FETUSDT
2022-03-13 08:00:00,0.3409,0.341,0.3352,0.3379,1149398.0,FETUSDT
2022-03-13 12:00:00,0.3379,0.3454,0.3226,0.3327,5819422.0,FETUSDT
2022-03-13 16:00:00,0.3326,0.3357,0.3255,0.3256,1624777.0,FETUSDT
2022-03-13 20:00:00,0.3254,0.3255,0.3139,0.3153,2233391.0,FETUSDT
2022-03-14 00:00:00,0.3153,0.3197,0.3119,0.3145,1138714.0,FETUSDT
2022-03-14 04:00:00,0.3143,0.3248,0.3141,0.3232,1155143.0,FETUSDT
2022-03-14 08:00:00,0.3232,0.3299,0.3191,0.3199,1956871.0,FETUSDT
2022-03-14 12:00:00,0.3199,0.3201,0.3148,0.3183,1989464.0,FETUSDT
2022-03-14 16:00:00,0.3184,0.339,0.3122,0.3211,4833233.0,FETUSDT
2022-03-14 20:00:00,0.3214,0.33,0.3174,0.3244,3224144.0,FETUSDT
2022-03-15 00:00:00,0.3243,0.3264,0.3152,0.3167,1321462.0,FETUSDT
2022-03-15 04:00:00,0.3167,0.3349,0.3162,0.3192,7331100.0,FETUSDT
2022-03-15 08:00:00,0.3193,0.3325,0.3157,0.3238,5370074.0,FETUSDT
2022-03-15 12:00:00,0.3235,0.3285,0.3187,0.3207,2397324.0,FETUSDT
2022-03-15 16:00:00,0.3203,0.3328,0.3195,0.3266,3152661.0,FETUSDT
2022-03-15 20:00:00,0.3266,0.3295,0.3236,0.3267,1532295.0,FETUSDT
2022-03-16 00:00:00,0.3267,0.336,0.3211,0.323,2273827.0,FETUSDT
2022-03-16 04:00:00,0.3226,0.3232,0.3153,0.3187,2512743.0,FETUSDT
2022-03-16 08:00:00,0.3188,0.3275,0.3185,0.326,2599967.0,FETUSDT
2022-03-16 12:00:00,0.3261,0.3277,0.323,0.3236,2837157.0,FETUSDT
2022-03-16 16:00:00,0.3235,0.3296,0.315,0.3282,3217918.0,FETUSDT
2022-03-16 20:00:00,0.3282,0.3322,0.3261,0.3296,1957737.0,FETUSDT
2022-03-17 00:00:00,0.3296,0.3344,0.327,0.3275,1452518.0,FETUSDT
2022-03-17 04:00:00,0.3276,0.3297,0.3231,0.3249,971192.0,FETUSDT
2022-03-17 08:00:00,0.325,0.33,0.325,0.3275,1377692.0,FETUSDT
2022-03-17 12:00:00,0.3275,0.3318,0.3272,0.3293,2232989.0,FETUSDT
2022-03-17 16:00:00,0.3294,0.3416,0.328,0.3318,4906351.0,FETUSDT
2022-03-17 20:00:00,0.3318,0.3334,0.329,0.3294,1223416.0,FETUSDT
2022-03-18 00:00:00,0.3292,0.3304,0.3231,0.324,840811.0,FETUSDT
2022-03-18 04:00:00,0.3244,0.3278,0.3231,0.3233,495633.0,FETUSDT
2022-03-18 08:00:00,0.3235,0.324,0.3186,0.322,1433532.0,FETUSDT
2022-03-18 12:00:00,0.3217,0.3282,0.3196,0.3277,1542972.0,FETUSDT
2022-03-18 16:00:00,0.3277,0.3333,0.3276,0.3331,2709169.0,FETUSDT
2022-03-18 20:00:00,0.3332,0.3379,0.3269,0.3307,2265031.0,FETUSDT
2022-03-19 00:00:00,0.3309,0.3344,0.3299,0.3324,1079366.0,FETUSDT
2022-03-19 04:00:00,0.3322,0.3373,0.3319,0.3361,1584458.0,FETUSDT
2022-03-19 08:00:00,0.3363,0.3487,0.3317,0.3385,5005959.0,FETUSDT
2022-03-19 12:00:00,0.3385,0.3476,0.3385,0.3463,7091594.0,FETUSDT
2022-03-19 16:00:00,0.346,0.3465,0.3394,0.3415,2839556.0,FETUSDT
2022-03-19 20:00:00,0.3415,0.3444,0.3369,0.3435,1985414.0,FETUSDT
2022-03-20 00:00:00,0.3433,0.3451,0.3375,0.3391,1302395.0,FETUSDT
2022-03-20 04:00:00,0.3391,0.3412,0.338,0.3392,808041.0,FETUSDT
2022-03-20 08:00:00,0.3391,0.3469,0.337,0.3375,2558542.0,FETUSDT
2022-03-20 12:00:00,0.3373,0.3378,0.3272,0.3279,1846025.0,FETUSDT
2022-03-20 16:00:00,0.3282,0.3303,0.322,0.3276,1403355.0,FETUSDT
2022-03-20 20:00:00,0.3275,0.3307,0.3254,0.3275,1166569.0,FETUSDT
2022-03-21 00:00:00,0.3274,0.3375,0.3221,0.3327,2028856.0,FETUSDT
2022-03-21 04:00:00,0.3324,0.3395,0.3311,0.3395,2654770.0,FETUSDT
2022-03-21 08:00:00,0.3396,0.34,0.3352,0.3378,1817172.0,FETUSDT
2022-03-21 12:00:00,0.3378,0.345,0.3344,0.3397,5238507.0,FETUSDT
2022-03-21 16:00:00,0.3398,0.3437,0.3368,0.3431,1959255.0,FETUSDT
2022-03-21 20:00:00,0.343,0.3438,0.3389,0.3401,683212.0,FETUSDT
2022-03-22 00:00:00,0.3401,0.3498,0.339,0.3466,1972406.0,FETUSDT
2022-03-22 04:00:00,0.3465,0.3583,0.342,0.3521,5715322.0,FETUSDT
2022-03-22 08:00:00,0.3522,0.3646,0.3521,0.3592,5244083.0,FETUSDT
2022-03-22 12:00:00,0.3594,0.425,0.3594,0.3863,54915744.0,FETUSDT
2022-03-22 16:00:00,0.3863,0.3985,0.3804,0.3813,8190044.0,FETUSDT
2022-03-22 20:00:00,0.3812,0.3848,0.3708,0.3754,4035602.0,FETUSDT
2022-03-23 00:00:00,0.3751,0.3771,0.3621,0.3623,3327052.0,FETUSDT
2022-03-23 04:00:00,0.3621,0.3684,0.3583,0.3608,3194132.0,FETUSDT
2022-03-23 08:00:00,0.3607,0.46,0.36,0.4139,47060309.0,FETUSDT
2022-03-23 12:00:00,0.4138,0.4139,0.3914,0.3959,19969214.0,FETUSDT
2022-03-23 16:00:00,0.3963,0.411,0.3946,0.3998,8998914.0,FETUSDT
2022-03-23 20:00:00,0.3996,0.3998,0.3895,0.3988,3614557.0,FETUSDT
2022-03-24 00:00:00,0.3985,0.4175,0.3958,0.4086,3997668.0,FETUSDT
2022-03-24 04:00:00,0.4091,0.4443,0.4038,0.4385,21148896.0,FETUSDT
2022-03-24 08:00:00,0.4385,0.4542,0.4184,0.4198,19739784.0,FETUSDT
2022-03-24 12:00:00,0.4199,0.4444,0.4134,0.4372,12660291.0,FETUSDT
2022-03-24 16:00:00,0.4368,0.4543,0.431,0.4367,10634518.0,FETUSDT
2022-03-24 20:00:00,0.4368,0.4442,0.423,0.4401,4822666.0,FETUSDT
2022-03-25 00:00:00,0.4401,0.4452,0.4335,0.439,3625481.0,FETUSDT
2022-03-25 04:00:00,0.4384,0.4386,0.4211,0.4218,3256891.0,FETUSDT
2022-03-25 08:00:00,0.4217,0.4372,0.4165,0.437,4177923.0,FETUSDT
2022-03-25 12:00:00,0.437,0.4381,0.4166,0.4181,4749236.0,FETUSDT
2022-03-25 16:00:00,0.4182,0.4261,0.4021,0.4086,4194040.0,FETUSDT
2022-03-25 20:00:00,0.4088,0.413,0.4051,0.4051,1464074.0,FETUSDT
2022-03-26 00:00:00,0.4052,0.4098,0.3979,0.4039,2301850.0,FETUSDT
2022-03-26 04:00:00,0.404,0.4192,0.4039,0.4185,1577839.0,FETUSDT
2022-03-26 08:00:00,0.4183,0.4315,0.4153,0.4169,2769554.0,FETUSDT
2022-03-26 12:00:00,0.4169,0.4203,0.4093,0.4176,1492493.0,FETUSDT
2022-03-26 16:00:00,0.4175,0.4282,0.4152,0.4232,2821169.0,FETUSDT
2022-03-26 20:00:00,0.4233,0.4342,0.4173,0.4319,3718058.0,FETUSDT
2022-03-27 00:00:00,0.4319,0.4333,0.4268,0.4292,1204448.0,FETUSDT
2022-03-27 04:00:00,0.4289,0.4325,0.425,0.4264,1288706.0,FETUSDT
2022-03-27 08:00:00,0.4264,0.431,0.4215,0.4254,1527772.0,FETUSDT
2022-03-27 12:00:00,0.4255,0.4266,0.4148,0.42,2724100.0,FETUSDT
2022-03-27 16:00:00,0.4202,0.4286,0.4202,0.4253,1877317.0,FETUSDT
2022-03-27 20:00:00,0.4253,0.4484,0.4241,0.4448,4986954.0,FETUSDT
2022-03-28 00:00:00,0.445,0.4592,0.4419,0.452,3293404.0,FETUSDT
2022-03-28 04:00:00,0.452,0.4595,0.448,0.4495,3174774.0,FETUSDT
2022-03-28 08:00:00,0.4495,0.4541,0.4463,0.4531,1825783.0,FETUSDT
2022-03-28 12:00:00,0.453,0.4649,0.4454,0.4463,3609262.0,FETUSDT
2022-03-28 16:00:00,0.4461,0.465,0.4402,0.4633,5314028.0,FETUSDT
2022-03-28 20:00:00,0.4631,0.4637,0.4276,0.4297,4522652.0,FETUSDT
2022-03-29 00:00:00,0.43,0.4447,0.4293,0.4423,1077653.0,FETUSDT
2022-03-29 04:00:00,0.4424,0.4502,0.4402,0.4406,2348085.0,FETUSDT
2022-03-29 08:00:00,0.4404,0.496,0.4402,0.4737,11664611.0,FETUSDT
2022-03-29 12:00:00,0.4742,0.4881,0.4665,0.469,6657397.0,FETUSDT
2022-03-29 16:00:00,0.4691,0.4727,0.4582,0.466,3781156.0,FETUSDT
2022-03-29 20:00:00,0.4661,0.4726,0.4546,0.4706,2425504.0,FETUSDT
2022-03-30 00:00:00,0.4706,0.4765,0.4502,0.4758,2685936.0,FETUSDT
2022-03-30 04:00:00,0.4755,0.48,0.4662,0.4766,3115591.0,FETUSDT
2022-03-30 08:00:00,0.4763,0.4792,0.4611,0.462,2630281.0,FETUSDT
2022-03-30 12:00:00,0.462,0.4646,0.4533,0.4635,3017350.0,FETUSDT
2022-03-30 16:00:00,0.4636,0.4741,0.4566,0.4593,2845516.0,FETUSDT
2022-03-30 20:00:00,0.4593,0.48,0.4585,0.4706,4037007.0,FETUSDT
2022-03-31 00:00:00,0.4706,0.48,0.4679,0.4761,1634587.0,FETUSDT
2022-03-31 04:00:00,0.4758,0.4835,0.4743,0.4753,1984962.0,FETUSDT
2022-03-31 08:00:00,0.4752,0.4835,0.4717,0.4799,2186864.0,FETUSDT
2022-03-31 12:00:00,0.4798,0.48,0.451,0.4569,4999182.0,FETUSDT
2022-03-31 16:00:00,0.4572,0.4588,0.4403,0.445,3910318.0,FETUSDT
2022-03-31 20:00:00,0.4451,0.4606,0.4431,0.456,1573535.0,FETUSDT
2022-04-01 00:00:00,0.4559,0.4623,0.4291,0.4333,4397052.0,FETUSDT
2022-04-01 04:00:00,0.4333,0.4661,0.4309,0.465,2999643.0,FETUSDT
2022-04-01 08:00:00,0.465,0.473,0.4563,0.4617,4437194.0,FETUSDT
2022-04-01 12:00:00,0.4615,0.4797,0.4497,0.479,10858630.0,FETUSDT
2022-04-01 16:00:00,0.479,0.4901,0.469,0.4814,9628483.0,FETUSDT
2022-04-01 20:00:00,0.4819,0.4833,0.4721,0.477,2310442.0,FETUSDT
2022-04-02 00:00:00,0.4769,0.4916,0.4735,0.4794,2844693.0,FETUSDT
2022-04-02 04:00:00,0.4793,0.4878,0.477,0.4877,1733276.0,FETUSDT
2022-04-02 08:00:00,0.4876,0.4887,0.4789,0.479,2047238.0,FETUSDT
2022-04-02 12:00:00,0.4788,0.4863,0.4716,0.4723,4368888.0,FETUSDT
2022-04-02 16:00:00,0.4722,0.4801,0.4621,0.4683,5749955.0,FETUSDT
2022-04-02 20:00:00,0.4679,0.4705,0.4589,0.4599,1372681.0,FETUSDT
2022-04-03 00:00:00,0.4596,0.468,0.4551,0.4675,2164123.0,FETUSDT
2022-04-03 04:00:00,0.4671,0.4775,0.4661,0.4696,1365591.0,FETUSDT
2022-04-03 08:00:00,0.4698,0.4721,0.462,0.4649,1568983.0,FETUSDT
2022-04-03 12:00:00,0.4647,0.4705,0.4601,0.4682,1945263.0,FETUSDT
2022-04-03 16:00:00,0.4682,0.4705,0.463,0.4657,1116268.0,FETUSDT
2022-04-03 20:00:00,0.4658,0.4765,0.4631,0.4708,1738085.0,FETUSDT
2022-04-04 00:00:00,0.4714,0.4729,0.463,0.4704,1957892.0,FETUSDT
2022-04-04 04:00:00,0.4701,0.4856,0.4682,0.4798,2252758.0,FETUSDT
2022-04-04 08:00:00,0.4798,0.4826,0.466,0.4826,2009959.0,FETUSDT
2022-04-04 12:00:00,0.4825,0.4838,0.461,0.4618,2994303.0,FETUSDT
2022-04-04 16:00:00,0.4617,0.4686,0.4449,0.4655,4676329.0,FETUSDT
2022-04-04 20:00:00,0.4653,0.485,0.4627,0.4791,4183006.0,FETUSDT
2022-04-05 00:00:00,0.4792,0.54,0.4787,0.5105,18069419.0,FETUSDT
2022-04-05 04:00:00,0.5106,0.5277,0.4984,0.5157,6574161.0,FETUSDT
2022-04-05 08:00:00,0.5157,0.52,0.4959,0.5039,5302778.0,FETUSDT
2022-04-05 12:00:00,0.504,0.5078,0.4818,0.4871,5431022.0,FETUSDT
2022-04-05 16:00:00,0.4867,0.5316,0.483,0.5119,17602519.0,FETUSDT
2022-04-05 20:00:00,0.5121,0.5276,0.5037,0.5043,6553734.0,FETUSDT
2022-04-06 00:00:00,0.5048,0.51,0.4885,0.4897,7337125.0,FETUSDT
2022-04-06 04:00:00,0.4901,0.5086,0.4845,0.4983,2365131.0,FETUSDT
2022-04-06 08:00:00,0.4982,0.4985,0.4787,0.4793,3752345.0,FETUSDT
2022-04-06 12:00:00,0.4794,0.4815,0.455,0.4642,4698282.0,FETUSDT
2022-04-06 16:00:00,0.4638,0.465,0.4386,0.4551,5054588.0,FETUSDT
2022-04-06 20:00:00,0.4551,0.4693,0.4443,0.4473,3296598.0,FETUSDT
2022-04-07 00:00:00,0.4479,0.4564,0.4341,0.4392,3379550.0,FETUSDT
2022-04-07 04:00:00,0.4384,0.4585,0.4349,0.4555,3460962.0,FETUSDT
2022-04-07 08:00:00,0.4553,0.462,0.4452,0.4603,2093781.0,FETUSDT
2022-04-07 12:00:00,0.4599,0.4667,0.44,0.4475,3232962.0,FETUSDT
2022-04-07 16:00:00,0.4478,0.4607,0.4448,0.4451,2580060.0,FETUSDT
2022-04-07 20:00:00,0.445,0.4519,0.4418,0.4491,1079621.0,FETUSDT
2022-04-08 00:00:00,0.4491,0.4657,0.446,0.4657,1688321.0,FETUSDT
2022-04-08 04:00:00,0.4655,0.4663,0.4435,0.4465,3476995.0,FETUSDT
2022-04-08 08:00:00,0.4461,0.4514,0.4277,0.4284,4462385.0,FETUSDT
2022-04-08 12:00:00,0.4289,0.4369,0.4061,0.432,8491823.0,FETUSDT
2022-04-08 16:00:00,0.432,0.4377,0.4115,0.4124,3330676.0,FETUSDT
2022-04-08 20:00:00,0.4127,0.4166,0.3981,0.4014,2640603.0,FETUSDT
2022-04-09 00:00:00,0.4012,0.4116,0.3993,0.4045,2004764.0,FETUSDT
2022-04-09 04:00:00,0.4043,0.419,0.4022,0.4103,2564110.0,FETUSDT
2022-04-09 08:00:00,0.4103,0.4143,0.4006,0.405,1789460.0,FETUSDT
2022-04-09 12:00:00,0.4054,0.4126,0.3908,0.3911,2326267.0,FETUSDT
2022-04-09 16:00:00,0.3915,0.4002,0.3909,0.3959,1537237.0,FETUSDT
2022-04-09 20:00:00,0.3963,0.4026,0.3944,0.4026,1145220.0,FETUSDT
2022-04-10 00:00:00,0.4021,0.4124,0.4,0.4024,3016560.0,FETUSDT
2022-04-10 04:00:00,0.4023,0.4025,0.3964,0.3983,531853.0,FETUSDT
2022-04-10 08:00:00,0.3983,0.3994,0.393,0.3988,778815.0,FETUSDT
2022-04-10 12:00:00,0.3988,0.4017,0.3945,0.3978,949553.0,FETUSDT
2022-04-10 16:00:00,0.3981,0.414,0.3967,0.3993,5260145.0,FETUSDT
2022-04-10 20:00:00,0.399,0.4018,0.3737,0.3754,3618985.0,FETUSDT
2022-04-11 00:00:00,0.375,0.3791,0.363,0.3664,3950453.0,FETUSDT
2022-04-11 04:00:00,0.3664,0.3743,0.3663,0.3723,1328340.0,FETUSDT
2022-04-11 08:00:00,0.3723,0.3732,0.3498,0.3514,4367669.0,FETUSDT
2022-04-11 12:00:00,0.3517,0.3543,0.3427,0.3436,6704259.0,FETUSDT
2022-04-11 16:00:00,0.3434,0.3479,0.3375,0.3401,6188369.0,FETUSDT
2022-04-11 20:00:00,0.3403,0.3416,0.3337,0.3365,2890697.0,FETUSDT
2022-04-12 00:00:00,0.3365,0.3493,0.3317,0.3358,5288495.0,FETUSDT
2022-04-12 04:00:00,0.3354,0.3624,0.335,0.3532,4235970.0,FETUSDT
2022-04-12 08:00:00,0.3536,0.372,0.3505,0.3623,2866157.0,FETUSDT
2022-04-12 12:00:00,0.3622,0.3724,0.3477,0.3504,6029082.0,FETUSDT
2022-04-12 16:00:00,0.3506,0.354,0.3304,0.3333,4990562.0,FETUSDT
2022-04-12 20:00:00,0.3333,0.3486,0.3325,0.3458,3427478.0,FETUSDT
2022-04-13 00:00:00,0.346,0.3466,0.3368,0.3433,1642826.0,FETUSDT
2022-04-13 04:00:00,0.3432,0.3493,0.3392,0.347,1804661.0,FETUSDT
2022-04-13 08:00:00,0.3471,0.3533,0.34,0.3521,2339301.0,FETUSDT
2022-04-13 12:00:00,0.3518,0.3629,0.3489,0.3607,3452626.0,FETUSDT
2022-04-13 16:00:00,0.3607,0.3615,0.3528,0.3532,1845688.0,FETUSDT
2022-04-13 20:00:00,0.3532,0.3545,0.3506,0.3513,1132617.0,FETUSDT
2022-04-14 00:00:00,0.3518,0.354,0.346,0.3495,6148837.0,FETUSDT
2022-04-14 04:00:00,0.3496,0.3559,0.3461,0.3519,2559172.0,FETUSDT
2022-04-14 08:00:00,0.3518,0.3577,0.3389,0.3406,8584320.0,FETUSDT
2022-04-14 12:00:00,0.3403,0.3476,0.3322,0.3329,5172629.0,FETUSDT
2022-04-14 16:00:00,0.3327,0.335,0.3269,0.3304,7745512.0,FETUSDT
2022-04-14 20:00:00,0.3304,0.338,0.3289,0.3319,3138623.0,FETUSDT
2022-04-15 00:00:00,0.3319,0.3385,0.3309,0.3382,3814423.0,FETUSDT
2022-04-15 04:00:00,0.3382,0.341,0.329,0.332,4848703.0,FETUSDT
2022-04-15 08:00:00,0.332,0.3349,0.3302,0.3307,2560893.0,FETUSDT
2022-04-15 12:00:00,0.3313,0.3374,0.3277,0.3369,3373533.0,FETUSDT
2022-04-15 16:00:00,0.3369,0.3383,0.3309,0.3331,1219228.0,FETUSDT
2022-04-15 20:00:00,0.3331,0.3362,0.33,0.3342,1070383.0,FETUSDT
2022-04-16 00:00:00,0.3341,0.3366,0.332,0.3336,895632.0,FETUSDT
2022-04-16 04:00:00,0.3336,0.3388,0.3328,0.3338,1618337.0,FETUSDT
2022-04-16 08:00:00,0.3342,0.3363,0.3336,0.3345,416192.0,FETUSDT
2022-04-16 12:00:00,0.3342,0.3363,0.3285,0.3286,1204536.0,FETUSDT
2022-04-16 16:00:00,0.3289,0.3349,0.3289,0.3304,1012764.0,FETUSDT
2022-04-16 20:00:00,0.3304,0.3428,0.3299,0.3355,2567632.0,FETUSDT
2022-04-17 00:00:00,0.3354,0.3366,0.3277,0.3323,1186074.0,FETUSDT
2022-04-17 04:00:00,0.3321,0.334,0.3314,0.3323,395501.0,FETUSDT
2022-04-17 08:00:00,0.3319,0.3425,0.3319,0.3404,2283967.0,FETUSDT
2022-04-17 12:00:00,0.3404,0.3476,0.3395,0.3416,4080633.0,FETUSDT
2022-04-17 16:00:00,0.3416,0.3477,0.3333,0.3451,5632077.0,FETUSDT
2022-04-17 20:00:00,0.3453,0.3535,0.3274,0.3286,5684148.0,FETUSDT
2022-04-18 00:00:00,0.3286,0.3361,0.3269,0.3321,1578887.0,FETUSDT
2022-04-18 04:00:00,0.3319,0.3326,0.3143,0.3156,2982651.0,FETUSDT
2022-04-18 08:00:00,0.3154,0.3189,0.3082,0.3177,2568524.0,FETUSDT
2022-04-18 12:00:00,0.3177,0.3251,0.3168,0.3183,2773834.0,FETUSDT
2022-04-18 16:00:00,0.3183,0.35,0.3145,0.3389,9073458.0,FETUSDT
2022-04-18 20:00:00,0.3393,0.3458,0.3346,0.3433,2243610.0,FETUSDT
2022-04-19 00:00:00,0.3431,0.3458,0.3391,0.342,832743.0,FETUSDT
2022-04-19 04:00:00,0.342,0.3444,0.3393,0.3402,780927.0,FETUSDT
2022-04-19 08:00:00,0.3401,0.3434,0.3374,0.3383,957672.0,FETUSDT
2022-04-19 12:00:00,0.3383,0.3505,0.3383,0.3447,2564133.0,FETUSDT
2022-04-19 16:00:00,0.3447,0.3529,0.3444,0.3483,1880572.0,FETUSDT
2022-04-19 20:00:00,0.3484,0.3508,0.345,0.3482,1124692.0,FETUSDT
2022-04-20 00:00:00,0.3481,0.3499,0.3423,0.3442,1372744.0,FETUSDT
2022-04-20 04:00:00,0.344,0.3485,0.3422,0.3451,1218570.0,FETUSDT
2022-04-20 08:00:00,0.3454,0.3549,0.3453,0.353,1376737.0,FETUSDT
2022-04-20 12:00:00,0.3527,0.353,0.3366,0.3388,3116102.0,FETUSDT
2022-04-20 16:00:00,0.3386,0.3389,0.3288,0.3355,2263866.0,FETUSDT
2022-04-20 20:00:00,0.3355,0.3409,0.3347,0.3366,889737.0,FETUSDT
2022-04-21 00:00:00,0.3363,0.3423,0.3346,0.3414,1482184.0,FETUSDT
2022-04-21 04:00:00,0.3411,0.3421,0.335,0.3403,1098434.0,FETUSDT
2022-04-21 08:00:00,0.3404,0.3455,0.3348,0.3446,3242864.0,FETUSDT
2022-04-21 12:00:00,0.3446,0.3487,0.3393,0.341,3376904.0,FETUSDT
2022-04-21 16:00:00,0.3411,0.3425,0.3317,0.3328,1274225.0,FETUSDT
2022-04-21 20:00:00,0.3324,0.3327,0.3161,0.3235,2113994.0,FETUSDT
2022-04-22 00:00:00,0.3231,0.3288,0.3215,0.3271,1019015.0,FETUSDT
2022-04-22 04:00:00,0.3268,0.332,0.3253,0.3298,995697.0,FETUSDT
2022-04-22 08:00:00,0.3297,0.331,0.322,0.3268,925711.0,FETUSDT
2022-04-22 12:00:00,0.3268,0.3312,0.32,0.3211,1437937.0,FETUSDT
2022-04-22 16:00:00,0.3209,0.3209,0.3164,0.3182,1699143.0,FETUSDT
2022-04-22 20:00:00,0.3183,0.3238,0.318,0.3216,1057702.0,FETUSDT
2022-04-23 00:00:00,0.3214,0.3239,0.3177,0.3192,988736.0,FETUSDT
2022-04-23 04:00:00,0.3193,0.3211,0.3142,0.3179,759480.0,FETUSDT
2022-04-23 08:00:00,0.3178,0.3389,0.3169,0.324,4980597.0,FETUSDT
2022-04-23 12:00:00,0.3243,0.3305,0.3215,0.3263,1219368.0,FETUSDT
2022-04-23 16:00:00,0.3264,0.3277,0.3237,0.3244,831613.0,FETUSDT
2022-04-23 20:00:00,0.3242,0.327,0.3185,0.3189,882324.0,FETUSDT
2022-04-24 00:00:00,0.3188,0.3306,0.3187,0.3271,1359903.0,FETUSDT
2022-04-24 04:00:00,0.3272,0.331,0.3248,0.3249,2312206.0,FETUSDT
2022-04-24 08:00:00,0.3249,0.3254,0.3165,0.3209,1595833.0,FETUSDT
2022-04-24 12:00:00,0.3209,0.35,0.3201,0.3351,20842279.0,FETUSDT
2022-04-24 16:00:00,0.3349,0.3575,0.3244,0.3375,14633951.0,FETUSDT
2022-04-24 20:00:00,0.3378,0.3587,0.3336,0.3435,10200921.0,FETUSDT
2022-04-25 00:00:00,0.3437,0.3499,0.325,0.339,6997703.0,FETUSDT
2022-04-25 04:00:00,0.339,0.3559,0.3247,0.3307,13327231.0,FETUSDT
2022-04-25 08:00:00,0.3307,0.3347,0.3197,0.331,7362748.0,FETUSDT
2022-04-25 12:00:00,0.3313,0.342,0.3273,0.3301,11113141.0,FETUSDT
2022-04-25 16:00:00,0.3299,0.3357,0.3234,0.3342,6089620.0,FETUSDT
2022-04-25 20:00:00,0.3339,0.3409,0.3326,0.3356,4523561.0,FETUSDT
2022-04-26 00:00:00,0.3356,0.341,0.3332,0.3377,1926645.0,FETUSDT
2022-04-26 04:00:00,0.3379,0.346,0.3365,0.3392,2931608.0,FETUSDT
2022-04-26 08:00:00,0.3391,0.3401,0.3262,0.3292,2746798.0,FETUSDT
2022-04-26 12:00:00,0.329,0.3298,0.3148,0.3153,3155382.0,FETUSDT
2022-04-26 16:00:00,0.315,0.3198,0.3052,0.3069,3064721.0,FETUSDT
2022-04-26 20:00:00,0.3066,0.3107,0.2978,0.3033,3578835.0,FETUSDT
2022-04-27 00:00:00,0.3033,0.3141,0.3011,0.3108,2801963.0,FETUSDT
2022-04-27 04:00:00,0.3106,0.3138,0.3104,0.3135,992362.0,FETUSDT
2022-04-27 08:00:00,0.3135,0.3365,0.3087,0.3124,6266159.0,FETUSDT
2022-04-27 12:00:00,0.3125,0.3213,0.3096,0.3146,1433624.0,FETUSDT
2022-04-27 16:00:00,0.3147,0.316,0.3072,0.3087,1189217.0,FETUSDT
2022-04-27 20:00:00,0.3088,0.314,0.3085,0.3129,636853.0,FETUSDT
2022-04-28 00:00:00,0.3127,0.3161,0.3113,0.3126,1764659.0,FETUSDT
2022-04-28 04:00:00,0.3124,0.3205,0.3115,0.3161,965893.0,FETUSDT
2022-04-28 08:00:00,0.316,0.3212,0.315,0.3188,1414583.0,FETUSDT
2022-04-28 12:00:00,0.3185,0.319,0.3029,0.3094,3259843.0,FETUSDT
2022-04-28 16:00:00,0.3092,0.3152,0.3065,0.3112,1552556.0,FETUSDT
2022-04-28 20:00:00,0.3117,0.314,0.3065,0.3087,876849.0,FETUSDT
2022-04-29 00:00:00,0.3087,0.3092,0.3007,0.3029,734241.0,FETUSDT
2022-04-29 04:00:00,0.3033,0.3065,0.3,0.3034,875687.0,FETUSDT
2022-04-29 08:00:00,0.3031,0.3034,0.288,0.2884,2631852.0,FETUSDT
2022-04-29 12:00:00,0.2881,0.2945,0.287,0.2909,1204478.0,FETUSDT
2022-04-29 16:00:00,0.2911,0.2941,0.2773,0.281,1322051.0,FETUSDT
2022-04-29 20:00:00,0.2811,0.2853,0.2792,0.2848,855519.0,FETUSDT
2022-04-30 00:00:00,0.2848,0.2874,0.279,0.2802,765506.0,FETUSDT
2022-04-30 04:00:00,0.2804,0.285,0.2792,0.2833,539980.0,FETUSDT
2022-04-30 08:00:00,0.2833,0.2841,0.281,0.2831,470474.0,FETUSDT
2022-04-30 12:00:00,0.2833,0.2839,0.2747,0.2774,1457088.0,FETUSDT
2022-04-30 16:00:00,0.2775,0.2787,0.2702,0.2729,2071656.0,FETUSDT
2022-04-30 20:00:00,0.273,0.2735,0.258,0.2582,2333972.0,FETUSDT
2022-05-01 00:00:00,0.2583,0.2636,0.2511,0.2581,1734989.0,FETUSDT
2022-05-01 04:00:00,0.2579,0.2644,0.2549,0.2583,1209601.0,FETUSDT
2022-05-01 08:00:00,0.2583,0.2655,0.2578,0.2581,1409347.0,FETUSDT
2022-05-01 12:00:00,0.2578,0.2676,0.2564,0.267,918215.0,FETUSDT
2022-05-01 16:00:00,0.2671,0.274,0.2592,0.2625,3913314.0,FETUSDT
2022-05-01 20:00:00,0.2622,0.2744,0.2606,0.2704,1766874.0,FETUSDT
2022-05-02 00:00:00,0.2704,0.2783,0.268,0.2704,3052137.0,FETUSDT
2022-05-02 04:00:00,0.2701,0.2767,0.268,0.2734,1558393.0,FETUSDT
2022-05-02 08:00:00,0.2735,0.2746,0.2655,0.2672,1877231.0,FETUSDT
2022-05-02 12:00:00,0.2667,0.2743,0.2638,0.2672,3353746.0,FETUSDT
2022-05-02 16:00:00,0.2672,0.2683,0.254,0.2608,2001761.0,FETUSDT
2022-05-02 20:00:00,0.2608,0.2669,0.2574,0.2632,1791997.0,FETUSDT
2022-05-03 00:00:00,0.2635,0.2636,0.2597,0.2605,677089.0,FETUSDT
2022-05-03 04:00:00,0.2607,0.2696,0.2593,0.2691,1331473.0,FETUSDT
2022-05-03 08:00:00,0.2692,0.275,0.2687,0.275,1101374.0,FETUSDT
2022-05-03 12:00:00,0.2749,0.275,0.2681,0.2715,1273336.0,FETUSDT
2022-05-03 16:00:00,0.2715,0.2722,0.2614,0.2639,1914814.0,FETUSDT
2022-05-03 20:00:00,0.2633,0.2919,0.2604,0.2677,9126012.0,FETUSDT
2022-05-04 00:00:00,0.2681,0.2795,0.267,0.2759,2348239.0,FETUSDT
2022-05-04 04:00:00,0.2759,0.2897,0.2743,0.2844,14954920.0,FETUSDT
2022-05-04 08:00:00,0.2844,0.2909,0.2807,0.2873,7008552.0,FETUSDT
2022-05-04 12:00:00,0.2873,0.2927,0.2801,0.2843,10050660.0,FETUSDT
2022-05-04 16:00:00,0.2839,0.3008,0.2805,0.3004,9401992.0,FETUSDT
2022-05-04 20:00:00,0.3004,0.305,0.2882,0.2887,2398257.0,FETUSDT
2022-05-05 00:00:00,0.2887,0.2964,0.2867,0.2926,5302796.0,FETUSDT
2022-05-05 04:00:00,0.2924,0.2935,0.2873,0.2929,1858845.0,FETUSDT
2022-05-05 08:00:00,0.2928,0.293,0.2844,0.2887,3231224.0,FETUSDT
2022-05-05 12:00:00,0.2889,0.2927,0.2665,0.2691,9059330.0,FETUSDT
2022-05-05 16:00:00,0.2689,0.2729,0.2566,0.2657,4185173.0,FETUSDT
2022-05-05 20:00:00,0.2662,0.2694,0.2639,0.2691,848137.0,FETUSDT
2022-05-06 00:00:00,0.2691,0.2701,0.2646,0.2678,832695.0,FETUSDT
2022-05-06 04:00:00,0.2674,0.2682,0.26,0.2647,544143.0,FETUSDT
2022-05-06 08:00:00,0.2643,0.2695,0.2579,0.2616,3929803.0,FETUSDT
2022-05-06 12:00:00,0.2616,0.2664,0.2562,0.2616,2840599.0,FETUSDT
2022-05-06 16:00:00,0.2615,0.264,0.247,0.2587,2166917.0,FETUSDT
2022-05-06 20:00:00,0.2584,0.2612,0.2568,0.2599,1386970.0,FETUSDT
2022-05-07 00:00:00,0.2597,0.2605,0.2551,0.2554,575312.0,FETUSDT
2022-05-07 04:00:00,0.255,0.2578,0.253,0.2575,525357.0,FETUSDT
2022-05-07 08:00:00,0.2574,0.27,0.2573,0.2637,2632657.0,FETUSDT
2022-05-07 12:00:00,0.2636,0.2647,0.2596,0.2625,625958.0,FETUSDT
2022-05-07 16:00:00,0.2623,0.2631,0.26,0.2602,281201.0,FETUSDT
2022-05-07 20:00:00,0.2601,0.268,0.2493,0.2571,4164409.0,FETUSDT
2022-05-08 00:00:00,0.257,0.2587,0.251,0.2524,2078129.0,FETUSDT
2022-05-08 04:00:00,0.2529,0.2663,0.2529,0.2559,1851303.0,FETUSDT
2022-05-08 08:00:00,0.2559,0.2567,0.2505,0.2545,969404.0,FETUSDT
2022-05-08 12:00:00,0.2547,0.2552,0.2483,0.2507,1011232.0,FETUSDT
2022-05-08 16:00:00,0.2508,0.255,0.245,0.2519,2134403.0,FETUSDT
2022-05-08 20:00:00,0.2519,0.2523,0.2412,0.2428,1165612.0,FETUSDT
2022-05-09 00:00:00,0.2426,0.247,0.2292,0.2306,4383300.0,FETUSDT
2022-05-09 04:00:00,0.2303,0.2349,0.2262,0.2292,5270839.0,FETUSDT
2022-05-09 08:00:00,0.2293,0.2309,0.2178,0.2227,2499123.0,FETUSDT
2022-05-09 12:00:00,0.2224,0.2276,0.216,0.2182,5268527.0,FETUSDT
2022-05-09 16:00:00,0.2183,0.2215,0.202,0.2081,5633470.0,FETUSDT
2022-05-09 20:00:00,0.2083,0.2171,0.1935,0.1943,4131462.0,FETUSDT
2022-05-10 00:00:00,0.1941,0.2188,0.1882,0.1934,6022580.3,FETUSDT
2022-05-10 04:00:00,0.1935,0.223,0.1925,0.2137,3556623.0,FETUSDT
2022-05-10 08:00:00,0.2129,0.2226,0.2085,0.2153,3470565.0,FETUSDT
2022-05-10 12:00:00,0.2152,0.2224,0.206,0.211,2822659.0,FETUSDT
2022-05-10 16:00:00,0.2113,0.2174,0.2022,0.203,5254560.0,FETUSDT
2022-05-10 20:00:00,0.203,0.2031,0.1898,0.1979,3612368.0,FETUSDT
2022-05-11 00:00:00,0.1981,0.202,0.1897,0.1924,2357527.0,FETUSDT
2022-05-11 04:00:00,0.1929,0.1953,0.1654,0.1718,6265596.0,FETUSDT
2022-05-11 08:00:00,0.172,0.1827,0.1703,0.1734,4790763.0,FETUSDT
2022-05-11 12:00:00,0.1733,0.1759,0.1354,0.1495,11679107.7,FETUSDT
2022-05-11 16:00:00,0.1497,0.1505,0.1386,0.1397,3608577.0,FETUSDT
2022-05-11 20:00:00,0.1395,0.1424,0.1208,0.133,6239323.9,FETUSDT
2022-05-12 00:00:00,0.133,0.1845,0.1329,0.1495,10007575.0,FETUSDT
2022-05-12 04:00:00,0.1494,0.1586,0.131,0.1516,8590222.0,FETUSDT
2022-05-12 08:00:00,0.1515,0.1535,0.1429,0.1437,4505746.0,FETUSDT
2022-05-12 12:00:00,0.1438,0.1505,0.139,0.1442,3867456.0,FETUSDT
2022-05-12 16:00:00,0.1436,0.1571,0.1415,0.1454,4310979.0,FETUSDT
2022-05-12 20:00:00,0.1448,0.1453,0.1352,0.142,3001652.0,FETUSDT
2022-05-13 00:00:00,0.142,0.1871,0.1394,0.1717,3477911.0,FETUSDT
2022-05-13 04:00:00,0.1718,0.1817,0.1633,0.1669,3128225.0,FETUSDT
2022-05-13 08:00:00,0.1672,0.1818,0.1672,0.1807,2704444.0,FETUSDT
2022-05-13 12:00:00,0.1808,0.1841,0.1752,0.1766,2269784.0,FETUSDT
2022-05-13 16:00:00,0.1766,0.18,0.1643,0.1685,3082495.0,FETUSDT
2022-05-13 20:00:00,0.1682,0.171,0.1589,0.1593,1313461.0,FETUSDT
2022-05-14 00:00:00,0.159,0.1628,0.1577,0.1585,1926923.0,FETUSDT
2022-05-14 04:00:00,0.1582,0.1601,0.1539,0.157,1147656.0,FETUSDT
2022-05-14 08:00:00,0.157,0.175,0.1452,0.1641,7125792.0,FETUSDT
2022-05-14 12:00:00,0.1642,0.1884,0.1532,0.1642,7124430.0,FETUSDT
2022-05-14 16:00:00,0.1641,0.174,0.1614,0.1675,2046037.0,FETUSDT
2022-05-14 20:00:00,0.1675,0.1749,0.1643,0.1724,1408038.0,FETUSDT
2022-05-15 00:00:00,0.1724,0.179,0.1695,0.1771,1762434.0,FETUSDT
2022-05-15 04:00:00,0.1765,0.1846,0.1746,0.1779,2531365.0,FETUSDT
2022-05-15 08:00:00,0.1782,0.1791,0.1712,0.1776,2591583.0,FETUSDT
2022-05-15 12:00:00,0.1772,0.1806,0.1686,0.1709,2025468.0,FETUSDT
2022-05-15 16:00:00,0.1711,0.1774,0.1696,0.1752,1966209.0,FETUSDT
2022-05-15 20:00:00,0.1756,0.1815,0.1742,0.1814,1594445.0,FETUSDT
2022-05-16 00:00:00,0.181,0.1811,0.1711,0.1722,826038.0,FETUSDT
2022-05-16 04:00:00,0.1719,0.1757,0.1671,0.1694,1485676.0,FETUSDT
2022-05-16 08:00:00,0.1693,0.1782,0.1683,0.1725,1528656.0,FETUSDT
2022-05-16 12:00:00,0.1726,0.1875,0.17,0.1782,6099202.0,FETUSDT
2022-05-16 16:00:00,0.1779,0.1828,0.1744,0.1771,3571641.0,FETUSDT
2022-05-16 20:00:00,0.1771,0.185,0.1771,0.1839,1118137.0,FETUSDT
2022-05-17 00:00:00,0.1843,0.19,0.1842,0.1893,3536418.0,FETUSDT
2022-05-17 04:00:00,0.1891,0.1999,0.1876,0.1939,2337132.0,FETUSDT
2022-05-17 08:00:00,0.194,0.2008,0.1922,0.1923,2255432.0,FETUSDT
2022-05-17 12:00:00,0.1925,0.1984,0.1802,0.1849,4822856.0,FETUSDT
2022-05-17 16:00:00,0.1844,0.1852,0.178,0.1839,3492483.0,FETUSDT
2022-05-17 20:00:00,0.1836,0.1931,0.1832,0.1898,3005867.0,FETUSDT
2022-05-18 00:00:00,0.1896,0.1926,0.1829,0.1832,876925.0,FETUSDT
2022-05-18 04:00:00,0.1838,0.1869,0.1821,0.1844,849321.0,FETUSDT
2022-05-18 08:00:00,0.1846,0.185,0.1783,0.1791,2026248.0,FETUSDT
2022-05-18 12:00:00,0.1797,0.1798,0.1687,0.1726,3268340.0,FETUSDT
2022-05-18 16:00:00,0.1725,0.1762,0.1688,0.1737,2068437.0,FETUSDT
2022-05-18 20:00:00,0.1737,0.1742,0.1672,0.1679,1272662.0,FETUSDT
2022-05-19 00:00:00,0.1674,0.1704,0.1611,0.1688,1274066.0,FETUSDT
2022-05-19 04:00:00,0.1686,0.1727,0.1663,0.1702,1153414.0,FETUSDT
2022-05-19 08:00:00,0.1701,0.1754,0.1655,0.1748,1439050.0,FETUSDT
2022-05-19 12:00:00,0.1748,0.1834,0.1725,0.18,4423513.0,FETUSDT
2022-05-19 16:00:00,0.18,0.18,0.1753,0.1778,1704868.0,FETUSDT
2022-05-19 20:00:00,0.1772,0.183,0.1764,0.1801,2379283.0,FETUSDT
2022-05-20 00:00:00,0.18,0.1827,0.1767,0.1777,992405.0,FETUSDT
2022-05-20 04:00:00,0.1777,0.1798,0.1735,0.1764,1486041.0,FETUSDT
2022-05-20 08:00:00,0.1764,0.1808,0.1753,0.1778,1451112.0,FETUSDT
2022-05-20 12:00:00,0.1776,0.1781,0.1668,0.1699,2907285.0,FETUSDT
2022-05-20 16:00:00,0.1697,0.1702,0.1661,0.1699,2011683.0,FETUSDT
2022-05-20 20:00:00,0.1695,0.1708,0.1657,0.1681,980590.0,FETUSDT
2022-05-21 00:00:00,0.1676,0.1687,0.1647,0.1683,709445.0,FETUSDT
2022-05-21 04:00:00,0.1683,0.1715,0.1667,0.1696,552790.0,FETUSDT
2022-05-21 08:00:00,0.1692,0.1696,0.1669,0.1683,1151764.0,FETUSDT
2022-05-21 12:00:00,0.1681,0.1726,0.1672,0.1724,784911.0,FETUSDT
2022-05-21 16:00:00,0.1724,0.1735,0.1705,0.1708,1050995.0,FETUSDT
2022-05-21 20:00:00,0.1705,0.1738,0.1694,0.1732,484877.0,FETUSDT
2022-05-22 00:00:00,0.173,0.1732,0.1693,0.1697,1182558.0,FETUSDT
2022-05-22 04:00:00,0.1695,0.1721,0.1675,0.1716,840177.0,FETUSDT
2022-05-22 08:00:00,0.1715,0.1758,0.1703,0.1713,1768562.0,FETUSDT
2022-05-22 12:00:00,0.1714,0.1735,0.1684,0.17,981389.0,FETUSDT
2022-05-22 16:00:00,0.1701,0.1727,0.1685,0.1715,744595.0,FETUSDT
2022-05-22 20:00:00,0.1713,0.1747,0.1704,0.1735,2563460.0,FETUSDT
2022-05-23 00:00:00,0.1733,0.178,0.17,0.1716,2292886.0,FETUSDT
2022-05-23 04:00:00,0.1716,0.1794,0.1716,0.1774,1139104.0,FETUSDT
2022-05-23 08:00:00,0.1776,0.1782,0.1731,0.1733,2498171.0,FETUSDT
2022-05-23 12:00:00,0.1732,0.1764,0.1709,0.175,2507993.0,FETUSDT
2022-05-23 16:00:00,0.1746,0.1771,0.1657,0.1669,2760488.0,FETUSDT
2022-05-23 20:00:00,0.1668,0.1703,0.1624,0.1644,1195557.0,FETUSDT
2022-05-24 00:00:00,0.1646,0.1672,0.1636,0.1671,614618.0,FETUSDT
2022-05-24 04:00:00,0.1668,0.1683,0.1648,0.1664,661603.0,FETUSDT
2022-05-24 08:00:00,0.1665,0.1665,0.1602,0.1631,1349127.0,FETUSDT
2022-05-24 12:00:00,0.1631,0.164,0.1534,0.1618,2857373.0,FETUSDT
2022-05-24 16:00:00,0.1615,0.1642,0.159,0.1613,1108172.0,FETUSDT
2022-05-24 20:00:00,0.1615,0.1653,0.1602,0.1637,747109.0,FETUSDT
2022-05-25 00:00:00,0.1635,0.166,0.1608,0.165,940286.0,FETUSDT
2022-05-25 04:00:00,0.1651,0.1661,0.1594,0.1613,1064441.0,FETUSDT
2022-05-25 08:00:00,0.1613,0.1637,0.1579,0.158,725118.0,FETUSDT
2022-05-25 12:00:00,0.1577,0.1618,0.1572,0.159,999973.0,FETUSDT
2022-05-25 16:00:00,0.1589,0.1622,0.1577,0.1596,1350238.0,FETUSDT
2022-05-25 20:00:00,0.1595,0.162,0.1589,0.1592,525810.0,FETUSDT
2022-05-26 00:00:00,0.1592,0.1625,0.1579,0.1588,663080.0,FETUSDT
2022-05-26 04:00:00,0.1589,0.1589,0.1508,0.153,1522688.0,FETUSDT
2022-05-26 08:00:00,0.153,0.153,0.1456,0.1473,1903928.0,FETUSDT
2022-05-26 12:00:00,0.147,0.1518,0.1392,0.1501,4060390.0,FETUSDT
2022-05-26 16:00:00,0.1503,0.1531,0.1448,0.1457,1404091.0,FETUSDT
2022-05-26 20:00:00,0.1458,0.1493,0.1433,0.1438,861501.0,FETUSDT
2022-05-27 00:00:00,0.1437,0.152,0.1405,0.145,2698320.0,FETUSDT
2022-05-27 04:00:00,0.145,0.1478,0.1386,0.1451,1476088.0,FETUSDT
2022-05-27 08:00:00,0.1452,0.1481,0.1434,0.1447,7427525.0,FETUSDT
2022-05-27 12:00:00,0.1448,0.1481,0.1404,0.1414,6065238.0,FETUSDT
2022-05-27 16:00:00,0.1412,0.1419,0.135,0.1397,7347297.0,FETUSDT
2022-05-27 20:00:00,0.1396,0.1448,0.139,0.1396,4294942.0,FETUSDT
2022-05-28 00:00:00,0.1397,0.1429,0.1385,0.1426,4127506.0,FETUSDT
2022-05-28 04:00:00,0.1426,0.1443,0.141,0.1416,1801682.0,FETUSDT
2022-05-28 08:00:00,0.1415,0.1454,0.1395,0.1428,3274533.0,FETUSDT
2022-05-28 12:00:00,0.1426,0.1489,0.1426,0.1487,5708348.0,FETUSDT
2022-05-28 16:00:00,0.1485,0.168,0.1478,0.158,24095706.0,FETUSDT
2022-05-28 20:00:00,0.1577,0.1669,0.1566,0.1567,6316882.0,FETUSDT
2022-05-29 00:00:00,0.1567,0.1669,0.1555,0.1627,4910146.0,FETUSDT
2022-05-29 04:00:00,0.1627,0.1706,0.1581,0.1588,14304202.0,FETUSDT
2022-05-29 08:00:00,0.1588,0.1603,0.1546,0.1592,2826712.0,FETUSDT
2022-05-29 12:00:00,0.1592,0.1626,0.1572,0.1581,4620144.0,FETUSDT
2022-05-29 16:00:00,0.1581,0.1591,0.1559,0.1566,5151282.0,FETUSDT
2022-05-29 20:00:00,0.1564,0.1596,0.1563,0.1591,2055613.0,FETUSDT
2022-05-30 00:00:00,0.1591,0.1686,0.158,0.1665,4174995.0,FETUSDT
2022-05-30 04:00:00,0.1665,0.1732,0.1646,0.1713,3796395.0,FETUSDT
2022-05-30 08:00:00,0.1712,0.1717,0.1652,0.1679,3892380.0,FETUSDT
2022-05-30 12:00:00,0.1677,0.1703,0.1642,0.1686,2815541.0,FETUSDT
2022-05-30 16:00:00,0.1684,0.1715,0.1663,0.167,1400847.0,FETUSDT
2022-05-30 20:00:00,0.1668,0.1743,0.1664,0.1673,2791008.0,FETUSDT
2022-05-31 00:00:00,0.167,0.173,0.1633,0.1716,4127990.0,FETUSDT
2022-05-31 04:00:00,0.1714,0.1745,0.1651,0.1681,2631225.0,FETUSDT
2022-05-31 08:00:00,0.168,0.1709,0.167,0.1693,2381329.0,FETUSDT
2022-05-31 12:00:00,0.1695,0.1716,0.162,0.1698,3277580.0,FETUSDT
2022-05-31 16:00:00,0.1698,0.173,0.1664,0.169,2288715.0,FETUSDT
2022-05-31 20:00:00,0.169,0.1738,0.1677,0.1694,4686216.0,FETUSDT
2022-06-01 00:00:00,0.1695,0.1739,0.166,0.1665,3147283.0,FETUSDT
2022-06-01 04:00:00,0.1666,0.1709,0.1652,0.1668,1887106.0,FETUSDT
2022-06-01 08:00:00,0.1668,0.1695,0.1654,0.1666,1619164.0,FETUSDT
2022-06-01 12:00:00,0.1666,0.1705,0.1592,0.1597,5333552.0,FETUSDT
2022-06-01 16:00:00,0.1593,0.1596,0.1538,0.1558,3293247.0,FETUSDT
2022-06-01 20:00:00,0.1559,0.1561,0.15,0.1531,4759005.0,FETUSDT
2022-06-02 00:00:00,0.1531,0.1536,0.15,0.1507,2291810.0,FETUSDT
2022-06-02 04:00:00,0.1508,0.155,0.15,0.1536,1328376.0,FETUSDT
2022-06-02 08:00:00,0.1536,0.1568,0.153,0.1565,5255924.0,FETUSDT
2022-06-02 12:00:00,0.1565,0.1578,0.152,0.1555,2870862.0,FETUSDT
2022-06-02 16:00:00,0.1556,0.1628,0.1554,0.1612,4913844.0,FETUSDT
2022-06-02 20:00:00,0.161,0.165,0.1597,0.1636,5300286.0,FETUSDT
2022-06-03 00:00:00,0.1633,0.1649,0.1624,0.1632,3427412.0,FETUSDT
2022-06-03 04:00:00,0.1632,0.1659,0.1617,0.1625,9411977.0,FETUSDT
2022-06-03 08:00:00,0.1628,0.163,0.1525,0.1544,4550476.0,FETUSDT
2022-06-03 12:00:00,0.1543,0.1549,0.1513,0.1519,2589555.0,FETUSDT
2022-06-03 16:00:00,0.1525,0.1545,0.1516,0.1532,3314129.0,FETUSDT
2022-06-03 20:00:00,0.1531,0.1586,0.1525,0.1533,3266236.0,FETUSDT
2022-06-04 00:00:00,0.1532,0.1539,0.1491,0.1494,4347651.0,FETUSDT
2022-06-04 04:00:00,0.1493,0.1523,0.1493,0.1523,1669655.0,FETUSDT
2022-06-04 08:00:00,0.1522,0.1544,0.1515,0.1521,1837112.0,FETUSDT
2022-06-04 12:00:00,0.1517,0.1538,0.1494,0.153,5350076.0,FETUSDT
2022-06-04 16:00:00,0.153,0.1534,0.1498,0.1504,1415088.0,FETUSDT
2022-06-04 20:00:00,0.1507,0.1538,0.1505,0.1529,2458371.0,FETUSDT
2022-06-05 00:00:00,0.153,0.1537,0.1439,0.1463,5573846.0,FETUSDT
2022-06-05 04:00:00,0.1462,0.1473,0.1447,0.1459,1919722.0,FETUSDT
2022-06-05 08:00:00,0.1461,0.1493,0.1446,0.1488,3403031.0,FETUSDT
2022-06-05 12:00:00,0.1485,0.1496,0.1461,0.1495,3829708.0,FETUSDT
2022-06-05 16:00:00,0.1494,0.1513,0.1489,0.1509,4783921.0,FETUSDT
2022-06-05 20:00:00,0.1509,0.1519,0.1467,0.1469,2867934.0,FETUSDT
2022-06-06 00:00:00,0.1469,0.1531,0.1468,0.153,2009952.0,FETUSDT
2022-06-06 04:00:00,0.1531,0.1553,0.1506,0.1548,2973234.0,FETUSDT
2022-06-06 08:00:00,0.1548,0.1573,0.1537,0.1559,5388237.0,FETUSDT
2022-06-06 12:00:00,0.1558,0.1559,0.1525,0.1535,4131847.0,FETUSDT
2022-06-06 16:00:00,0.1539,0.1539,0.1497,0.1519,4906229.0,FETUSDT
2022-06-06 20:00:00,0.1519,0.1519,0.1481,0.149,4620653.0,FETUSDT
2022-06-07 00:00:00,0.1488,0.149,0.1391,0.1409,4657239.0,FETUSDT
2022-06-07 04:00:00,0.1409,0.1423,0.1396,0.142,1740055.0,FETUSDT
2022-06-07 08:00:00,0.1423,0.146,0.1415,0.1432,3984826.0,FETUSDT
2022-06-07 12:00:00,0.1429,0.1457,0.1421,0.1448,2956657.0,FETUSDT
2022-06-07 16:00:00,0.1446,0.1645,0.1439,0.1554,23681095.0,FETUSDT
2022-06-07 20:00:00,0.1556,0.1649,0.1494,0.1526,15562286.0,FETUSDT
2022-06-08 00:00:00,0.1529,0.1575,0.1501,0.1515,5199030.0,FETUSDT
2022-06-08 04:00:00,0.1516,0.1741,0.1516,0.1583,20298263.0,FETUSDT
2022-06-08 08:00:00,0.1584,0.1589,0.1532,0.1549,3620472.0,FETUSDT
2022-06-08 12:00:00,0.1552,0.1566,0.1512,0.1538,3865662.0,FETUSDT
2022-06-08 16:00:00,0.1537,0.1542,0.1495,0.1495,2265217.0,FETUSDT
2022-06-08 20:00:00,0.1495,0.1515,0.1492,0.1503,1945089.0,FETUSDT
2022-06-09 00:00:00,0.1502,0.1529,0.1491,0.1513,1090701.0,FETUSDT
2022-06-09 04:00:00,0.1513,0.1527,0.1504,0.1515,1343737.0,FETUSDT
2022-06-09 08:00:00,0.1516,0.155,0.1509,0.1513,1706163.0,FETUSDT
2022-06-09 12:00:00,0.1512,0.1607,0.1505,0.1595,7937901.0,FETUSDT
2022-06-09 16:00:00,0.1593,0.1678,0.1565,0.1576,16078632.0,FETUSDT
2022-06-09 20:00:00,0.1578,0.1603,0.1537,0.1544,3059277.0,FETUSDT
2022-06-10 00:00:00,0.1544,0.162,0.1511,0.161,3985349.0,FETUSDT
2022-06-10 04:00:00,0.1611,0.1679,0.1584,0.1633,6555851.0,FETUSDT
2022-06-10 08:00:00,0.163,0.1652,0.1549,0.1566,10008356.0,FETUSDT
2022-06-10 12:00:00,0.1566,0.1585,0.1468,0.1495,10157662.0,FETUSDT
2022-06-10 16:00:00,0.1494,0.1497,0.1444,0.1457,4351557.0,FETUSDT
2022-06-10 20:00:00,0.1455,0.1482,0.1435,0.1441,2744213.0,FETUSDT
2022-06-11 00:00:00,0.1443,0.1494,0.143,0.1486,5567243.0,FETUSDT
2022-06-11 04:00:00,0.1488,0.1501,0.1476,0.1498,763534.0,FETUSDT
2022-06-11 08:00:00,0.1498,0.1499,0.1403,0.1407,3784507.0,FETUSDT
2022-06-11 12:00:00,0.1408,0.1427,0.1338,0.1369,3480893.0,FETUSDT
2022-06-11 16:00:00,0.1368,0.142,0.1348,0.1387,5016486.0,FETUSDT
2022-06-11 20:00:00,0.1386,0.1388,0.1349,0.1363,2570135.0,FETUSDT
2022-06-12 00:00:00,0.1361,0.137,0.1259,0.128,4909119.0,FETUSDT
2022-06-12 04:00:00,0.1278,0.1294,0.123,0.1287,2645598.0,FETUSDT
2022-06-12 08:00:00,0.1282,0.1313,0.1241,0.1266,2421182.0,FETUSDT
2022-06-12 12:00:00,0.1265,0.1383,0.1205,0.1295,33691408.0,FETUSDT
2022-06-12 16:00:00,0.1293,0.1298,0.1209,0.1223,5627565.0,FETUSDT
2022-06-12 20:00:00,0.1222,0.1235,0.1132,0.1135,4328450.0,FETUSDT
2022-06-13 00:00:00,0.1136,0.1164,0.1068,0.1109,8632879.0,FETUSDT
2022-06-13 04:00:00,0.1111,0.1153,0.1069,0.1085,7902446.0,FETUSDT
2022-06-13 08:00:00,0.1085,0.1153,0.1036,0.1106,7950263.0,FETUSDT
2022-06-13 12:00:00,0.1107,0.1162,0.1074,0.1138,7058549.0,FETUSDT
2022-06-13 16:00:00,0.1138,0.1179,0.1113,0.1133,7469579.0,FETUSDT
2022-06-13 20:00:00,0.1135,0.1156,0.1065,0.1098,5522158.0,FETUSDT
2022-06-14 00:00:00,0.1099,0.1105,0.1019,0.1095,6645690.0,FETUSDT
2022-06-14 04:00:00,0.1096,0.1135,0.1058,0.1128,4317404.0,FETUSDT
2022-06-14 08:00:00,0.1128,0.1132,0.107,0.108,4459562.0,FETUSDT
2022-06-14 12:00:00,0.1083,0.112,0.1062,0.1114,3254237.0,FETUSDT
2022-06-14 16:00:00,0.1112,0.1147,0.1082,0.1091,4326032.0,FETUSDT
2022-06-14 20:00:00,0.1092,0.1105,0.1064,0.1093,1932298.0,FETUSDT
2022-06-15 00:00:00,0.1093,0.1098,0.1045,0.1046,1516064.0,FETUSDT
2022-06-15 04:00:00,0.1046,0.1049,0.0946,0.0953,10105077.0,FETUSDT
2022-06-15 08:00:00,0.0953,0.0957,0.0856,0.0923,32681942.0,FETUSDT
2022-06-15 12:00:00,0.0923,0.0938,0.0866,0.0883,33357130.0,FETUSDT
2022-06-15 16:00:00,0.0883,0.0972,0.0852,0.0926,23308643.0,FETUSDT
2022-06-15 20:00:00,0.0926,0.1082,0.0926,0.1079,14548155.0,FETUSDT
2022-06-16 00:00:00,0.1076,0.1091,0.1023,0.1062,6900415.0,FETUSDT
2022-06-16 04:00:00,0.1062,0.108,0.0949,0.0972,8963279.0,FETUSDT
2022-06-16 08:00:00,0.0974,0.0976,0.0874,0.0881,15039173.0,FETUSDT
2022-06-16 12:00:00,0.0881,0.0904,0.0845,0.0869,28706475.0,FETUSDT
2022-06-16 16:00:00,0.0869,0.0884,0.0851,0.0855,12924139.0,FETUSDT
2022-06-16 20:00:00,0.0855,0.0868,0.0808,0.0828,11219485.0,FETUSDT
2022-06-17 00:00:00,0.0828,0.0848,0.0797,0.0801,13620745.0,FETUSDT
2022-06-17 04:00:00,0.0801,0.0827,0.0761,0.0823,30975898.0,FETUSDT
2022-06-17 08:00:00,0.0825,0.0834,0.0806,0.0817,12350731.0,FETUSDT
2022-06-17 12:00:00,0.0817,0.082,0.0762,0.0803,18636118.0,FETUSDT
2022-06-17 16:00:00,0.0804,0.0815,0.0793,0.0799,4612260.0,FETUSDT
2022-06-17 20:00:00,0.0799,0.082,0.0796,0.08,3694178.0,FETUSDT
2022-06-18 00:00:00,0.08,0.0813,0.0792,0.0805,2680630.0,FETUSDT
2022-06-18 04:00:00,0.0806,0.091,0.0753,0.0761,50530023.0,FETUSDT
2022-06-18 08:00:00,0.076,0.0777,0.0737,0.0752,15146949.0,FETUSDT
2022-06-18 12:00:00,0.0752,0.0762,0.072,0.0722,10493717.0,FETUSDT
2022-06-18 16:00:00,0.0721,0.0734,0.0682,0.0684,10446960.0,FETUSDT
2022-06-18 20:00:00,0.0683,0.076,0.0662,0.075,14480718.0,FETUSDT
2022-06-19 00:00:00,0.075,0.0775,0.0727,0.0729,4537578.0,FETUSDT
2022-06-19 04:00:00,0.0729,0.0743,0.0706,0.0723,6831018.0,FETUSDT
2022-06-19 08:00:00,0.0724,0.0785,0.0718,0.0766,7133176.0,FETUSDT
2022-06-19 12:00:00,0.0766,0.078,0.0742,0.077,4385562.0,FETUSDT
2022-06-19 16:00:00,0.0768,0.0791,0.0754,0.0783,4747757.0,FETUSDT
2022-06-19 20:00:00,0.0781,0.0807,0.0775,0.0792,6959579.0,FETUSDT
2022-06-20 00:00:00,0.0791,0.0794,0.0747,0.0765,4981937.0,FETUSDT
2022-06-20 04:00:00,0.0765,0.0771,0.0743,0.0761,4074471.0,FETUSDT
2022-06-20 08:00:00,0.0761,0.0823,0.0761,0.0814,7962815.0,FETUSDT
2022-06-20 12:00:00,0.0812,0.0828,0.0791,0.0806,10084061.0,FETUSDT
2022-06-20 16:00:00,0.0807,0.0807,0.0764,0.0784,10868077.0,FETUSDT
2022-06-20 20:00:00,0.0782,0.0823,0.0766,0.0801,11374281.0,FETUSDT
2022-06-21 00:00:00,0.0802,0.0834,0.0799,0.0823,5167702.0,FETUSDT
2022-06-21 04:00:00,0.0822,0.0874,0.081,0.0834,6956476.0,FETUSDT
2022-06-21 08:00:00,0.0834,0.0874,0.0825,0.083,9433748.0,FETUSDT
2022-06-21 12:00:00,0.083,0.0874,0.0825,0.0856,11199311.0,FETUSDT
2022-06-21 16:00:00,0.0857,0.0876,0.0815,0.0815,12958761.0,FETUSDT
2022-06-21 20:00:00,0.0817,0.0837,0.0803,0.0814,5890893.0,FETUSDT
2022-06-22 00:00:00,0.0814,0.0831,0.0796,0.0811,6085030.0,FETUSDT
2022-06-22 04:00:00,0.081,0.0827,0.0793,0.0794,3560819.0,FETUSDT
2022-06-22 08:00:00,0.0794,0.0853,0.0789,0.0836,7741694.0,FETUSDT
2022-06-22 12:00:00,0.0836,0.088,0.0806,0.084,15921072.0,FETUSDT
2022-06-22 16:00:00,0.0841,0.0859,0.0823,0.0831,12059529.0,FETUSDT
2022-06-22 20:00:00,0.0831,0.0836,0.0809,0.0814,6604381.0,FETUSDT
2022-06-23 00:00:00,0.0816,0.0839,0.0814,0.082,8149540.0,FETUSDT
2022-06-23 04:00:00,0.0817,0.0828,0.0816,0.0816,11069568.0,FETUSDT
2022-06-23 08:00:00,0.0816,0.0822,0.081,0.0819,9336414.0,FETUSDT
2022-06-23 12:00:00,0.0818,0.0826,0.0796,0.0806,9112118.0,FETUSDT
2022-06-23 16:00:00,0.0806,0.082,0.0795,0.0811,9701713.0,FETUSDT
2022-06-23 20:00:00,0.081,0.0844,0.0802,0.0819,17893224.0,FETUSDT
2022-06-24 00:00:00,0.0818,0.0853,0.0818,0.0838,8085772.0,FETUSDT
2022-06-24 04:00:00,0.0838,0.0873,0.0823,0.0851,14109527.0,FETUSDT
2022-06-24 08:00:00,0.0852,0.0863,0.0832,0.0853,9555650.0,FETUSDT
2022-06-24 12:00:00,0.0853,0.0885,0.0846,0.0857,15780854.0,FETUSDT
2022-06-24 16:00:00,0.0857,0.0865,0.0835,0.0865,7714065.0,FETUSDT
2022-06-24 20:00:00,0.0866,0.0913,0.0858,0.09,13460315.0,FETUSDT
2022-06-25 00:00:00,0.09,0.0924,0.088,0.0899,8492982.0,FETUSDT
2022-06-25 04:00:00,0.0899,0.0915,0.0891,0.0899,6520846.0,FETUSDT
2022-06-25 08:00:00,0.0899,0.092,0.089,0.089,6265505.0,FETUSDT
2022-06-25 12:00:00,0.0891,0.0957,0.0875,0.0892,39718719.0,FETUSDT
2022-06-25 16:00:00,0.0891,0.0899,0.0864,0.0874,12581210.0,FETUSDT
2022-06-25 20:00:00,0.0874,0.0902,0.087,0.0887,5478073.0,FETUSDT
2022-06-26 00:00:00,0.0886,0.0939,0.0886,0.093,12653925.0,FETUSDT
2022-06-26 04:00:00,0.0927,0.0946,0.0916,0.0935,6460623.0,FETUSDT
2022-06-26 08:00:00,0.0937,0.0938,0.0916,0.0928,9372716.0,FETUSDT
2022-06-26 12:00:00,0.0929,0.094,0.0884,0.0903,10730853.0,FETUSDT
2022-06-26 16:00:00,0.0903,0.0909,0.0871,0.0885,6057684.0,FETUSDT
2022-06-26 20:00:00,0.0886,0.0904,0.0819,0.0824,11969684.0,FETUSDT
2022-06-27 00:00:00,0.0823,0.0845,0.0798,0.0845,10045227.0,FETUSDT
2022-06-27 04:00:00,0.0843,0.086,0.0837,0.0848,8990382.0,FETUSDT
2022-06-27 08:00:00,0.0849,0.085,0.083,0.0835,13766324.0,FETUSDT
2022-06-27 12:00:00,0.0835,0.0841,0.0785,0.0825,22686829.0,FETUSDT
2022-06-27 16:00:00,0.0826,0.0831,0.0803,0.0821,5550610.0,FETUSDT
2022-06-27 20:00:00,0.0819,0.0837,0.0818,0.0823,5360706.0,FETUSDT
2022-06-28 00:00:00,0.0822,0.0836,0.0804,0.0818,4183606.0,FETUSDT
2022-06-28 04:00:00,0.0817,0.0833,0.0817,0.0824,2695048.0,FETUSDT
2022-06-28 08:00:00,0.0823,0.0845,0.0814,0.0826,5468975.0,FETUSDT
2022-06-28 12:00:00,0.0825,0.0847,0.078,0.0783,13463524.0,FETUSDT
2022-06-28 16:00:00,0.0783,0.0795,0.076,0.0768,7507757.0,FETUSDT
2022-06-28 20:00:00,0.0768,0.0777,0.0754,0.0761,4863581.0,FETUSDT
2022-06-29 00:00:00,0.076,0.0784,0.0755,0.0769,4361322.0,FETUSDT
2022-06-29 04:00:00,0.077,0.0773,0.0727,0.0762,8547242.0,FETUSDT
2022-06-29 08:00:00,0.076,0.077,0.0748,0.0769,3834644.0,FETUSDT
2022-06-29 12:00:00,0.0768,0.0777,0.0747,0.0759,5330474.0,FETUSDT
2022-06-29 16:00:00,0.0758,0.0762,0.0735,0.0761,6383668.0,FETUSDT
2022-06-29 20:00:00,0.0762,0.0802,0.076,0.0767,8740318.0,FETUSDT
2022-06-30 00:00:00,0.0769,0.077,0.0741,0.0757,2945326.0,FETUSDT
2022-06-30 04:00:00,0.0757,0.0758,0.0707,0.0716,5495681.0,FETUSDT
2022-06-30 08:00:00,0.0715,0.0716,0.0688,0.0709,6316512.0,FETUSDT
2022-06-30 12:00:00,0.0708,0.0725,0.069,0.0714,4370857.0,FETUSDT
2022-06-30 16:00:00,0.0713,0.0735,0.07,0.0707,4933432.0,FETUSDT
2022-06-30 20:00:00,0.0706,0.0746,0.0693,0.0746,3863894.0,FETUSDT
2022-07-01 00:00:00,0.0745,0.0782,0.0736,0.0737,3469876.0,FETUSDT
2022-07-01 04:00:00,0.0739,0.0769,0.0732,0.0761,4717100.0,FETUSDT
2022-07-01 08:00:00,0.0759,0.0762,0.0729,0.0739,3171210.0,FETUSDT
2022-07-01 12:00:00,0.074,0.0756,0.0727,0.0735,5079638.0,FETUSDT
2022-07-01 16:00:00,0.0733,0.0759,0.0733,0.0741,3896380.0,FETUSDT
2022-07-01 20:00:00,0.0741,0.0756,0.0734,0.0739,1643521.0,FETUSDT
2022-07-02 00:00:00,0.0739,0.075,0.0723,0.0729,1911407.0,FETUSDT
2022-07-02 04:00:00,0.0728,0.0743,0.0728,0.073,586256.0,FETUSDT
2022-07-02 08:00:00,0.073,0.0831,0.073,0.0758,16302421.0,FETUSDT
2022-07-02 12:00:00,0.0757,0.0786,0.0754,0.076,6280397.0,FETUSDT
2022-07-02 16:00:00,0.0761,0.0774,0.0757,0.0761,4038493.0,FETUSDT
2022-07-02 20:00:00,0.0761,0.0767,0.0757,0.0762,2640079.0,FETUSDT
2022-07-03 00:00:00,0.0762,0.0764,0.0734,0.0748,4373141.0,FETUSDT
2022-07-03 04:00:00,0.0748,0.0756,0.0729,0.0741,3715889.0,FETUSDT
2022-07-03 08:00:00,0.074,0.0784,0.0719,0.0737,14117542.0,FETUSDT
2022-07-03 12:00:00,0.0735,0.0737,0.0712,0.0726,4780079.0,FETUSDT
2022-07-03 16:00:00,0.0725,0.0762,0.0723,0.0755,3389129.0,FETUSDT
2022-07-03 20:00:00,0.0756,0.0761,0.0734,0.0741,2357358.0,FETUSDT
2022-07-04 00:00:00,0.0739,0.0752,0.0725,0.0729,2341035.0,FETUSDT
2022-07-04 04:00:00,0.0728,0.0737,0.0726,0.0731,1330582.0,FETUSDT
2022-07-04 08:00:00,0.0732,0.0763,0.0732,0.0757,2676379.0,FETUSDT
2022-07-04 12:00:00,0.0757,0.0767,0.0745,0.076,4589021.0,FETUSDT
2022-07-04 16:00:00,0.0761,0.0766,0.075,0.0752,2385045.0,FETUSDT
2022-07-04 20:00:00,0.0754,0.0775,0.0749,0.077,2330797.0,FETUSDT
2022-07-05 00:00:00,0.0771,0.0778,0.075,0.0759,5784042.0,FETUSDT
2022-07-05 04:00:00,0.076,0.0773,0.0752,0.0766,3976806.0,FETUSDT
2022-07-05 08:00:00,0.0766,0.0766,0.0725,0.0726,5062113.0,FETUSDT
2022-07-05 12:00:00,0.0728,0.0736,0.0716,0.0728,3164280.0,FETUSDT
2022-07-05 16:00:00,0.0728,0.076,0.0727,0.0757,2767765.0,FETUSDT
2022-07-05 20:00:00,0.0757,0.0768,0.0739,0.0744,2154905.0,FETUSDT
2022-07-06 00:00:00,0.0741,0.0753,0.0731,0.0751,2960859.0,FETUSDT
2022-07-06 04:00:00,0.0749,0.0759,0.074,0.0748,2713076.0,FETUSDT
2022-07-06 08:00:00,0.0748,0.0755,0.0739,0.0741,2201143.0,FETUSDT
2022-07-06 12:00:00,0.074,0.0751,0.0735,0.0747,3627818.0,FETUSDT
2022-07-06 16:00:00,0.0746,0.0756,0.0745,0.0749,3134211.0,FETUSDT
2022-07-06 20:00:00,0.0748,0.0788,0.0745,0.0755,14601508.0,FETUSDT
2022-07-07 00:00:00,0.0757,0.0777,0.075,0.077,4176976.0,FETUSDT
2022-07-07 04:00:00,0.0772,0.0776,0.0761,0.0769,2579013.0,FETUSDT
2022-07-07 08:00:00,0.0769,0.0827,0.0765,0.0823,15072938.0,FETUSDT
2022-07-07 12:00:00,0.0823,0.0829,0.0782,0.0795,12500153.0,FETUSDT
2022-07-07 16:00:00,0.0797,0.0813,0.0792,0.0808,6033338.0,FETUSDT
2022-07-07 20:00:00,0.081,0.0822,0.08,0.0813,5819420.0,FETUSDT
2022-07-08 00:00:00,0.0814,0.0835,0.0805,0.0811,3887520.0,FETUSDT
2022-07-08 04:00:00,0.0812,0.0818,0.0776,0.0782,6110009.0,FETUSDT
2022-07-08 08:00:00,0.0783,0.079,0.0761,0.0772,6442498.0,FETUSDT
2022-07-08 12:00:00,0.0772,0.0797,0.0763,0.0789,8144022.0,FETUSDT
2022-07-08 16:00:00,0.0787,0.0802,0.0776,0.0788,3750991.0,FETUSDT
2022-07-08 20:00:00,0.0788,0.0812,0.0787,0.0789,3121966.0,FETUSDT
2022-07-09 00:00:00,0.0791,0.0804,0.079,0.0799,1700672.0,FETUSDT
2022-07-09 04:00:00,0.0798,0.084,0.0796,0.0822,5034950.0,FETUSDT
2022-07-09 08:00:00,0.0821,0.0835,0.0795,0.0811,4711210.0,FETUSDT
2022-07-09 12:00:00,0.0809,0.0816,0.08,0.0809,3011469.0,FETUSDT
2022-07-09 16:00:00,0.0809,0.0835,0.0808,0.0826,4361819.0,FETUSDT
2022-07-09 20:00:00,0.0826,0.0836,0.0815,0.0818,2582239.0,FETUSDT
2022-07-10 00:00:00,0.0818,0.0818,0.0788,0.0796,3770337.0,FETUSDT
2022-07-10 04:00:00,0.0796,0.0816,0.0792,0.08,3416600.0,FETUSDT
2022-07-10 08:00:00,0.0802,0.082,0.0794,0.081,6448822.0,FETUSDT
2022-07-10 12:00:00,0.081,0.0821,0.0767,0.0775,9714712.0,FETUSDT
2022-07-10 16:00:00,0.0775,0.0785,0.0766,0.078,2717732.0,FETUSDT
2022-07-10 20:00:00,0.0779,0.0783,0.0766,0.077,6026046.0,FETUSDT
2022-07-11 00:00:00,0.077,0.0774,0.0747,0.0757,4087830.0,FETUSDT
2022-07-11 04:00:00,0.0757,0.0758,0.0742,0.0753,2431505.0,FETUSDT
2022-07-11 08:00:00,0.0752,0.0757,0.0749,0.0751,2062331.0,FETUSDT
2022-07-11 12:00:00,0.0749,0.0759,0.0742,0.0751,3917904.0,FETUSDT
2022-07-11 16:00:00,0.0751,0.076,0.0746,0.075,3022820.0,FETUSDT
2022-07-11 20:00:00,0.0751,0.0752,0.0717,0.072,2698061.0,FETUSDT
2022-07-12 00:00:00,0.0719,0.0724,0.0715,0.0718,1806409.0,FETUSDT
2022-07-12 04:00:00,0.0718,0.0724,0.0693,0.0697,4588086.0,FETUSDT
2022-07-12 08:00:00,0.0697,0.0707,0.0683,0.0705,6961948.0,FETUSDT
2022-07-12 12:00:00,0.0704,0.0749,0.0704,0.0724,6141157.0,FETUSDT
2022-07-12 16:00:00,0.0726,0.0729,0.0689,0.0694,4935586.0,FETUSDT
2022-07-12 20:00:00,0.0694,0.0704,0.0682,0.0686,3116072.0,FETUSDT
2022-07-13 00:00:00,0.0686,0.0706,0.068,0.0696,2589433.0,FETUSDT
2022-07-13 04:00:00,0.0695,0.0733,0.0694,0.0723,3837820.0,FETUSDT
2022-07-13 08:00:00,0.0724,0.0728,0.0713,0.0719,1936652.0,FETUSDT
2022-07-13 12:00:00,0.0719,0.0729,0.0662,0.0709,10322095.0,FETUSDT
2022-07-13 16:00:00,0.0708,0.0729,0.0701,0.072,4400726.0,FETUSDT
2022-07-13 20:00:00,0.0721,0.0746,0.072,0.0741,3963627.0,FETUSDT
2022-07-14 00:00:00,0.0741,0.0809,0.0739,0.0773,13505978.0,FETUSDT
2022-07-14 04:00:00,0.0773,0.0782,0.0746,0.076,6423313.0,FETUSDT
2022-07-14 08:00:00,0.076,0.0764,0.0739,0.0754,5713401.0,FETUSDT
2022-07-14 12:00:00,0.0754,0.0765,0.0737,0.0759,6488264.0,FETUSDT
2022-07-14 16:00:00,0.0759,0.0776,0.0747,0.0766,6050041.0,FETUSDT
2022-07-14 20:00:00,0.0766,0.0774,0.0752,0.0769,3637134.0,FETUSDT
2022-07-15 00:00:00,0.0768,0.0773,0.0752,0.0773,3015383.0,FETUSDT
2022-07-15 04:00:00,0.0771,0.0775,0.0758,0.0773,2723143.0,FETUSDT
2022-07-15 08:00:00,0.0773,0.08,0.0769,0.0779,9923069.0,FETUSDT
2022-07-15 12:00:00,0.0778,0.0799,0.0774,0.0783,7498686.0,FETUSDT
2022-07-15 16:00:00,0.0782,0.0789,0.0768,0.0785,4238657.0,FETUSDT
2022-07-15 20:00:00,0.0783,0.0798,0.0761,0.0767,4915548.0,FETUSDT
2022-07-16 00:00:00,0.0767,0.079,0.0761,0.078,2076801.0,FETUSDT
2022-07-16 04:00:00,0.0782,0.0826,0.0762,0.0806,17239288.0,FETUSDT
2022-07-16 08:00:00,0.0806,0.0821,0.0785,0.0809,15547880.0,FETUSDT
2022-07-16 12:00:00,0.0809,0.0825,0.0796,0.0815,10645189.0,FETUSDT
2022-07-16 16:00:00,0.0814,0.0825,0.0801,0.0801,9212493.0,FETUSDT
2022-07-16 20:00:00,0.0802,0.0812,0.0795,0.0812,3381938.0,FETUSDT
2022-07-17 00:00:00,0.0811,0.0817,0.0798,0.0807,2185179.0,FETUSDT
2022-07-17 04:00:00,0.0808,0.0829,0.0803,0.0822,4918274.0,FETUSDT
2022-07-17 08:00:00,0.0823,0.0823,0.0799,0.081,5039569.0,FETUSDT
2022-07-17 12:00:00,0.0812,0.0828,0.0794,0.0823,6961687.0,FETUSDT
2022-07-17 16:00:00,0.0823,0.0824,0.0787,0.0796,5959865.0,FETUSDT
2022-07-17 20:00:00,0.0797,0.0807,0.0792,0.0794,1601819.0,FETUSDT
2022-07-18 00:00:00,0.0794,0.0818,0.0794,0.0813,1896692.0,FETUSDT
2022-07-18 04:00:00,0.0813,0.0833,0.0809,0.0833,7460381.0,FETUSDT
2022-07-18 08:00:00,0.083,0.0847,0.0822,0.0836,7486670.0,FETUSDT
2022-07-18 12:00:00,0.0837,0.0859,0.0825,0.0856,9584541.0,FETUSDT
2022-07-18 16:00:00,0.0855,0.0859,0.0809,0.0821,8367948.0,FETUSDT
2022-07-18 20:00:00,0.082,0.085,0.0816,0.0846,2687426.0,FETUSDT
2022-07-19 00:00:00,0.0844,0.086,0.0831,0.0852,6156318.0,FETUSDT
2022-07-19 04:00:00,0.0852,0.088,0.0847,0.0855,13521475.0,FETUSDT
2022-07-19 08:00:00,0.0857,0.0913,0.085,0.0903,12454915.0,FETUSDT
2022-07-19 12:00:00,0.0905,0.0906,0.0865,0.0889,14377540.0,FETUSDT
2022-07-19 16:00:00,0.0887,0.0904,0.0878,0.0891,7863071.0,FETUSDT
2022-07-19 20:00:00,0.0891,0.0894,0.0868,0.0875,4522772.0,FETUSDT
2022-07-20 00:00:00,0.0876,0.088,0.0797,0.0851,14396021.0,FETUSDT
2022-07-20 04:00:00,0.0851,0.0889,0.0848,0.087,9547595.0,FETUSDT
2022-07-20 08:00:00,0.0871,0.0888,0.0853,0.0885,7653598.0,FETUSDT
2022-07-20 12:00:00,0.0886,0.0934,0.0884,0.0909,14520538.0,FETUSDT
2022-07-20 16:00:00,0.0909,0.0911,0.0866,0.0878,11038052.0,FETUSDT
2022-07-20 20:00:00,0.0879,0.0891,0.0829,0.0835,11483241.0,FETUSDT
2022-07-21 00:00:00,0.0836,0.0843,0.0807,0.081,4935811.0,FETUSDT
2022-07-21 04:00:00,0.0809,0.0824,0.0799,0.0819,6029456.0,FETUSDT
2022-07-21 08:00:00,0.0817,0.0847,0.0811,0.0824,6324276.0,FETUSDT
2022-07-21 12:00:00,0.0824,0.0836,0.0813,0.0828,2542153.0,FETUSDT
2022-07-21 16:00:00,0.0829,0.0853,0.0829,0.0846,4213255.0,FETUSDT
2022-07-21 20:00:00,0.0848,0.0869,0.0842,0.0852,5041995.0,FETUSDT
2022-07-22 00:00:00,0.0851,0.0865,0.0847,0.0852,2124517.0,FETUSDT
2022-07-22 04:00:00,0.0852,0.086,0.0838,0.0855,3673002.0,FETUSDT
2022-07-22 08:00:00,0.0856,0.0885,0.0853,0.0881,5033325.0,FETUSDT
2022-07-22 12:00:00,0.0882,0.089,0.0858,0.0864,5859815.0,FETUSDT
2022-07-22 16:00:00,0.0864,0.0864,0.0824,0.0827,5688651.0,FETUSDT
2022-07-22 20:00:00,0.0827,0.0828,0.0817,0.0822,1843118.0,FETUSDT
2022-07-23 00:00:00,0.0823,0.0837,0.0813,0.0831,1459785.0,FETUSDT
2022-07-23 04:00:00,0.083,0.0845,0.083,0.0835,1664128.0,FETUSDT
2022-07-23 08:00:00,0.0835,0.085,0.0828,0.0829,3061397.0,FETUSDT
2022-07-23 12:00:00,0.0829,0.084,0.0808,0.0818,4680083.0,FETUSDT
2022-07-23 16:00:00,0.0819,0.0824,0.0805,0.082,2694596.0,FETUSDT
2022-07-23 20:00:00,0.0819,0.0839,0.0818,0.0833,1543394.0,FETUSDT
2022-07-24 00:00:00,0.0835,0.0847,0.0829,0.083,1322031.0,FETUSDT
2022-07-24 04:00:00,0.0831,0.0858,0.0821,0.0848,3330524.0,FETUSDT
2022-07-24 08:00:00,0.0848,0.085,0.0832,0.084,2700828.0,FETUSDT
2022-07-24 12:00:00,0.0842,0.0847,0.0827,0.0842,2517680.0,FETUSDT
2022-07-24 16:00:00,0.0842,0.0867,0.084,0.0847,5884847.0,FETUSDT
2022-07-24 20:00:00,0.0847,0.0876,0.084,0.0844,3054394.0,FETUSDT
2022-07-25 00:00:00,0.0844,0.0849,0.0806,0.081,3879697.0,FETUSDT
2022-07-25 04:00:00,0.0808,0.0818,0.0806,0.0816,2379612.0,FETUSDT
2022-07-25 08:00:00,0.0816,0.0823,0.0808,0.0813,1721445.0,FETUSDT
2022-07-25 12:00:00,0.0813,0.0813,0.08,0.0809,2620967.0,FETUSDT
2022-07-25 16:00:00,0.0811,0.0819,0.0776,0.0793,4515063.0,FETUSDT
2022-07-25 20:00:00,0.0792,0.081,0.0764,0.0766,3800795.0,FETUSDT
2022-07-26 00:00:00,0.0765,0.0768,0.0746,0.0764,2426297.0,FETUSDT
2022-07-26 04:00:00,0.0763,0.0768,0.0748,0.075,2623269.0,FETUSDT
2022-07-26 08:00:00,0.075,0.0758,0.0748,0.0754,1528441.0,FETUSDT
2022-07-26 12:00:00,0.0754,0.0761,0.0737,0.074,3949928.0,FETUSDT
2022-07-26 16:00:00,0.0738,0.0753,0.0734,0.0738,1982353.0,FETUSDT
2022-07-26 20:00:00,0.0738,0.0765,0.0735,0.0763,1983581.0,FETUSDT
2022-07-27 00:00:00,0.0765,0.0767,0.0751,0.0753,1001592.0,FETUSDT
2022-07-27 04:00:00,0.0754,0.078,0.0753,0.0774,3694633.0,FETUSDT
2022-07-27 08:00:00,0.0774,0.0779,0.0756,0.0756,2816940.0,FETUSDT
2022-07-27 12:00:00,0.0758,0.0785,0.0756,0.0766,6356116.0,FETUSDT
2022-07-27 16:00:00,0.0766,0.0813,0.0758,0.0795,7832355.0,FETUSDT
2022-07-27 20:00:00,0.0796,0.0812,0.0792,0.0812,5381800.0,FETUSDT
2022-07-28 00:00:00,0.0812,0.0832,0.0805,0.0814,4137806.0,FETUSDT
2022-07-28 04:00:00,0.0814,0.0823,0.0806,0.0807,1902119.0,FETUSDT
2022-07-28 08:00:00,0.0807,0.0826,0.0798,0.082,3012980.0,FETUSDT
2022-07-28 12:00:00,0.082,0.0859,0.0797,0.0852,10023501.0,FETUSDT
2022-07-28 16:00:00,0.0851,0.0861,0.0846,0.085,5126717.0,FETUSDT
2022-07-28 20:00:00,0.085,0.0926,0.0849,0.0871,19532761.0,FETUSDT
2022-07-29 00:00:00,0.087,0.0902,0.086,0.089,8210560.0,FETUSDT
2022-07-29 04:00:00,0.089,0.0898,0.086,0.0864,9162562.0,FETUSDT
2022-07-29 08:00:00,0.0865,0.09,0.0856,0.0863,8627023.0,FETUSDT
2022-07-29 12:00:00,0.0863,0.0879,0.0836,0.0866,7395986.0,FETUSDT
2022-07-29 16:00:00,0.0867,0.0872,0.0842,0.0866,3891437.0,FETUSDT
2022-07-29 20:00:00,0.0866,0.0878,0.0855,0.086,5756653.0,FETUSDT
2022-07-30 00:00:00,0.086,0.089,0.0859,0.0881,6097526.0,FETUSDT
2022-07-30 04:00:00,0.0882,0.0893,0.0869,0.0889,5197501.0,FETUSDT
2022-07-30 08:00:00,0.089,0.0897,0.0868,0.0888,7469495.0,FETUSDT
2022-07-30 12:00:00,0.0886,0.0926,0.0886,0.0914,9687342.0,FETUSDT
2022-07-30 16:00:00,0.0914,0.0943,0.0883,0.0887,10076622.0,FETUSDT
2022-07-30 20:00:00,0.0886,0.0903,0.0863,0.0873,6127677.0,FETUSDT
2022-07-31 00:00:00,0.0872,0.0894,0.087,0.0876,4860096.0,FETUSDT
2022-07-31 04:00:00,0.0875,0.092,0.0875,0.0897,7624332.0,FETUSDT
2022-07-31 08:00:00,0.0898,0.0994,0.0882,0.0956,24891794.0,FETUSDT
2022-07-31 12:00:00,0.0956,0.0994,0.0941,0.0946,15759679.0,FETUSDT
2022-07-31 16:00:00,0.0947,0.099,0.0925,0.0946,10131121.0,FETUSDT
2022-07-31 20:00:00,0.0946,0.1054,0.0945,0.0957,28158242.0,FETUSDT
2022-08-01 00:00:00,0.0958,0.1065,0.0956,0.0998,15511500.0,FETUSDT
2022-08-01 04:00:00,0.0998,0.1008,0.0939,0.0958,9250045.0,FETUSDT
2022-08-01 08:00:00,0.0959,0.0976,0.0915,0.0934,7400974.0,FETUSDT
2022-08-01 12:00:00,0.0935,0.0963,0.0905,0.0949,9454089.0,FETUSDT
2022-08-01 16:00:00,0.0947,0.0951,0.0926,0.0934,5565187.0,FETUSDT
2022-08-01 20:00:00,0.0936,0.0956,0.0933,0.0948,4220861.0,FETUSDT
2022-08-02 00:00:00,0.0948,0.0964,0.0914,0.092,6525962.0,FETUSDT
2022-08-02 04:00:00,0.092,0.0946,0.0913,0.0924,3195420.0,FETUSDT
2022-08-02 08:00:00,0.0924,0.0924,0.0912,0.0916,4325181.0,FETUSDT
2022-08-02 12:00:00,0.0915,0.0973,0.091,0.0952,12052268.0,FETUSDT
2022-08-02 16:00:00,0.0952,0.097,0.093,0.0936,7149743.0,FETUSDT
2022-08-02 20:00:00,0.0938,0.0946,0.0925,0.0925,4606472.0,FETUSDT
2022-08-03 00:00:00,0.0926,0.0938,0.0907,0.093,4704884.0,FETUSDT
2022-08-03 04:00:00,0.0931,0.0952,0.093,0.0943,2936688.0,FETUSDT
2022-08-03 08:00:00,0.0944,0.0966,0.0942,0.0957,4723748.0,FETUSDT
2022-08-03 12:00:00,0.0957,0.098,0.0953,0.0975,6237848.0,FETUSDT
2022-08-03 16:00:00,0.0975,0.0981,0.0971,0.0975,4566925.0,FETUSDT
2022-08-03 20:00:00,0.0975,0.0977,0.0951,0.0956,6479818.0,FETUSDT
2022-08-04 00:00:00,0.0956,0.0983,0.0955,0.0974,5140692.0,FETUSDT
2022-08-04 04:00:00,0.0974,0.0982,0.0924,0.0951,6113233.0,FETUSDT
2022-08-04 08:00:00,0.0949,0.106,0.0929,0.1008,41379199.0,FETUSDT
2022-08-04 12:00:00,0.1008,0.1025,0.0975,0.099,16777666.0,FETUSDT
2022-08-04 16:00:00,0.0991,0.0994,0.0946,0.0965,7104033.0,FETUSDT
2022-08-04 20:00:00,0.0963,0.097,0.0956,0.0964,3053264.0,FETUSDT
2022-08-05 00:00:00,0.0964,0.1,0.0964,0.0994,5118699.0,FETUSDT
2022-08-05 04:00:00,0.0994,0.1,0.0977,0.0978,4691731.0,FETUSDT
2022-08-05 08:00:00,0.0978,0.1009,0.0968,0.0999,6698951.0,FETUSDT
2022-08-05 12:00:00,0.0999,0.1015,0.0979,0.0986,7164043.0,FETUSDT
2022-08-05 16:00:00,0.0986,0.0997,0.0976,0.0994,4592297.0,FETUSDT
2022-08-05 20:00:00,0.0994,0.1014,0.0988,0.1008,4257329.0,FETUSDT
2022-08-06 00:00:00,0.101,0.1037,0.1008,0.1016,5456184.0,FETUSDT
2022-08-06 04:00:00,0.1016,0.102,0.1,0.1019,3821932.0,FETUSDT
2022-08-06 08:00:00,0.1019,0.1025,0.1002,0.1004,3512577.0,FETUSDT
2022-08-06 12:00:00,0.1003,0.1024,0.1,0.1015,2651228.0,FETUSDT
2022-08-06 16:00:00,0.1014,0.1033,0.1,0.1032,4074371.0,FETUSDT
2022-08-06 20:00:00,0.1032,0.104,0.1016,0.1017,5307382.0,FETUSDT
2022-08-07 00:00:00,0.1017,0.1032,0.1005,0.1008,4591094.0,FETUSDT
2022-08-07 04:00:00,0.1009,0.1013,0.1004,0.101,2992608.0,FETUSDT
2022-08-07 08:00:00,0.1011,0.1031,0.1,0.1027,5036556.0,FETUSDT
2022-08-07 12:00:00,0.1027,0.1034,0.1005,0.1006,4534576.0,FETUSDT
2022-08-07 16:00:00,0.1006,0.1054,0.1003,0.1045,8445749.0,FETUSDT
2022-08-07 20:00:00,0.1047,0.1055,0.1029,0.1043,5290357.0,FETUSDT
2022-08-08 00:00:00,0.1041,0.1053,0.104,0.105,4537782.0,FETUSDT
2022-08-08 04:00:00,0.105,0.1055,0.1044,0.1048,7610619.0,FETUSDT
2022-08-08 08:00:00,0.1047,0.1053,0.102,0.1043,9180110.0,FETUSDT
2022-08-08 12:00:00,0.1042,0.1052,0.1022,0.1026,5944027.0,FETUSDT
2022-08-08 16:00:00,0.1027,0.104,0.1016,0.1035,6822633.0,FETUSDT
2022-08-08 20:00:00,0.1035,0.1052,0.1008,0.1017,7005775.0,FETUSDT
2022-08-09 00:00:00,0.1017,0.1023,0.1005,0.102,3661546.0,FETUSDT
2022-08-09 04:00:00,0.102,0.1028,0.1008,0.1019,4044328.0,FETUSDT
2022-08-09 08:00:00,0.1019,0.102,0.0952,0.0962,7164792.0,FETUSDT
2022-08-09 12:00:00,0.0962,0.0975,0.0935,0.0951,6968558.0,FETUSDT
2022-08-09 16:00:00,0.0951,0.0962,0.0947,0.0959,2072449.0,FETUSDT
2022-08-09 20:00:00,0.0959,0.0964,0.0947,0.0957,6034382.0,FETUSDT
2022-08-10 00:00:00,0.0957,0.0957,0.092,0.0929,5387834.0,FETUSDT
2022-08-10 04:00:00,0.0929,0.095,0.0925,0.0944,3506263.0,FETUSDT
2022-08-10 08:00:00,0.0945,0.0965,0.0944,0.0954,2806538.0,FETUSDT
2022-08-10 12:00:00,0.0955,0.0997,0.095,0.0987,11309610.0,FETUSDT
2022-08-10 16:00:00,0.0987,0.0998,0.0966,0.0969,5681215.0,FETUSDT
2022-08-10 20:00:00,0.097,0.0999,0.097,0.0999,5256071.0,FETUSDT
2022-08-11 00:00:00,0.1,0.1032,0.0999,0.101,4538934.0,FETUSDT
2022-08-11 04:00:00,0.101,0.1021,0.0991,0.0995,4923540.0,FETUSDT
2022-08-11 08:00:00,0.0994,0.103,0.0988,0.1012,5443002.0,FETUSDT
2022-08-11 12:00:00,0.1014,0.1026,0.0992,0.0997,6130589.0,FETUSDT
2022-08-11 16:00:00,0.0998,0.1003,0.0984,0.0991,4507150.0,FETUSDT
2022-08-11 20:00:00,0.0992,0.0994,0.0964,0.097,4492362.0,FETUSDT
2022-08-12 00:00:00,0.097,0.0982,0.0946,0.0978,3189204.0,FETUSDT
2022-08-12 04:00:00,0.0978,0.0992,0.0975,0.0983,2739472.0,FETUSDT
2022-08-12 08:00:00,0.0983,0.101,0.0966,0.0977,8148841.0,FETUSDT
2022-08-12 12:00:00,0.0977,0.0998,0.0974,0.0997,2873586.0,FETUSDT
2022-08-12 16:00:00,0.0995,0.1018,0.0992,0.1013,4985677.0,FETUSDT
2022-08-12 20:00:00,0.1012,0.1051,0.1006,0.1037,5601289.0,FETUSDT
2022-08-13 00:00:00,0.1037,0.1057,0.1023,0.1044,6797185.0,FETUSDT
2022-08-13 04:00:00,0.1045,0.1055,0.1033,0.1036,4979712.0,FETUSDT
2022-08-13 08:00:00,0.1036,0.1048,0.1016,0.1022,3828752.0,FETUSDT
2022-08-13 12:00:00,0.1022,0.1035,0.1022,0.1035,2371687.0,FETUSDT
2022-08-13 16:00:00,0.1035,0.1035,0.1009,0.1012,4060027.0,FETUSDT
2022-08-13 20:00:00,0.1012,0.1016,0.1001,0.1005,3676538.0,FETUSDT
2022-08-14 00:00:00,0.1005,0.1024,0.1003,0.1017,3950627.0,FETUSDT
2022-08-14 04:00:00,0.1019,0.1051,0.1015,0.1044,6833860.0,FETUSDT
2022-08-14 08:00:00,0.1044,0.1054,0.1028,0.1048,3547286.0,FETUSDT
2022-08-14 12:00:00,0.1048,0.1051,0.1014,0.1024,4884624.0,FETUSDT
2022-08-14 16:00:00,0.1024,0.1026,0.0966,0.0977,7295318.0,FETUSDT
2022-08-14 20:00:00,0.0978,0.1003,0.0974,0.0995,3462298.0,FETUSDT
2022-08-15 00:00:00,0.0994,0.1017,0.098,0.0995,6465103.0,FETUSDT
2022-08-15 04:00:00,0.0993,0.1004,0.0961,0.0961,3701908.0,FETUSDT
2022-08-15 08:00:00,0.0961,0.098,0.0954,0.0974,2508105.0,FETUSDT
2022-08-15 12:00:00,0.0975,0.1011,0.0973,0.1007,3014083.0,FETUSDT
2022-08-15 16:00:00,0.1006,0.1017,0.0986,0.0987,3433974.0,FETUSDT
2022-08-15 20:00:00,0.0987,0.105,0.0986,0.1003,11248684.0,FETUSDT
2022-08-16 00:00:00,0.1004,0.1133,0.1004,0.1096,41624263.0,FETUSDT
2022-08-16 04:00:00,0.1098,0.1129,0.1051,0.1093,29579079.0,FETUSDT
2022-08-16 08:00:00,0.1093,0.1179,0.106,0.113,42508874.0,FETUSDT
2022-08-16 12:00:00,0.1128,0.1138,0.1071,0.1088,14827884.0,FETUSDT
2022-08-16 16:00:00,0.1088,0.115,0.1081,0.1091,19498473.0,FETUSDT
2022-08-16 20:00:00,0.1091,0.1097,0.1065,0.1076,4764872.0,FETUSDT
2022-08-17 00:00:00,0.1075,0.1133,0.1066,0.1067,9585564.0,FETUSDT
2022-08-17 04:00:00,0.1067,0.1098,0.1054,0.1055,6326721.0,FETUSDT
2022-08-17 08:00:00,0.1056,0.1064,0.1048,0.1052,5193142.0,FETUSDT
2022-08-17 12:00:00,0.105,0.1053,0.0998,0.1009,12250097.0,FETUSDT
2022-08-17 16:00:00,0.1008,0.1024,0.1003,0.1007,3803730.0,FETUSDT
2022-08-17 20:00:00,0.1005,0.1034,0.0985,0.1019,5709769.0,FETUSDT
2022-08-18 00:00:00,0.1021,0.1028,0.0987,0.0996,4702874.0,FETUSDT
2022-08-18 04:00:00,0.0997,0.0998,0.0983,0.0994,2391461.0,FETUSDT
2022-08-18 08:00:00,0.0996,0.1013,0.0983,0.1001,4443017.0,FETUSDT
2022-08-18 12:00:00,0.1003,0.1007,0.0973,0.0987,6245811.0,FETUSDT
2022-08-18 16:00:00,0.0986,0.0988,0.0959,0.0971,3636997.0,FETUSDT
2022-08-18 20:00:00,0.097,0.0979,0.094,0.0944,3345361.0,FETUSDT
2022-08-19 00:00:00,0.0944,0.0944,0.0885,0.0894,6701414.0,FETUSDT
2022-08-19 04:00:00,0.0892,0.0898,0.0847,0.0862,5219475.0,FETUSDT
2022-08-19 08:00:00,0.0862,0.0863,0.0839,0.0858,5819808.0,FETUSDT
2022-08-19 12:00:00,0.0859,0.0872,0.0844,0.0854,3998093.0,FETUSDT
2022-08-19 16:00:00,0.0855,0.0869,0.0843,0.0863,3464983.0,FETUSDT
2022-08-19 20:00:00,0.0863,0.0866,0.0832,0.0842,6283854.0,FETUSDT
2022-08-20 00:00:00,0.0842,0.0862,0.0838,0.0855,3266787.0,FETUSDT
2022-08-20 04:00:00,0.0858,0.0884,0.0848,0.0879,4088570.0,FETUSDT
2022-08-20 08:00:00,0.0878,0.0881,0.0849,0.0865,3605029.0,FETUSDT
2022-08-20 12:00:00,0.0863,0.0872,0.0859,0.0868,1970159.0,FETUSDT
2022-08-20 16:00:00,0.0868,0.0871,0.0823,0.0827,3491648.0,FETUSDT
2022-08-20 20:00:00,0.0825,0.0859,0.0822,0.0853,3959845.0,FETUSDT
2022-08-21 00:00:00,0.0853,0.0948,0.085,0.0885,9162368.0,FETUSDT
2022-08-21 04:00:00,0.0883,0.093,0.0883,0.0903,5669795.0,FETUSDT
2022-08-21 08:00:00,0.0903,0.0954,0.0903,0.0924,6825675.0,FETUSDT
2022-08-21 12:00:00,0.0922,0.093,0.0899,0.0901,3017931.0,FETUSDT
2022-08-21 16:00:00,0.0901,0.0908,0.0899,0.0905,3210548.0,FETUSDT
2022-08-21 20:00:00,0.0905,0.0912,0.0883,0.0888,3691927.0,FETUSDT
2022-08-22 00:00:00,0.0888,0.0891,0.0878,0.0882,3776797.0,FETUSDT
2022-08-22 04:00:00,0.0881,0.0888,0.0859,0.0861,3312582.0,FETUSDT
2022-08-22 08:00:00,0.0859,0.0872,0.0846,0.0866,5166899.0,FETUSDT
2022-08-22 12:00:00,0.0866,0.0884,0.0854,0.0881,3277640.0,FETUSDT
2022-08-22 16:00:00,0.0883,0.0898,0.0861,0.0867,2517571.0,FETUSDT
2022-08-22 20:00:00,0.0867,0.0896,0.0867,0.0895,2968791.0,FETUSDT
2022-08-23 00:00:00,0.0895,0.0967,0.0889,0.0901,17437127.0,FETUSDT
2022-08-23 04:00:00,0.0901,0.0922,0.0876,0.0916,6332432.0,FETUSDT
2022-08-23 08:00:00,0.0916,0.0931,0.0906,0.0914,4253067.0,FETUSDT
2022-08-23 12:00:00,0.0914,0.0924,0.0902,0.0915,3724312.0,FETUSDT
2022-08-23 16:00:00,0.0916,0.0924,0.0905,0.0911,2183175.0,FETUSDT
2022-08-23 20:00:00,0.0911,0.0927,0.0906,0.0918,1518230.0,FETUSDT
2022-08-24 00:00:00,0.0919,0.0923,0.0893,0.0898,1289241.0,FETUSDT
2022-08-24 04:00:00,0.0897,0.0911,0.0894,0.0904,1258820.0,FETUSDT
2022-08-24 08:00:00,0.0906,0.0922,0.0899,0.0911,1510443.0,FETUSDT
2022-08-24 12:00:00,0.0912,0.0933,0.091,0.0926,1771071.0,FETUSDT
2022-08-24 16:00:00,0.0927,0.0934,0.0919,0.0928,2017180.0,FETUSDT
2022-08-24 20:00:00,0.0928,0.0936,0.0904,0.0908,2669899.0,FETUSDT
2022-08-25 00:00:00,0.0909,0.0922,0.0908,0.0909,2677277.0,FETUSDT
2022-08-25 04:00:00,0.0909,0.093,0.0909,0.0928,2297357.0,FETUSDT
2022-08-25 08:00:00,0.0928,0.0931,0.0918,0.0922,1715687.0,FETUSDT
2022-08-25 12:00:00,0.0922,0.0924,0.09,0.091,1683126.0,FETUSDT
2022-08-25 16:00:00,0.091,0.0912,0.0898,0.0905,2614501.0,FETUSDT
2022-08-25 20:00:00,0.0906,0.092,0.0905,0.0912,3303104.0,FETUSDT
2022-08-26 00:00:00,0.0912,0.0912,0.0899,0.0905,2247523.0,FETUSDT
2022-08-26 04:00:00,0.0903,0.0905,0.0883,0.0887,3817937.0,FETUSDT
2022-08-26 08:00:00,0.0886,0.0892,0.0868,0.0877,5333264.0,FETUSDT
2022-08-26 12:00:00,0.0876,0.091,0.0856,0.0871,4353401.0,FETUSDT
2022-08-26 16:00:00,0.087,0.088,0.0844,0.0859,2664562.0,FETUSDT
2022-08-26 20:00:00,0.0859,0.0884,0.0842,0.0857,3502546.0,FETUSDT
2022-08-27 00:00:00,0.0858,0.086,0.0836,0.0855,2646951.0,FETUSDT
2022-08-27 04:00:00,0.0854,0.086,0.0837,0.0857,2433019.0,FETUSDT
2022-08-27 08:00:00,0.0857,0.0863,0.0853,0.0862,1824664.0,FETUSDT
2022-08-27 12:00:00,0.0863,0.0864,0.0831,0.0847,1868710.0,FETUSDT
2022-08-27 16:00:00,0.0847,0.085,0.0835,0.085,2127381.0,FETUSDT
2022-08-27 20:00:00,0.0848,0.0852,0.0838,0.085,3461570.0,FETUSDT
2022-08-28 00:00:00,0.085,0.0851,0.0837,0.0839,1455412.0,FETUSDT
2022-08-28 04:00:00,0.0838,0.0848,0.0836,0.0848,1147952.0,FETUSDT
2022-08-28 08:00:00,0.0846,0.0852,0.0838,0.0844,1278551.0,FETUSDT
2022-08-28 12:00:00,0.0846,0.0847,0.0812,0.0827,4409375.0,FETUSDT
2022-08-28 16:00:00,0.0826,0.0833,0.0806,0.0818,3969885.0,FETUSDT
2022-08-28 20:00:00,0.0817,0.0821,0.0775,0.0778,5693250.0,FETUSDT
2022-08-29 00:00:00,0.0777,0.0805,0.0776,0.0801,1532345.0,FETUSDT
2022-08-29 04:00:00,0.0801,0.0802,0.0793,0.0797,867064.0,FETUSDT
2022-08-29 08:00:00,0.0798,0.08,0.0791,0.0793,1448470.0,FETUSDT
2022-08-29 12:00:00,0.0793,0.0829,0.0792,0.0821,2271697.0,FETUSDT
2022-08-29 16:00:00,0.0822,0.0836,0.0821,0.083,1907011.0,FETUSDT
2022-08-29 20:00:00,0.0828,0.0848,0.0826,0.0843,3858663.0,FETUSDT
2022-08-30 00:00:00,0.0844,0.0846,0.0832,0.084,1081323.0,FETUSDT
2022-08-30 04:00:00,0.0841,0.0855,0.084,0.085,2037850.0,FETUSDT
2022-08-30 08:00:00,0.085,0.0852,0.084,0.0842,1415294.0,FETUSDT
2022-08-30 12:00:00,0.0843,0.0844,0.08,0.0807,2983226.0,FETUSDT
2022-08-30 16:00:00,0.0807,0.0815,0.0786,0.0806,4169764.0,FETUSDT
2022-08-30 20:00:00,0.0806,0.0813,0.08,0.0801,1758572.0,FETUSDT
2022-08-31 00:00:00,0.0803,0.0848,0.0803,0.0833,3042723.0,FETUSDT
2022-08-31 04:00:00,0.0835,0.0836,0.0817,0.0819,1135176.0,FETUSDT
2022-08-31 08:00:00,0.0819,0.0828,0.0812,0.0822,1348864.0,FETUSDT
2022-08-31 12:00:00,0.0822,0.0825,0.0801,0.0818,3115940.0,FETUSDT
2022-08-31 16:00:00,0.082,0.0821,0.0802,0.0814,3775968.0,FETUSDT
2022-08-31 20:00:00,0.0814,0.0821,0.0807,0.0812,2966033.0,FETUSDT
2022-09-01 00:00:00,0.0812,0.0822,0.0805,0.0808,1740938.0,FETUSDT
2022-09-01 04:00:00,0.0808,0.0812,0.0801,0.0805,2430140.0,FETUSDT
2022-09-01 08:00:00,0.0804,0.0816,0.0797,0.0813,2174154.0,FETUSDT
2022-09-01 12:00:00,0.0814,0.0817,0.0793,0.0802,1884051.0,FETUSDT
2022-09-01 16:00:00,0.0801,0.081,0.0792,0.081,2627166.0,FETUSDT
2022-09-01 20:00:00,0.0809,0.0824,0.0808,0.0819,3722386.0,FETUSDT
2022-09-02 00:00:00,0.0818,0.0826,0.0804,0.0821,2557297.0,FETUSDT
2022-09-02 04:00:00,0.0821,0.0853,0.0821,0.0828,2762179.0,FETUSDT
2022-09-02 08:00:00,0.0828,0.0835,0.082,0.0832,2849074.0,FETUSDT
2022-09-02 12:00:00,0.0834,0.0856,0.0827,0.0849,4998347.0,FETUSDT
2022-09-02 16:00:00,0.0849,0.0852,0.0794,0.081,4934940.0,FETUSDT
2022-09-02 20:00:00,0.0811,0.0812,0.0805,0.0808,2168816.0,FETUSDT
2022-09-03 00:00:00,0.0808,0.081,0.08,0.0802,1828783.0,FETUSDT
2022-09-03 04:00:00,0.0802,0.0811,0.0801,0.081,2243154.0,FETUSDT
2022-09-03 08:00:00,0.081,0.0818,0.0809,0.0814,1626852.0,FETUSDT
2022-09-03 12:00:00,0.0814,0.082,0.0813,0.0815,1870355.0,FETUSDT
2022-09-03 16:00:00,0.0816,0.082,0.0808,0.0812,2321471.0,FETUSDT
2022-09-03 20:00:00,0.0812,0.0847,0.0811,0.0826,4404491.0,FETUSDT
2022-09-04 00:00:00,0.0827,0.0828,0.081,0.0812,3909659.0,FETUSDT
2022-09-04 04:00:00,0.0813,0.0817,0.0803,0.0806,2517784.0,FETUSDT
2022-09-04 08:00:00,0.0806,0.0816,0.0803,0.0813,1027606.0,FETUSDT
2022-09-04 12:00:00,0.0814,0.0824,0.0814,0.0823,1548775.0,FETUSDT
2022-09-04 16:00:00,0.0822,0.083,0.0818,0.0825,2598411.0,FETUSDT
2022-09-04 20:00:00,0.0825,0.0832,0.0823,0.0831,2952322.0,FETUSDT
2022-09-05 00:00:00,0.083,0.0835,0.0819,0.0823,2999593.0,FETUSDT
2022-09-05 04:00:00,0.0824,0.0825,0.081,0.0817,2522564.0,FETUSDT
2022-09-05 08:00:00,0.0818,0.0823,0.0808,0.0819,1150717.0,FETUSDT
2022-09-05 12:00:00,0.082,0.0824,0.0815,0.0824,1389829.0,FETUSDT
2022-09-05 16:00:00,0.0824,0.0828,0.0818,0.0821,1753193.0,FETUSDT
2022-09-05 20:00:00,0.0823,0.0827,0.0819,0.082,4026492.0,FETUSDT
2022-09-06 00:00:00,0.0821,0.0842,0.0818,0.0829,1747473.0,FETUSDT
2022-09-06 04:00:00,0.0829,0.0833,0.0821,0.0823,3933381.0,FETUSDT
2022-09-06 08:00:00,0.0823,0.083,0.082,0.0827,3102437.0,FETUSDT
2022-09-06 12:00:00,0.0827,0.0833,0.0799,0.0813,3177821.0,FETUSDT
2022-09-06 16:00:00,0.0813,0.0813,0.0759,0.0769,6995013.0,FETUSDT
2022-09-06 20:00:00,0.077,0.0785,0.0758,0.077,3226858.0,FETUSDT
2022-09-07 00:00:00,0.077,0.0776,0.0756,0.0767,2322603.0,FETUSDT
2022-09-07 04:00:00,0.0766,0.0774,0.0765,0.0772,1677593.0,FETUSDT
2022-09-07 08:00:00,0.0772,0.1038,0.0771,0.0931,126894136.0,FETUSDT
2022-09-07 12:00:00,0.0931,0.1018,0.0888,0.0968,67491022.0,FETUSDT
2022-09-07 16:00:00,0.0967,0.1045,0.0922,0.1,40523314.0,FETUSDT
2022-09-07 20:00:00,0.0998,0.1019,0.0961,0.0972,22746813.0,FETUSDT
2022-09-08 00:00:00,0.0973,0.0999,0.093,0.0944,15294593.0,FETUSDT
2022-09-08 04:00:00,0.0944,0.0982,0.0923,0.0931,20687299.0,FETUSDT
2022-09-08 08:00:00,0.0931,0.0946,0.091,0.093,11858093.0,FETUSDT
2022-09-08 12:00:00,0.093,0.0944,0.0896,0.091,9533620.0,FETUSDT
2022-09-08 16:00:00,0.091,0.0914,0.09,0.0914,3843207.0,FETUSDT
2022-09-08 20:00:00,0.0914,0.0934,0.0909,0.0931,4620496.0,FETUSDT
2022-09-09 00:00:00,0.093,0.096,0.0917,0.095,5602712.0,FETUSDT
2022-09-09 04:00:00,0.0952,0.097,0.0945,0.0946,6619475.0,FETUSDT
2022-09-09 08:00:00,0.0946,0.0955,0.0934,0.0941,4279925.0,FETUSDT
2022-09-09 12:00:00,0.0941,0.0954,0.0908,0.0928,8708659.0,FETUSDT
2022-09-09 16:00:00,0.0929,0.0946,0.0912,0.0929,4779389.0,FETUSDT
2022-09-09 20:00:00,0.0928,0.0958,0.0923,0.0953,3781892.0,FETUSDT
2022-09-10 00:00:00,0.0953,0.096,0.0934,0.0942,2197514.0,FETUSDT
2022-09-10 04:00:00,0.0943,0.104,0.0942,0.0988,19328295.0,FETUSDT
2022-09-10 08:00:00,0.0988,0.0997,0.0971,0.0984,5745510.0,FETUSDT
2022-09-10 12:00:00,0.0984,0.0985,0.0951,0.0954,2822853.0,FETUSDT
2022-09-10 16:00:00,0.0954,0.0967,0.0951,0.0962,1932922.0,FETUSDT
2022-09-10 20:00:00,0.0963,0.1028,0.0962,0.0989,6079828.0,FETUSDT
2022-09-11 00:00:00,0.0988,0.1014,0.0953,0.0957,4175342.0,FETUSDT
2022-09-11 04:00:00,0.0958,0.0965,0.0937,0.0956,3622738.0,FETUSDT
2022-09-11 08:00:00,0.0955,0.0967,0.0954,0.0958,2437079.0,FETUSDT
2022-09-11 12:00:00,0.0959,0.099,0.0949,0.0964,3880907.0,FETUSDT
2022-09-11 16:00:00,0.0964,0.0985,0.0956,0.0971,2338898.0,FETUSDT
2022-09-11 20:00:00,0.0971,0.098,0.094,0.0949,3032934.0,FETUSDT
2022-09-12 00:00:00,0.0949,0.0963,0.0924,0.0937,4039986.0,FETUSDT
2022-09-12 04:00:00,0.0938,0.0958,0.0934,0.0955,1346209.0,FETUSDT
2022-09-12 08:00:00,0.0956,0.0987,0.0951,0.0974,3357936.0,FETUSDT
2022-09-12 12:00:00,0.0974,0.0986,0.0907,0.0912,8966113.0,FETUSDT
2022-09-12 16:00:00,0.0913,0.0928,0.0893,0.0914,8841268.0,FETUSDT
2022-09-12 20:00:00,0.0915,0.0921,0.0903,0.0912,2690037.0,FETUSDT
2022-09-13 00:00:00,0.0912,0.0912,0.0895,0.0908,2601207.0,FETUSDT
2022-09-13 04:00:00,0.0909,0.0917,0.0905,0.0916,2285581.0,FETUSDT
2022-09-13 08:00:00,0.0916,0.0917,0.0903,0.0912,2514398.0,FETUSDT
2022-09-13 12:00:00,0.0912,0.092,0.0864,0.0897,9123634.0,FETUSDT
2022-09-13 16:00:00,0.0897,0.0899,0.0854,0.0866,4079518.0,FETUSDT
2022-09-13 20:00:00,0.0865,0.0869,0.0841,0.0863,3198057.0,FETUSDT
2022-09-14 00:00:00,0.0863,0.0876,0.0854,0.0868,2614893.0,FETUSDT
2022-09-14 04:00:00,0.0869,0.0872,0.0849,0.0857,1268586.0,FETUSDT
2022-09-14 08:00:00,0.0857,0.0865,0.085,0.0855,1260324.0,FETUSDT
2022-09-14 12:00:00,0.0855,0.0869,0.0846,0.0861,1855788.0,FETUSDT
2022-09-14 16:00:00,0.086,0.0888,0.0831,0.0882,4247877.0,FETUSDT
2022-09-14 20:00:00,0.0882,0.0988,0.0881,0.0915,39073719.0,FETUSDT
2022-09-15 00:00:00,0.0916,0.0936,0.0895,0.0907,5724897.0,FETUSDT
2022-09-15 04:00:00,0.0909,0.0938,0.0884,0.0918,7966223.0,FETUSDT
2022-09-15 08:00:00,0.0918,0.0918,0.0892,0.0902,4879100.0,FETUSDT
2022-09-15 12:00:00,0.0901,0.0905,0.0871,0.088,5733411.0,FETUSDT
2022-09-15 16:00:00,0.088,0.099,0.0877,0.0947,24339449.0,FETUSDT
2022-09-15 20:00:00,0.0947,0.0957,0.0906,0.0918,6804066.0,FETUSDT
2022-09-16 00:00:00,0.0917,0.0922,0.088,0.0891,6446946.0,FETUSDT
2022-09-16 04:00:00,0.0891,0.0906,0.0877,0.0878,5704164.0,FETUSDT
2022-09-16 08:00:00,0.0877,0.0886,0.0856,0.0881,4469948.0,FETUSDT
2022-09-16 12:00:00,0.088,0.0888,0.0856,0.0875,9397158.0,FETUSDT
2022-09-16 16:00:00,0.0876,0.0894,0.0861,0.0884,8730991.0,FETUSDT
2022-09-16 20:00:00,0.0883,0.0905,0.0857,0.0866,5189846.0,FETUSDT
2022-09-17 00:00:00,0.0865,0.0913,0.0865,0.0897,3497152.0,FETUSDT
2022-09-17 04:00:00,0.0897,0.09,0.0883,0.0893,1520339.0,FETUSDT
2022-09-17 08:00:00,0.0893,0.0901,0.089,0.0892,1092787.0,FETUSDT
2022-09-17 12:00:00,0.0893,0.0894,0.0882,0.0888,1936161.0,FETUSDT
2022-09-17 16:00:00,0.0888,0.0894,0.0882,0.0887,1535439.0,FETUSDT
2022-09-17 20:00:00,0.0887,0.0899,0.0883,0.0888,2018192.0,FETUSDT
2022-09-18 00:00:00,0.0886,0.0886,0.0862,0.0874,3848717.0,FETUSDT
2022-09-18 04:00:00,0.0874,0.0883,0.0873,0.0878,2077758.0,FETUSDT
2022-09-18 08:00:00,0.0878,0.0897,0.0853,0.0873,3902374.0,FETUSDT
2022-09-18 12:00:00,0.0872,0.0873,0.0851,0.0861,1649208.0,FETUSDT
2022-09-18 16:00:00,0.0861,0.0865,0.0843,0.0856,2992654.0,FETUSDT
2022-09-18 20:00:00,0.0855,0.0856,0.0802,0.0809,3782114.0,FETUSDT
2022-09-19 00:00:00,0.0809,0.0833,0.0794,0.081,4936702.0,FETUSDT
2022-09-19 04:00:00,0.081,0.0825,0.0796,0.0819,3747163.0,FETUSDT
2022-09-19 08:00:00,0.082,0.083,0.0804,0.0817,1943954.0,FETUSDT
2022-09-19 12:00:00,0.0818,0.0842,0.0818,0.0824,2497373.0,FETUSDT
2022-09-19 16:00:00,0.0824,0.084,0.0816,0.0833,2731955.0,FETUSDT
2022-09-19 20:00:00,0.0835,0.0853,0.0825,0.0827,5901401.0,FETUSDT
2022-09-20 00:00:00,0.0827,0.0831,0.0811,0.0824,2688477.0,FETUSDT
2022-09-20 04:00:00,0.0823,0.0848,0.0819,0.0828,3797041.0,FETUSDT
2022-09-20 08:00:00,0.0829,0.0832,0.0817,0.0826,1799740.0,FETUSDT
2022-09-20 12:00:00,0.0826,0.0861,0.0811,0.0848,3803302.0,FETUSDT
2022-09-20 16:00:00,0.0846,0.0851,0.0829,0.083,3504762.0,FETUSDT
2022-09-20 20:00:00,0.0832,0.0838,0.0822,0.0826,3601464.0,FETUSDT
2022-09-21 00:00:00,0.0824,0.0847,0.0823,0.0839,4223934.0,FETUSDT
2022-09-21 04:00:00,0.0839,0.0874,0.0797,0.0811,7348127.0,FETUSDT
2022-09-21 08:00:00,0.081,0.0818,0.0804,0.0816,1677952.0,FETUSDT
2022-09-21 12:00:00,0.0816,0.0834,0.0808,0.0814,3744883.0,FETUSDT
2022-09-21 16:00:00,0.0814,0.0855,0.0777,0.082,13868383.0,FETUSDT
2022-09-21 20:00:00,0.082,0.0826,0.0778,0.0792,4884529.0,FETUSDT
2022-09-22 00:00:00,0.0791,0.0821,0.0789,0.0809,4380212.0,FETUSDT
2022-09-22 04:00:00,0.081,0.082,0.0805,0.082,1876060.0,FETUSDT
2022-09-22 08:00:00,0.082,0.0829,0.0813,0.0825,1959595.0,FETUSDT
2022-09-22 12:00:00,0.0826,0.0828,0.0807,0.0817,1910329.0,FETUSDT
2022-09-22 16:00:00,0.0818,0.0834,0.0807,0.0825,2530840.0,FETUSDT
2022-09-22 20:00:00,0.0825,0.0834,0.0818,0.0827,1779875.0,FETUSDT
2022-09-23 00:00:00,0.0828,0.0853,0.0819,0.0851,3502133.0,FETUSDT
2022-09-23 04:00:00,0.085,0.0879,0.0843,0.0847,6776285.0,FETUSDT
2022-09-23 08:00:00,0.0847,0.0863,0.0831,0.0834,3603253.0,FETUSDT
2022-09-23 12:00:00,0.0835,0.0861,0.0824,0.0843,4639473.0,FETUSDT
2022-09-23 16:00:00,0.0842,0.0846,0.0828,0.0838,3396914.0,FETUSDT
2022-09-23 20:00:00,0.0837,0.086,0.0837,0.0852,2264209.0,FETUSDT
2022-09-24 00:00:00,0.0852,0.0852,0.0841,0.0843,870527.0,FETUSDT
2022-09-24 04:00:00,0.0845,0.0847,0.0834,0.0837,1040979.0,FETUSDT
2022-09-24 08:00:00,0.0837,0.0844,0.0832,0.0842,1197494.0,FETUSDT
2022-09-24 12:00:00,0.0842,0.0847,0.0826,0.0832,2976726.0,FETUSDT
2022-09-24 16:00:00,0.0832,0.086,0.0831,0.0842,4248228.0,FETUSDT
2022-09-24 20:00:00,0.0842,0.0856,0.0819,0.0823,5002333.0,FETUSDT
2022-09-25 00:00:00,0.0824,0.0829,0.0819,0.0829,3535873.0,FETUSDT
2022-09-25 04:00:00,0.0827,0.0835,0.0823,0.083,1763435.0,FETUSDT
2022-09-25 08:00:00,0.083,0.0832,0.0823,0.0828,546703.0,FETUSDT
2022-09-25 12:00:00,0.083,0.083,0.0806,0.0817,1999723.0,FETUSDT
2022-09-25 16:00:00,0.0818,0.0823,0.0806,0.0806,2364419.0,FETUSDT
2022-09-25 20:00:00,0.0807,0.081,0.0796,0.0801,3533597.0,FETUSDT
2022-09-26 00:00:00,0.0801,0.0813,0.0792,0.0799,4852018.0,FETUSDT
2022-09-26 04:00:00,0.0797,0.0803,0.0785,0.08,1152812.0,FETUSDT
2022-09-26 08:00:00,0.08,0.0811,0.0789,0.0796,2707735.0,FETUSDT
2022-09-26 12:00:00,0.0796,0.081,0.0793,0.0801,2174683.0,FETUSDT
2022-09-26 16:00:00,0.0801,0.0809,0.0794,0.0805,2160281.0,FETUSDT
2022-09-26 20:00:00,0.0806,0.0813,0.08,0.0812,2050910.0,FETUSDT
2022-09-27 00:00:00,0.0811,0.0838,0.0808,0.0832,3320599.0,FETUSDT
2022-09-27 04:00:00,0.0833,0.0856,0.0829,0.0841,5414895.0,FETUSDT
2022-09-27 08:00:00,0.0842,0.085,0.083,0.0835,3191286.0,FETUSDT
2022-09-27 12:00:00,0.0834,0.0846,0.082,0.0823,2450638.0,FETUSDT
2022-09-27 16:00:00,0.0824,0.0824,0.0798,0.0807,4355586.0,FETUSDT
2022-09-27 20:00:00,0.0806,0.0816,0.0803,0.0814,3071915.0,FETUSDT
2022-09-28 00:00:00,0.0815,0.0817,0.0791,0.0804,5568649.0,FETUSDT
2022-09-28 04:00:00,0.0804,0.0806,0.0794,0.0802,3844369.0,FETUSDT
2022-09-28 08:00:00,0.0802,0.0807,0.0789,0.0801,2313774.0,FETUSDT
2022-09-28 12:00:00,0.0802,0.0912,0.08,0.0844,24108894.0,FETUSDT
2022-09-28 16:00:00,0.0844,0.0862,0.0827,0.0842,13330178.0,FETUSDT
2022-09-28 20:00:00,0.0843,0.0864,0.0837,0.0848,5432032.0,FETUSDT
2022-09-29 00:00:00,0.0849,0.0858,0.0834,0.0838,5122164.0,FETUSDT
2022-09-29 04:00:00,0.0838,0.084,0.0816,0.0827,4312697.0,FETUSDT
2022-09-29 08:00:00,0.0826,0.0838,0.0826,0.0835,2893121.0,FETUSDT
2022-09-29 12:00:00,0.0834,0.0836,0.0807,0.082,5177009.0,FETUSDT
2022-09-29 16:00:00,0.082,0.0837,0.0816,0.0831,3281208.0,FETUSDT
2022-09-29 20:00:00,0.0831,0.0834,0.0823,0.0829,1723794.0,FETUSDT
2022-09-30 00:00:00,0.0829,0.0834,0.0819,0.0822,1695929.0,FETUSDT
2022-09-30 04:00:00,0.0822,0.0841,0.082,0.0831,2214898.0,FETUSDT
2022-09-30 08:00:00,0.0834,0.0839,0.0817,0.0819,2519821.0,FETUSDT
2022-09-30 12:00:00,0.0819,0.084,0.0812,0.0825,3424430.0,FETUSDT
2022-09-30 16:00:00,0.0824,0.0835,0.0817,0.0819,1868781.0,FETUSDT
2022-09-30 20:00:00,0.0818,0.0828,0.0816,0.0827,3917425.0,FETUSDT
2022-10-01 00:00:00,0.0827,0.0828,0.0821,0.0826,414345.0,FETUSDT
2022-10-01 04:00:00,0.0826,0.0832,0.0823,0.0825,760441.0,FETUSDT
2022-10-01 08:00:00,0.0826,0.0835,0.0825,0.0831,1329660.0,FETUSDT
2022-10-01 12:00:00,0.083,0.083,0.0825,0.0828,856801.0,FETUSDT
2022-10-01 16:00:00,0.0828,0.0829,0.0814,0.0815,1588275.0,FETUSDT
2022-10-01 20:00:00,0.0816,0.0819,0.081,0.081,1984892.0,FETUSDT
2022-10-02 00:00:00,0.0811,0.0813,0.0806,0.0811,871828.0,FETUSDT
2022-10-02 04:00:00,0.0812,0.0813,0.0801,0.0809,1828918.0,FETUSDT
2022-10-02 08:00:00,0.0809,0.0813,0.0791,0.0802,2597605.0,FETUSDT
2022-10-02 12:00:00,0.0802,0.0805,0.0796,0.0798,906399.0,FETUSDT
2022-10-02 16:00:00,0.0799,0.0808,0.0796,0.0806,2208582.0,FETUSDT
2022-10-02 20:00:00,0.0807,0.0811,0.078,0.0789,4377522.0,FETUSDT
2022-10-03 00:00:00,0.0788,0.0799,0.0781,0.0797,1947700.0,FETUSDT
2022-10-03 04:00:00,0.0796,0.0803,0.0788,0.0795,2179208.0,FETUSDT
2022-10-03 08:00:00,0.0796,0.0806,0.0792,0.0802,1941315.0,FETUSDT
2022-10-03 12:00:00,0.0801,0.082,0.0793,0.0811,3220294.0,FETUSDT
2022-10-03 16:00:00,0.0812,0.0822,0.0799,0.0804,4489650.0,FETUSDT
2022-10-03 20:00:00,0.0805,0.081,0.0801,0.0808,1257060.0,FETUSDT
2022-10-04 00:00:00,0.0808,0.0812,0.0802,0.0808,1235712.0,FETUSDT
2022-10-04 04:00:00,0.0807,0.0818,0.0805,0.0818,1016283.0,FETUSDT
2022-10-04 08:00:00,0.0818,0.0819,0.0808,0.0813,1912652.0,FETUSDT
2022-10-04 12:00:00,0.0813,0.0823,0.081,0.082,2095173.0,FETUSDT
2022-10-04 16:00:00,0.0819,0.0826,0.0813,0.0825,2011986.0,FETUSDT
2022-10-04 20:00:00,0.0825,0.083,0.0819,0.0823,1675718.0,FETUSDT
2022-10-05 00:00:00,0.0823,0.0828,0.082,0.0823,494597.0,FETUSDT
2022-10-05 04:00:00,0.0822,0.0822,0.0816,0.0816,987899.0,FETUSDT
2022-10-05 08:00:00,0.0816,0.0817,0.0805,0.0807,2168379.0,FETUSDT
2022-10-05 12:00:00,0.0807,0.0809,0.0798,0.0807,2564414.0,FETUSDT
2022-10-05 16:00:00,0.0807,0.0819,0.0806,0.0816,2335621.0,FETUSDT
2022-10-05 20:00:00,0.0816,0.0817,0.0808,0.0813,1084695.0,FETUSDT
2022-10-06 00:00:00,0.0813,0.0823,0.0813,0.0821,2074321.0,FETUSDT
2022-10-06 04:00:00,0.0822,0.0823,0.081,0.0813,1401705.0,FETUSDT
2022-10-06 08:00:00,0.0814,0.0819,0.0809,0.0819,750068.0,FETUSDT
2022-10-06 12:00:00,0.0819,0.0824,0.0808,0.0815,1616490.0,FETUSDT
2022-10-06 16:00:00,0.0814,0.082,0.0808,0.0809,1669703.0,FETUSDT
2022-10-06 20:00:00,0.081,0.0811,0.0801,0.0807,1079910.0,FETUSDT
2022-10-07 00:00:00,0.0807,0.0814,0.0803,0.0806,1344270.0,FETUSDT
2022-10-07 04:00:00,0.0806,0.0806,0.0799,0.0804,914455.0,FETUSDT
2022-10-07 08:00:00,0.0804,0.0807,0.0801,0.0805,765751.0,FETUSDT
2022-10-07 12:00:00,0.0805,0.0806,0.0787,0.0799,1881386.0,FETUSDT
2022-10-07 16:00:00,0.0799,0.0805,0.0791,0.0802,1212625.0,FETUSDT
2022-10-07 20:00:00,0.0801,0.0805,0.0798,0.08,2042565.0,FETUSDT
2022-10-08 00:00:00,0.0799,0.0804,0.0798,0.0804,1778448.0,FETUSDT
2022-10-08 04:00:00,0.0804,0.0804,0.0796,0.0803,3590839.0,FETUSDT
2022-10-08 08:00:00,0.0803,0.0818,0.08,0.0809,8281272.0,FETUSDT
2022-10-08 12:00:00,0.0808,0.0814,0.0802,0.0812,8555696.0,FETUSDT
2022-10-08 16:00:00,0.081,0.0887,0.0808,0.0821,19825518.0,FETUSDT
2022-10-08 20:00:00,0.0822,0.0831,0.08,0.0811,3087849.0,FETUSDT
2022-10-09 00:00:00,0.081,0.0821,0.0797,0.0801,2680153.0,FETUSDT
2022-10-09 04:00:00,0.08,0.0809,0.0799,0.0806,5233161.0,FETUSDT
2022-10-09 08:00:00,0.0806,0.0833,0.0806,0.0822,11674348.0,FETUSDT
2022-10-09 12:00:00,0.0821,0.0833,0.0816,0.0821,10280063.0,FETUSDT
2022-10-09 16:00:00,0.0821,0.0828,0.0814,0.0826,9579573.0,FETUSDT
2022-10-09 20:00:00,0.0824,0.0831,0.0818,0.0826,6218540.0,FETUSDT
2022-10-10 00:00:00,0.0827,0.0844,0.0825,0.0837,4623489.0,FETUSDT
2022-10-10 04:00:00,0.0837,0.0841,0.0821,0.0821,4029265.0,FETUSDT
2022-10-10 08:00:00,0.0822,0.0823,0.08,0.081,4120902.0,FETUSDT
2022-10-10 12:00:00,0.0811,0.083,0.0808,0.0826,3449257.0,FETUSDT
2022-10-10 16:00:00,0.0824,0.0824,0.0813,0.082,3119234.0,FETUSDT
2022-10-10 20:00:00,0.0818,0.0824,0.0797,0.0798,4292598.0,FETUSDT
2022-10-11 00:00:00,0.0798,0.0819,0.0788,0.0803,4479127.0,FETUSDT
2022-10-11 04:00:00,0.0803,0.0804,0.0792,0.0799,2561615.0,FETUSDT
2022-10-11 08:00:00,0.0799,0.0827,0.0795,0.0811,5239203.0,FETUSDT
2022-10-11 12:00:00,0.0811,0.0822,0.0798,0.0806,2739809.0,FETUSDT
2022-10-11 16:00:00,0.0806,0.081,0.0794,0.0797,3331772.0,FETUSDT
2022-10-11 20:00:00,0.0796,0.0802,0.0791,0.0793,1750698.0,FETUSDT
2022-10-12 00:00:00,0.0792,0.08,0.0791,0.0794,1291481.0,FETUSDT
2022-10-12 04:00:00,0.0794,0.0805,0.0793,0.0796,3511838.0,FETUSDT
2022-10-12 08:00:00,0.0796,0.081,0.0795,0.0803,9417330.0,FETUSDT
2022-10-12 12:00:00,0.0804,0.0806,0.079,0.0795,2050459.0,FETUSDT
2022-10-12 16:00:00,0.0795,0.0801,0.079,0.0794,3460478.0,FETUSDT
2022-10-12 20:00:00,0.0794,0.0805,0.0791,0.0796,1884122.0,FETUSDT
2022-10-13 00:00:00,0.0795,0.0796,0.0772,0.0776,2581868.0,FETUSDT
2022-10-13 04:00:00,0.0775,0.0779,0.0738,0.0747,4911889.0,FETUSDT
2022-10-13 08:00:00,0.0748,0.0763,0.0731,0.0757,4021528.0,FETUSDT
2022-10-13 12:00:00,0.0756,0.0789,0.0742,0.0787,12754067.0,FETUSDT
2022-10-13 16:00:00,0.0788,0.0848,0.0788,0.0816,23249896.0,FETUSDT
2022-10-13 20:00:00,0.0816,0.0834,0.0814,0.0821,8264152.0,FETUSDT
2022-10-14 00:00:00,0.0821,0.0846,0.082,0.0828,8924610.0,FETUSDT
2022-10-14 04:00:00,0.0828,0.0835,0.0822,0.0823,4430040.0,FETUSDT
2022-10-14 08:00:00,0.0823,0.0825,0.0811,0.0813,3984421.0,FETUSDT
2022-10-14 12:00:00,0.0813,0.0828,0.0795,0.0798,4387575.0,FETUSDT
2022-10-14 16:00:00,0.0798,0.0816,0.0794,0.08,9316098.0,FETUSDT
2022-10-14 20:00:00,0.08,0.0816,0.0797,0.0807,2569352.0,FETUSDT
2022-10-15 00:00:00,0.0807,0.0821,0.0806,0.0818,1221102.0,FETUSDT
2022-10-15 04:00:00,0.082,0.0848,0.0816,0.0827,3301615.0,FETUSDT
2022-10-15 08:00:00,0.0827,0.0836,0.0813,0.083,6364440.0,FETUSDT
2022-10-15 12:00:00,0.083,0.0834,0.082,0.083,3827646.0,FETUSDT
2022-10-15 16:00:00,0.0829,0.083,0.081,0.0822,3892650.0,FETUSDT
2022-10-15 20:00:00,0.0822,0.0828,0.0812,0.0821,2295402.0,FETUSDT
2022-10-16 00:00:00,0.0821,0.0824,0.0812,0.0817,964526.0,FETUSDT
2022-10-16 04:00:00,0.0817,0.0843,0.0817,0.084,3417062.0,FETUSDT
2022-10-16 08:00:00,0.0841,0.0845,0.0823,0.0825,3688272.0,FETUSDT
2022-10-16 12:00:00,0.0826,0.0854,0.0825,0.0844,4396046.0,FETUSDT
2022-10-16 16:00:00,0.0845,0.0875,0.0818,0.0853,10863312.0,FETUSDT
2022-10-16 20:00:00,0.0853,0.0945,0.0848,0.0853,32191976.0,FETUSDT
2022-10-17 00:00:00,0.0855,0.0871,0.085,0.0856,2390209.0,FETUSDT
2022-10-17 04:00:00,0.0857,0.0868,0.0828,0.0831,6484904.0,FETUSDT
2022-10-17 08:00:00,0.0832,0.0864,0.0828,0.0855,8023675.0,FETUSDT
2022-10-17 12:00:00,0.0854,0.0862,0.0838,0.0843,3916751.0,FETUSDT
2022-10-17 16:00:00,0.0843,0.0871,0.0838,0.0858,6856748.0,FETUSDT
2022-10-17 20:00:00,0.0858,0.0893,0.0853,0.0871,5895636.0,FETUSDT
2022-10-18 00:00:00,0.0873,0.0892,0.0862,0.0874,3051508.0,FETUSDT
2022-10-18 04:00:00,0.0876,0.0894,0.087,0.0878,5493240.0,FETUSDT
2022-10-18 08:00:00,0.0879,0.0882,0.085,0.0862,4731107.0,FETUSDT
2022-10-18 12:00:00,0.0864,0.0869,0.084,0.0846,4749493.0,FETUSDT
2022-10-18 16:00:00,0.0846,0.0856,0.083,0.0834,4581760.0,FETUSDT
2022-10-18 20:00:00,0.0833,0.0855,0.0833,0.0846,2003631.0,FETUSDT
2022-10-19 00:00:00,0.0845,0.0854,0.0831,0.0834,1412437.0,FETUSDT
2022-10-19 04:00:00,0.0836,0.0848,0.0825,0.083,3116162.0,FETUSDT
2022-10-19 08:00:00,0.083,0.0833,0.0822,0.0826,1403623.0,FETUSDT
2022-10-19 12:00:00,0.0826,0.0843,0.0821,0.084,2363148.0,FETUSDT
2022-10-19 16:00:00,0.0839,0.084,0.0827,0.0837,1880342.0,FETUSDT
2022-10-19 20:00:00,0.0836,0.084,0.0812,0.0813,1541869.0,FETUSDT
2022-10-20 00:00:00,0.0813,0.0813,0.0796,0.0804,2342692.0,FETUSDT
2022-10-20 04:00:00,0.0804,0.0815,0.0802,0.0814,1038526.0,FETUSDT
2022-10-20 08:00:00,0.0814,0.0818,0.0809,0.0816,1031298.0,FETUSDT
2022-10-20 12:00:00,0.0817,0.0821,0.0811,0.0814,1434760.0,FETUSDT
2022-10-20 16:00:00,0.0813,0.0813,0.079,0.0806,2361634.0,FETUSDT
2022-10-20 20:00:00,0.0806,0.0809,0.0799,0.0807,757755.0,FETUSDT
2022-10-21 00:00:00,0.0807,0.0809,0.0795,0.0809,910080.0,FETUSDT
2022-10-21 04:00:00,0.0807,0.0809,0.0795,0.0797,866511.0,FETUSDT
2022-10-21 08:00:00,0.0796,0.0799,0.0782,0.0788,1640260.0,FETUSDT
2022-10-21 12:00:00,0.0787,0.0806,0.0774,0.0806,2695956.0,FETUSDT
2022-10-21 16:00:00,0.0805,0.0823,0.08,0.0814,4448354.0,FETUSDT
2022-10-21 20:00:00,0.0814,0.082,0.0801,0.0805,3140564.0,FETUSDT
2022-10-22 00:00:00,0.0805,0.0808,0.0803,0.0804,524243.0,FETUSDT
2022-10-22 04:00:00,0.0804,0.0818,0.0803,0.0818,1685489.0,FETUSDT
2022-10-22 08:00:00,0.0816,0.0825,0.0813,0.0816,2089120.0,FETUSDT
2022-10-22 12:00:00,0.0816,0.0832,0.0813,0.0826,3845718.0,FETUSDT
2022-10-22 16:00:00,0.0827,0.083,0.0812,0.0816,1819806.0,FETUSDT
2022-10-22 20:00:00,0.0815,0.0818,0.0809,0.0813,2405246.0,FETUSDT
2022-10-23 00:00:00,0.0814,0.0822,0.0809,0.0818,1340744.0,FETUSDT
2022-10-23 04:00:00,0.0816,0.0816,0.0808,0.0812,481401.0,FETUSDT
2022-10-23 08:00:00,0.0812,0.0815,0.0801,0.0804,765998.0,FETUSDT
2022-10-23 12:00:00,0.0803,0.0805,0.0798,0.0802,1069983.0,FETUSDT
2022-10-23 16:00:00,0.0803,0.0815,0.08,0.0812,2777247.0,FETUSDT
2022-10-23 20:00:00,0.0812,0.0818,0.0803,0.0814,1817623.0,FETUSDT
2022-10-24 00:00:00,0.0814,0.0818,0.0805,0.0805,497559.0,FETUSDT
2022-10-24 04:00:00,0.0807,0.0813,0.0802,0.0806,1480210.0,FETUSDT
2022-10-24 08:00:00,0.0806,0.0808,0.0794,0.0805,2355499.0,FETUSDT
2022-10-24 12:00:00,0.0805,0.0807,0.0795,0.0804,2699358.0,FETUSDT
2022-10-24 16:00:00,0.0803,0.0806,0.0795,0.0802,3854752.0,FETUSDT
2022-10-24 20:00:00,0.0802,0.0815,0.08,0.0804,1552357.0,FETUSDT
2022-10-25 00:00:00,0.0804,0.0809,0.0801,0.0807,796899.0,FETUSDT
2022-10-25 04:00:00,0.0808,0.081,0.08,0.0802,1198281.0,FETUSDT
2022-10-25 08:00:00,0.0802,0.0803,0.0793,0.0799,1462606.0,FETUSDT
2022-10-25 12:00:00,0.0799,0.0839,0.0794,0.0812,5054320.0,FETUSDT
2022-10-25 16:00:00,0.0813,0.0828,0.0811,0.0821,4027259.0,FETUSDT
2022-10-25 20:00:00,0.082,0.0821,0.0811,0.0816,1440092.0,FETUSDT
2022-10-26 00:00:00,0.0817,0.0823,0.0813,0.0819,1009264.0,FETUSDT
2022-10-26 04:00:00,0.0819,0.0827,0.0819,0.0825,980001.0,FETUSDT
2022-10-26 08:00:00,0.0825,0.0835,0.0823,0.0825,2383439.0,FETUSDT
2022-10-26 12:00:00,0.0824,0.0839,0.0816,0.0836,2570895.0,FETUSDT
2022-10-26 16:00:00,0.0837,0.0839,0.082,0.0824,2102965.0,FETUSDT
2022-10-26 20:00:00,0.0826,0.083,0.0813,0.0818,2568040.0,FETUSDT
2022-10-27 00:00:00,0.0817,0.0826,0.0816,0.0826,1133790.0,FETUSDT
2022-10-27 04:00:00,0.0826,0.0837,0.0823,0.0827,2343827.0,FETUSDT
2022-10-27 08:00:00,0.0828,0.0845,0.0809,0.0828,5701342.0,FETUSDT
2022-10-27 12:00:00,0.0828,0.0829,0.0815,0.0822,2037637.0,FETUSDT
2022-10-27 16:00:00,0.0822,0.0829,0.0818,0.0823,1165391.0,FETUSDT
2022-10-27 20:00:00,0.0824,0.0825,0.0805,0.081,2388730.0,FETUSDT
2022-10-28 00:00:00,0.0809,0.0817,0.0803,0.0817,880563.0,FETUSDT
2022-10-28 04:00:00,0.0816,0.0822,0.0804,0.0805,1938277.0,FETUSDT
2022-10-28 08:00:00,0.0805,0.0813,0.0804,0.0807,1184441.0,FETUSDT
2022-10-28 12:00:00,0.0806,0.0823,0.0804,0.0819,1940506.0,FETUSDT
2022-10-28 16:00:00,0.0819,0.0834,0.0819,0.083,1895806.0,FETUSDT
2022-10-28 20:00:00,0.0831,0.0835,0.0821,0.0822,1654169.0,FETUSDT
2022-10-29 00:00:00,0.0823,0.0828,0.0821,0.0828,548633.0,FETUSDT
2022-10-29 04:00:00,0.0826,0.0843,0.0826,0.0839,2541222.0,FETUSDT
2022-10-29 08:00:00,0.0841,0.0847,0.0823,0.0827,2759639.0,FETUSDT
2022-10-29 12:00:00,0.0828,0.0834,0.0824,0.0832,1922180.0,FETUSDT
2022-10-29 16:00:00,0.083,0.088,0.0827,0.0848,10762696.0,FETUSDT
2022-10-29 20:00:00,0.0848,0.0857,0.084,0.0842,1488165.0,FETUSDT
2022-10-30 00:00:00,0.0841,0.0855,0.0833,0.0852,2183619.0,FETUSDT
2022-10-30 04:00:00,0.0852,0.0864,0.0847,0.0863,2291762.0,FETUSDT
2022-10-30 08:00:00,0.0862,0.0865,0.0842,0.0854,2609068.0,FETUSDT
2022-10-30 12:00:00,0.0853,0.0853,0.0839,0.0841,1345841.0,FETUSDT
2022-10-30 16:00:00,0.084,0.086,0.083,0.0845,2124436.0,FETUSDT
2022-10-30 20:00:00,0.0846,0.0855,0.0831,0.084,2421980.0,FETUSDT
2022-10-31 00:00:00,0.0842,0.085,0.0833,0.0847,2273683.0,FETUSDT
2022-10-31 04:00:00,0.0847,0.086,0.0844,0.0848,1731654.0,FETUSDT
2022-10-31 08:00:00,0.0849,0.0859,0.0838,0.0849,4575824.0,FETUSDT
2022-10-31 12:00:00,0.0851,0.0868,0.0834,0.0847,6331743.0,FETUSDT
2022-10-31 16:00:00,0.0847,0.0855,0.0841,0.0845,1863472.0,FETUSDT
2022-10-31 20:00:00,0.0844,0.0853,0.0842,0.0851,1214160.0,FETUSDT
2022-11-01 00:00:00,0.0851,0.0858,0.0847,0.0853,800195.0,FETUSDT
2022-11-01 04:00:00,0.0854,0.0854,0.0821,0.0834,4689098.0,FETUSDT
2022-11-01 08:00:00,0.0834,0.084,0.0827,0.0831,1986400.0,FETUSDT
2022-11-01 12:00:00,0.0831,0.0835,0.0823,0.0826,2030345.0,FETUSDT
2022-11-01 16:00:00,0.0826,0.0834,0.0822,0.0827,1743348.0,FETUSDT
2022-11-01 20:00:00,0.0826,0.0829,0.0819,0.0827,1552206.0,FETUSDT
2022-11-02 00:00:00,0.0827,0.0832,0.0824,0.0828,406907.0,FETUSDT
2022-11-02 04:00:00,0.083,0.0834,0.0812,0.0816,1275890.0,FETUSDT
2022-11-02 08:00:00,0.0817,0.0822,0.0803,0.0816,2194736.0,FETUSDT
2022-11-02 12:00:00,0.0817,0.0819,0.0808,0.0813,620184.0,FETUSDT
2022-11-02 16:00:00,0.0813,0.0834,0.0789,0.0802,8226134.0,FETUSDT
2022-11-02 20:00:00,0.0802,0.0804,0.0793,0.0801,3401603.0,FETUSDT
2022-11-03 00:00:00,0.0801,0.0831,0.08,0.0829,3441479.0,FETUSDT
2022-11-03 04:00:00,0.083,0.0854,0.0827,0.0845,6982211.0,FETUSDT
2022-11-03 08:00:00,0.0847,0.0869,0.0832,0.0847,6979740.0,FETUSDT
2022-11-03 12:00:00,0.0847,0.0857,0.0835,0.085,3534768.0,FETUSDT
2022-11-03 16:00:00,0.085,0.0888,0.0849,0.0874,13001389.0,FETUSDT
2022-11-03 20:00:00,0.0874,0.093,0.086,0.0871,9144767.0,FETUSDT
2022-11-04 00:00:00,0.0872,0.0893,0.0862,0.089,2426111.0,FETUSDT
2022-11-04 04:00:00,0.0889,0.0901,0.0865,0.088,5060102.0,FETUSDT
2022-11-04 08:00:00,0.088,0.093,0.0872,0.0893,7071358.0,FETUSDT
2022-11-04 12:00:00,0.0893,0.092,0.0885,0.0891,6847458.0,FETUSDT
2022-11-04 16:00:00,0.0891,0.0903,0.0879,0.0901,7859116.0,FETUSDT
2022-11-04 20:00:00,0.0903,0.0911,0.0893,0.0905,5246658.0,FETUSDT
2022-11-05 00:00:00,0.0904,0.0944,0.0904,0.0927,5485424.0,FETUSDT
2022-11-05 04:00:00,0.0925,0.0927,0.091,0.0917,1955693.0,FETUSDT
2022-11-05 08:00:00,0.0917,0.0919,0.0898,0.0907,2994024.0,FETUSDT
2022-11-05 12:00:00,0.0907,0.091,0.0895,0.0902,2232609.0,FETUSDT
2022-11-05 16:00:00,0.0902,0.0913,0.0886,0.0895,2914308.0,FETUSDT
2022-11-05 20:00:00,0.0895,0.0898,0.0883,0.0888,1285317.0,FETUSDT
2022-11-06 00:00:00,0.0887,0.0915,0.0878,0.0894,3379442.0,FETUSDT
2022-11-06 04:00:00,0.0894,0.0899,0.0889,0.0895,1202397.0,FETUSDT
2022-11-06 08:00:00,0.0895,0.1017,0.0894,0.0968,19035533.0,FETUSDT
2022-11-06 12:00:00,0.0966,0.0967,0.092,0.0939,9171820.0,FETUSDT
2022-11-06 16:00:00,0.094,0.094,0.0905,0.0908,3843961.0,FETUSDT
2022-11-06 20:00:00,0.0908,0.0926,0.0886,0.0887,5412462.0,FETUSDT
2022-11-07 00:00:00,0.0887,0.0914,0.0885,0.0906,2379879.0,FETUSDT
2022-11-07 04:00:00,0.0906,0.0914,0.0869,0.0869,2420432.0,FETUSDT
2022-11-07 08:00:00,0.0869,0.0896,0.0864,0.0884,2809380.0,FETUSDT
2022-11-07 12:00:00,0.0884,0.0896,0.0868,0.0888,2283274.0,FETUSDT
2022-11-07 16:00:00,0.0888,0.0893,0.0871,0.0891,2522096.0,FETUSDT
2022-11-07 20:00:00,0.0891,0.0898,0.086,0.0879,1917163.0,FETUSDT
2022-11-08 00:00:00,0.0878,0.0892,0.085,0.0851,2024972.0,FETUSDT
2022-11-08 04:00:00,0.0851,0.0864,0.081,0.0842,6141516.0,FETUSDT
2022-11-08 08:00:00,0.0842,0.0847,0.0823,0.0825,2303923.0,FETUSDT
2022-11-08 12:00:00,0.0825,0.0833,0.0806,0.0822,3350367.0,FETUSDT
2022-11-08 16:00:00,0.0823,0.0881,0.0715,0.0757,14352347.0,FETUSDT
2022-11-08 20:00:00,0.076,0.0798,0.0742,0.0771,5716214.0,FETUSDT
2022-11-09 00:00:00,0.077,0.0775,0.0728,0.0745,3563475.0,FETUSDT
2022-11-09 04:00:00,0.0745,0.0746,0.0721,0.0722,3360144.0,FETUSDT
2022-11-09 08:00:00,0.0723,0.0723,0.0682,0.0703,9202447.0,FETUSDT
2022-11-09 12:00:00,0.0703,0.0707,0.0662,0.0667,6315475.0,FETUSDT
2022-11-09 16:00:00,0.0667,0.0678,0.0621,0.064,9485793.0,FETUSDT
2022-11-09 20:00:00,0.0639,0.064,0.0578,0.06,9344862.0,FETUSDT
2022-11-10 00:00:00,0.0598,0.0636,0.059,0.0633,4440432.0,FETUSDT
2022-11-10 04:00:00,0.063,0.0662,0.0626,0.0653,2959373.0,FETUSDT
2022-11-10 08:00:00,0.0651,0.0658,0.063,0.064,4136130.0,FETUSDT
2022-11-10 12:00:00,0.0638,0.0707,0.0638,0.0694,9551217.0,FETUSDT
2022-11-10 16:00:00,0.0694,0.0705,0.0665,0.0682,3244420.0,FETUSDT
2022-11-10 20:00:00,0.0681,0.0704,0.0678,0.0689,2734024.0,FETUSDT
2022-11-11 00:00:00,0.0688,0.0691,0.0645,0.0654,2159975.0,FETUSDT
2022-11-11 04:00:00,0.0652,0.0661,0.0642,0.0661,4627585.0,FETUSDT
2022-11-11 08:00:00,0.066,0.068,0.0656,0.0675,2826925.0,FETUSDT
2022-11-11 12:00:00,0.0677,0.0688,0.0621,0.0643,6399100.0,FETUSDT
2022-11-11 16:00:00,0.0643,0.0644,0.0627,0.0631,2068009.0,FETUSDT
2022-11-11 20:00:00,0.0633,0.0653,0.0621,0.0649,1852837.0,FETUSDT
2022-11-12 00:00:00,0.0651,0.0655,0.0643,0.0648,627331.0,FETUSDT
2022-11-12 04:00:00,0.0648,0.0649,0.0627,0.0636,1518072.0,FETUSDT
2022-11-12 08:00:00,0.0636,0.0638,0.0625,0.0636,2253410.0,FETUSDT
2022-11-12 12:00:00,0.0636,0.0639,0.0621,0.0635,1724489.0,FETUSDT
2022-11-12 16:00:00,0.0634,0.064,0.063,0.0636,1000663.0,FETUSDT
2022-11-12 20:00:00,0.0635,0.0636,0.0614,0.0617,1950177.0,FETUSDT
2022-11-13 00:00:00,0.0616,0.0634,0.0611,0.0633,1275718.0,FETUSDT
2022-11-13 04:00:00,0.0634,0.0635,0.061,0.0621,2374550.0,FETUSDT
2022-11-13 08:00:00,0.0621,0.0622,0.0584,0.0599,5152384.0,FETUSDT
2022-11-13 12:00:00,0.0599,0.0615,0.0592,0.0605,2698803.0,FETUSDT
2022-11-13 16:00:00,0.0607,0.0625,0.0603,0.0622,1998430.0,FETUSDT
2022-11-13 20:00:00,0.0621,0.0627,0.06,0.0601,1755694.0,FETUSDT
2022-11-14 00:00:00,0.0602,0.0609,0.0577,0.0587,3258764.0,FETUSDT
2022-11-14 04:00:00,0.0586,0.0607,0.0569,0.0607,3641895.0,FETUSDT
2022-11-14 08:00:00,0.0606,0.0615,0.0599,0.0609,2208319.0,FETUSDT
2022-11-14 12:00:00,0.0609,0.0626,0.0599,0.0607,1883074.0,FETUSDT
2022-11-14 16:00:00,0.0606,0.0616,0.0593,0.0603,3425764.0,FETUSDT
2022-11-14 20:00:00,0.0603,0.0638,0.0601,0.0634,2280372.0,FETUSDT
2022-11-15 00:00:00,0.0633,0.0634,0.0624,0.063,1300013.0,FETUSDT
2022-11-15 04:00:00,0.063,0.063,0.0616,0.0627,1275691.0,FETUSDT
2022-11-15 08:00:00,0.0629,0.0631,0.0619,0.0624,1676732.0,FETUSDT
2022-11-15 12:00:00,0.0625,0.0646,0.0619,0.0636,4282688.0,FETUSDT
2022-11-15 16:00:00,0.0636,0.0637,0.061,0.062,2793111.0,FETUSDT
2022-11-15 20:00:00,0.0621,0.0627,0.0616,0.0625,1248616.0,FETUSDT
2022-11-16 00:00:00,0.0626,0.0641,0.0621,0.0638,1038288.0,FETUSDT
2022-11-16 04:00:00,0.0638,0.0642,0.0631,0.0634,1391742.0,FETUSDT
2022-11-16 08:00:00,0.0634,0.0634,0.061,0.0611,2661245.0,FETUSDT
2022-11-16 12:00:00,0.0611,0.0615,0.0596,0.06,1660765.0,FETUSDT
2022-11-16 16:00:00,0.06,0.061,0.0597,0.0607,991464.0,FETUSDT
2022-11-16 20:00:00,0.0606,0.0611,0.0602,0.0608,708785.0,FETUSDT
2022-11-17 00:00:00,0.0607,0.0615,0.0606,0.0607,530193.0,FETUSDT
2022-11-17 04:00:00,0.0608,0.0612,0.0599,0.0607,949183.0,FETUSDT
2022-11-17 08:00:00,0.0608,0.0609,0.06,0.0606,686521.0,FETUSDT
2022-11-17 12:00:00,0.0607,0.0608,0.0593,0.0597,1528583.0,FETUSDT
2022-11-17 16:00:00,0.0599,0.0609,0.0598,0.0601,869640.0,FETUSDT
2022-11-17 20:00:00,0.0602,0.0606,0.06,0.0603,746691.0,FETUSDT
2022-11-18 00:00:00,0.0601,0.0618,0.0601,0.0613,788550.0,FETUSDT
2022-11-18 04:00:00,0.0614,0.0614,0.0605,0.061,552046.0,FETUSDT
2022-11-18 08:00:00,0.061,0.0611,0.0602,0.0606,1328470.0,FETUSDT
2022-11-18 12:00:00,0.0605,0.0615,0.0599,0.06,1151618.0,FETUSDT
2022-11-18 16:00:00,0.06,0.061,0.0594,0.0597,2682407.0,FETUSDT
2022-11-18 20:00:00,0.0597,0.0603,0.0594,0.06,2279843.0,FETUSDT
2022-11-19 00:00:00,0.06,0.0601,0.0594,0.0597,153370.0,FETUSDT
2022-11-19 04:00:00,0.0597,0.0599,0.0592,0.0593,296857.0,FETUSDT
2022-11-19 08:00:00,0.0594,0.06,0.0593,0.0598,1625861.0,FETUSDT
2022-11-19 12:00:00,0.0598,0.0601,0.0594,0.0599,2041914.0,FETUSDT
2022-11-19 16:00:00,0.0598,0.06,0.0595,0.0596,1684655.0,FETUSDT
2022-11-19 20:00:00,0.0595,0.0607,0.0595,0.0599,2910688.0,FETUSDT
2022-11-20 00:00:00,0.0598,0.0608,0.0597,0.0605,918355.0,FETUSDT
2022-11-20 04:00:00,0.0605,0.0611,0.0602,0.0608,1714455.0,FETUSDT
2022-11-20 08:00:00,0.0609,0.0625,0.06,0.06,3419689.0,FETUSDT
2022-11-20 12:00:00,0.06,0.0614,0.0595,0.0602,2497772.0,FETUSDT
2022-11-20 16:00:00,0.0602,0.0605,0.0582,0.0591,6185688.0,FETUSDT
2022-11-20 20:00:00,0.0591,0.0593,0.0567,0.0571,2318775.0,FETUSDT
2022-11-21 00:00:00,0.057,0.0571,0.0546,0.0555,3067972.0,FETUSDT
2022-11-21 04:00:00,0.0554,0.0567,0.0548,0.055,2490661.0,FETUSDT
2022-11-21 08:00:00,0.055,0.0558,0.0545,0.0558,3004413.0,FETUSDT
2022-11-21 12:00:00,0.0557,0.0568,0.0555,0.0563,4352425.0,FETUSDT
2022-11-21 16:00:00,0.0562,0.0564,0.0542,0.0549,1471049.0,FETUSDT
2022-11-21 20:00:00,0.055,0.0556,0.054,0.0547,3066263.0,FETUSDT
2022-11-22 00:00:00,0.0547,0.0558,0.0547,0.0551,1630720.0,FETUSDT
2022-11-22 04:00:00,0.055,0.0551,0.0531,0.0535,1825861.0,FETUSDT
2022-11-22 08:00:00,0.0535,0.0541,0.0529,0.0532,2320270.0,FETUSDT
2022-11-22 12:00:00,0.0531,0.0559,0.0527,0.0554,3694033.0,FETUSDT
2022-11-22 16:00:00,0.0553,0.0562,0.0547,0.0558,4495905.0,FETUSDT
2022-11-22 20:00:00,0.0558,0.0569,0.0549,0.0569,3951867.0,FETUSDT
2022-11-23 00:00:00,0.0569,0.0589,0.0563,0.0588,2073731.0,FETUSDT
2022-11-23 04:00:00,0.0587,0.059,0.0576,0.058,2054340.0,FETUSDT
2022-11-23 08:00:00,0.0581,0.0588,0.0577,0.0583,1576055.0,FETUSDT
2022-11-23 12:00:00,0.0581,0.0777,0.057,0.0668,96608195.0,FETUSDT
2022-11-23 16:00:00,0.0665,0.0734,0.0649,0.0656,38458680.0,FETUSDT
2022-11-23 20:00:00,0.0657,0.0667,0.0618,0.0641,15804233.0,FETUSDT
2022-11-24 00:00:00,0.064,0.0644,0.0611,0.062,5381258.0,FETUSDT
2022-11-24 04:00:00,0.0619,0.0645,0.0605,0.061,10528718.0,FETUSDT
2022-11-24 08:00:00,0.061,0.0648,0.0606,0.063,10843640.0,FETUSDT
2022-11-24 12:00:00,0.0631,0.07,0.063,0.0638,27462223.0,FETUSDT
2022-11-24 16:00:00,0.0639,0.0641,0.061,0.0618,12143063.0,FETUSDT
2022-11-24 20:00:00,0.062,0.0633,0.0615,0.0629,3088771.0,FETUSDT
2022-11-25 00:00:00,0.0629,0.063,0.0608,0.0616,2796851.0,FETUSDT
2022-11-25 04:00:00,0.0616,0.0618,0.0594,0.061,3699836.0,FETUSDT
2022-11-25 08:00:00,0.061,0.0611,0.06,0.0602,4522544.0,FETUSDT
2022-11-25 12:00:00,0.0602,0.0632,0.0602,0.0617,8398954.0,FETUSDT
2022-11-25 16:00:00,0.0617,0.0637,0.0604,0.0628,10266201.0,FETUSDT
2022-11-25 20:00:00,0.0627,0.0636,0.062,0.0621,3617284.0,FETUSDT
2022-11-26 00:00:00,0.0621,0.0631,0.0614,0.0627,1652953.0,FETUSDT
2022-11-26 04:00:00,0.0627,0.0634,0.0617,0.0627,3073874.0,FETUSDT
2022-11-26 08:00:00,0.0626,0.0645,0.0621,0.0626,6635118.0,FETUSDT
2022-11-26 12:00:00,0.0625,0.0637,0.0617,0.0621,3041092.0,FETUSDT
2022-11-26 16:00:00,0.0621,0.0623,0.061,0.0615,2349990.0,FETUSDT
2022-11-26 20:00:00,0.0614,0.0629,0.0604,0.0609,5663098.0,FETUSDT
2022-11-27 00:00:00,0.0611,0.0617,0.0608,0.0616,1353033.0,FETUSDT
2022-11-27 04:00:00,0.0615,0.0632,0.0612,0.0621,2682752.0,FETUSDT
2022-11-27 08:00:00,0.0622,0.0667,0.062,0.0627,14612886.0,FETUSDT
2022-11-27 12:00:00,0.0628,0.0646,0.0622,0.0644,8720078.0,FETUSDT
2022-11-27 16:00:00,0.0644,0.0648,0.0635,0.0635,3656733.0,FETUSDT
2022-11-27 20:00:00,0.0637,0.0641,0.0618,0.0621,2631736.0,FETUSDT
2022-11-28 00:00:00,0.0618,0.0626,0.0585,0.0598,4847727.0,FETUSDT
2022-11-28 04:00:00,0.0596,0.0609,0.0595,0.0604,2414636.0,FETUSDT
2022-11-28 08:00:00,0.0604,0.0608,0.0596,0.0601,2463860.0,FETUSDT
2022-11-28 12:00:00,0.0601,0.0638,0.06,0.0606,10872080.0,FETUSDT
2022-11-28 16:00:00,0.0606,0.062,0.06,0.0609,3485595.0,FETUSDT
2022-11-28 20:00:00,0.0609,0.0623,0.0606,0.0612,3621043.0,FETUSDT
2022-11-29 00:00:00,0.0612,0.0627,0.0607,0.0626,1573660.0,FETUSDT
2022-11-29 04:00:00,0.0626,0.0627,0.0616,0.0618,2930139.0,FETUSDT
2022-11-29 08:00:00,0.0618,0.0639,0.0615,0.0631,6103858.0,FETUSDT
2022-11-29 12:00:00,0.063,0.0634,0.0617,0.0622,4339387.0,FETUSDT
2022-11-29 16:00:00,0.0623,0.063,0.061,0.0628,4551217.0,FETUSDT
2022-11-29 20:00:00,0.063,0.0631,0.0619,0.0622,2586186.0,FETUSDT
2022-11-30 00:00:00,0.0622,0.0642,0.0621,0.0632,4089861.0,FETUSDT
2022-11-30 04:00:00,0.0633,0.0637,0.0625,0.0629,2083227.0,FETUSDT
2022-11-30 08:00:00,0.0629,0.0634,0.0624,0.063,2659472.0,FETUSDT
2022-11-30 12:00:00,0.0631,0.0633,0.0624,0.0631,3260327.0,FETUSDT
2022-11-30 16:00:00,0.0631,0.0638,0.0616,0.063,5079171.0,FETUSDT
2022-11-30 20:00:00,0.0631,0.0641,0.0629,0.0632,4615803.0,FETUSDT
2022-12-01 00:00:00,0.0634,0.0645,0.0624,0.064,4075711.0,FETUSDT
2022-12-01 04:00:00,0.064,0.0641,0.0626,0.0629,1664901.0,FETUSDT
2022-12-01 08:00:00,0.0628,0.0637,0.0626,0.063,2444415.0,FETUSDT
2022-12-01 12:00:00,0.0629,0.0639,0.062,0.0625,4521131.0,FETUSDT
2022-12-01 16:00:00,0.0625,0.063,0.0624,0.0626,1495089.0,FETUSDT
2022-12-01 20:00:00,0.0626,0.0629,0.0617,0.0621,1830365.0,FETUSDT
2022-12-02 00:00:00,0.0621,0.063,0.0615,0.0619,1731383.0,FETUSDT
2022-12-02 04:00:00,0.0619,0.0626,0.0616,0.0624,738631.0,FETUSDT
2022-12-02 08:00:00,0.0625,0.0642,0.0623,0.0634,3959669.0,FETUSDT
2022-12-02 12:00:00,0.0635,0.0644,0.0628,0.0632,4746027.0,FETUSDT
2022-12-02 16:00:00,0.0633,0.0636,0.0629,0.0634,1262716.0,FETUSDT
2022-12-02 20:00:00,0.0634,0.0642,0.0634,0.0637,1715843.0,FETUSDT
2022-12-03 00:00:00,0.0637,0.064,0.0629,0.0632,3145881.0,FETUSDT
2022-12-03 04:00:00,0.0632,0.0634,0.0629,0.063,677326.0,FETUSDT
2022-12-03 08:00:00,0.0629,0.0637,0.0627,0.0631,1735112.0,FETUSDT
2022-12-03 12:00:00,0.0631,0.0633,0.0623,0.0631,1817320.0,FETUSDT
2022-12-03 16:00:00,0.0631,0.0633,0.0627,0.0629,1173510.0,FETUSDT
2022-12-03 20:00:00,0.0627,0.0629,0.062,0.0627,1901133.0,FETUSDT
2022-12-04 00:00:00,0.0628,0.0637,0.0627,0.0634,1003451.0,FETUSDT
2022-12-04 04:00:00,0.0635,0.064,0.0632,0.0637,1998661.0,FETUSDT
2022-12-04 08:00:00,0.0637,0.0659,0.0625,0.063,5632745.0,FETUSDT
2022-12-04 12:00:00,0.0629,0.064,0.0623,0.0635,4812748.0,FETUSDT
2022-12-04 16:00:00,0.0634,0.0638,0.0632,0.0636,2030495.0,FETUSDT
2022-12-04 20:00:00,0.0635,0.0637,0.063,0.0633,1180855.0,FETUSDT
2022-12-05 00:00:00,0.0632,0.0638,0.0631,0.0636,849559.0,FETUSDT
2022-12-05 04:00:00,0.0637,0.0645,0.0635,0.0642,1916783.0,FETUSDT
2022-12-05 08:00:00,0.0643,0.074,0.064,0.0659,81573548.0,FETUSDT
2022-12-05 12:00:00,0.066,0.075,0.0643,0.0705,51462732.0,FETUSDT
2022-12-05 16:00:00,0.0703,0.0728,0.067,0.0684,27430433.0,FETUSDT
2022-12-05 20:00:00,0.0684,0.0708,0.0674,0.0682,6827206.0,FETUSDT
2022-12-06 00:00:00,0.0683,0.0712,0.0673,0.07,9582761.0,FETUSDT
2022-12-06 04:00:00,0.0701,0.0783,0.0681,0.077,35197948.0,FETUSDT
2022-12-06 08:00:00,0.077,0.0793,0.0705,0.0715,35956243.0,FETUSDT
2022-12-06 12:00:00,0.0715,0.0755,0.0705,0.0707,20617092.0,FETUSDT
2022-12-06 16:00:00,0.0707,0.0713,0.0692,0.0699,6090939.0,FETUSDT
2022-12-06 20:00:00,0.0699,0.0716,0.0698,0.0699,3617842.0,FETUSDT
2022-12-07 00:00:00,0.07,0.0716,0.0689,0.0692,4014305.0,FETUSDT
2022-12-07 04:00:00,0.0691,0.0695,0.0654,0.0664,8173562.0,FETUSDT
2022-12-07 08:00:00,0.0665,0.0683,0.065,0.0664,9853345.0,FETUSDT
2022-12-07 12:00:00,0.0663,0.0706,0.0662,0.0695,9111019.0,FETUSDT
2022-12-07 16:00:00,0.0694,0.0756,0.0676,0.0733,33156685.0,FETUSDT
2022-12-07 20:00:00,0.0732,0.084,0.0717,0.0826,69777811.0,FETUSDT
2022-12-08 00:00:00,0.0826,0.0842,0.0796,0.0803,18617289.0,FETUSDT
2022-12-08 04:00:00,0.0804,0.082,0.0756,0.0759,12471440.0,FETUSDT
2022-12-08 08:00:00,0.076,0.089,0.0739,0.0866,44427647.0,FETUSDT
2022-12-08 12:00:00,0.0868,0.0907,0.0807,0.0854,57867336.0,FETUSDT
2022-12-08 16:00:00,0.0853,0.0993,0.0838,0.0921,110726615.0,FETUSDT
2022-12-08 20:00:00,0.0921,0.0932,0.0881,0.0887,38200119.0,FETUSDT
2022-12-09 00:00:00,0.0889,0.0993,0.0887,0.0963,44777166.0,FETUSDT
2022-12-09 04:00:00,0.0963,0.1092,0.0945,0.1079,105491286.0,FETUSDT
2022-12-09 08:00:00,0.1079,0.1313,0.1064,0.1139,190599088.0,FETUSDT
2022-12-09 12:00:00,0.1139,0.1166,0.1072,0.1102,60431022.0,FETUSDT
2022-12-09 16:00:00,0.1101,0.1188,0.109,0.1159,54106515.0,FETUSDT
2022-12-09 20:00:00,0.1159,0.1258,0.1138,0.1202,62802064.0,FETUSDT
2022-12-10 00:00:00,0.1202,0.128,0.1064,0.1122,51661622.0,FETUSDT
2022-12-10 04:00:00,0.1121,0.114,0.103,0.1051,41715495.0,FETUSDT
2022-12-10 08:00:00,0.1051,0.112,0.101,0.1034,43905339.0,FETUSDT
2022-12-10 12:00:00,0.1033,0.1054,0.1015,0.103,12493948.0,FETUSDT
2022-12-10 16:00:00,0.103,0.1031,0.0951,0.0951,22605171.0,FETUSDT
2022-12-10 20:00:00,0.0952,0.0971,0.0927,0.0931,11459567.0,FETUSDT
2022-12-11 00:00:00,0.093,0.0984,0.0923,0.0972,11126625.0,FETUSDT
2022-12-11 04:00:00,0.0971,0.1041,0.0952,0.1037,17149183.0,FETUSDT
2022-12-11 08:00:00,0.1038,0.1139,0.1031,0.107,61469334.0,FETUSDT
2022-12-11 12:00:00,0.1069,0.1071,0.0987,0.1029,15502785.0,FETUSDT
2022-12-11 16:00:00,0.103,0.107,0.1006,0.1009,17652290.0,FETUSDT
2022-12-11 20:00:00,0.1009,0.1056,0.0968,0.104,22069254.0,FETUSDT
2022-12-12 00:00:00,0.104,0.1096,0.0983,0.1011,24700366.0,FETUSDT
2022-12-12 04:00:00,0.1012,0.1079,0.0996,0.1018,19789956.0,FETUSDT
2022-12-12 08:00:00,0.1018,0.1035,0.099,0.0999,10138308.0,FETUSDT
2022-12-12 12:00:00,0.0998,0.1019,0.0961,0.0969,14871251.0,FETUSDT
2022-12-12 16:00:00,0.0969,0.0981,0.0958,0.0961,6514103.0,FETUSDT
2022-12-12 20:00:00,0.0963,0.0981,0.0939,0.0952,6514528.0,FETUSDT
2022-12-13 00:00:00,0.0953,0.0988,0.0953,0.0961,5448594.0,FETUSDT
2022-12-13 04:00:00,0.0961,0.0967,0.0889,0.0902,13781213.0,FETUSDT
2022-12-13 08:00:00,0.0901,0.0936,0.0886,0.0913,11717716.0,FETUSDT
2022-12-13 12:00:00,0.0912,0.0955,0.0885,0.093,13473496.0,FETUSDT
2022-12-13 16:00:00,0.093,0.0934,0.0901,0.0918,5567269.0,FETUSDT
2022-12-13 20:00:00,0.0918,0.0922,0.0897,0.0911,5071555.0,FETUSDT
2022-12-14 00:00:00,0.091,0.0938,0.0904,0.0926,3800301.0,FETUSDT
2022-12-14 04:00:00,0.0925,0.1019,0.0919,0.1013,14007075.0,FETUSDT
2022-12-14 08:00:00,0.1013,0.1138,0.099,0.1065,67595426.0,FETUSDT
2022-12-14 12:00:00,0.1065,0.1089,0.1017,0.1046,25097771.0,FETUSDT
2022-12-14 16:00:00,0.1048,0.1102,0.0992,0.1014,20822783.0,FETUSDT
2022-12-14 20:00:00,0.1014,0.1052,0.0993,0.0997,9932186.0,FETUSDT
2022-12-15 00:00:00,0.0996,0.1025,0.0956,0.0999,12815063.0,FETUSDT
2022-12-15 04:00:00,0.0998,0.1048,0.0986,0.1027,10937621.0,FETUSDT
2022-12-15 08:00:00,0.1028,0.1056,0.0983,0.1002,10545927.0,FETUSDT
2022-12-15 12:00:00,0.1003,0.1015,0.0957,0.0971,8618238.0,FETUSDT
2022-12-15 16:00:00,0.0972,0.1028,0.096,0.0968,12710496.0,FETUSDT
2022-12-15 20:00:00,0.097,0.103,0.0959,0.1028,14448478.0,FETUSDT
2022-12-16 00:00:00,0.1028,0.1054,0.1006,0.1026,12443348.0,FETUSDT
2022-12-16 04:00:00,0.1025,0.1071,0.1,0.1027,19374232.0,FETUSDT
2022-12-16 08:00:00,0.1028,0.1039,0.0956,0.0998,18713746.0,FETUSDT
2022-12-16 12:00:00,0.0998,0.0998,0.0967,0.0983,6695348.0,FETUSDT
2022-12-16 16:00:00,0.0983,0.0986,0.0929,0.0954,11364133.0,FETUSDT
2022-12-16 20:00:00,0.0954,0.1008,0.0896,0.0908,15657167.0,FETUSDT
2022-12-17 00:00:00,0.0909,0.0926,0.0894,0.0904,5947651.0,FETUSDT
2022-12-17 04:00:00,0.0902,0.0941,0.088,0.092,7567212.0,FETUSDT
2022-12-17 08:00:00,0.092,0.0926,0.0894,0.091,4749172.0,FETUSDT
2022-12-17 12:00:00,0.091,0.0913,0.0881,0.0895,3523468.0,FETUSDT
2022-12-17 16:00:00,0.0896,0.0914,0.0857,0.0867,11801543.0,FETUSDT
2022-12-17 20:00:00,0.0867,0.09,0.0858,0.0896,6559527.0,FETUSDT
2022-12-18 00:00:00,0.0896,0.0899,0.0869,0.0897,3149519.0,FETUSDT
2022-12-18 04:00:00,0.0896,0.0935,0.0883,0.0887,6835485.0,FETUSDT
2022-12-18 08:00:00,0.0887,0.0895,0.086,0.0869,7736303.0,FETUSDT
2022-12-18 12:00:00,0.0869,0.0879,0.0861,0.0864,3175532.0,FETUSDT
2022-12-18 16:00:00,0.0866,0.093,0.0859,0.0899,12349994.0,FETUSDT
2022-12-18 20:00:00,0.0899,0.0905,0.0874,0.0878,3461917.0,FETUSDT
2022-12-19 00:00:00,0.0879,0.0909,0.0871,0.0877,3938241.0,FETUSDT
2022-12-19 04:00:00,0.0876,0.0913,0.0865,0.0909,5991953.0,FETUSDT
2022-12-19 08:00:00,0.0908,0.0911,0.088,0.0896,8975365.0,FETUSDT
2022-12-19 12:00:00,0.0897,0.09,0.0874,0.0875,4647924.0,FETUSDT
2022-12-19 16:00:00,0.0877,0.0885,0.0857,0.0858,4320555.0,FETUSDT
2022-12-19 20:00:00,0.0858,0.0866,0.0833,0.0844,4788095.0,FETUSDT
2022-12-20 00:00:00,0.0844,0.0866,0.0843,0.0862,1613689.0,FETUSDT
2022-12-20 04:00:00,0.0863,0.0892,0.0857,0.0873,3961704.0,FETUSDT
2022-12-20 08:00:00,0.0872,0.0891,0.0858,0.0872,4064656.0,FETUSDT
2022-12-20 12:00:00,0.0871,0.0886,0.0851,0.0863,6001401.0,FETUSDT
2022-12-20 16:00:00,0.0863,0.087,0.0853,0.0866,2188538.0,FETUSDT
2022-12-20 20:00:00,0.0866,0.0866,0.0854,0.0856,2058828.0,FETUSDT
2022-12-21 00:00:00,0.0857,0.0859,0.0837,0.0838,1964906.0,FETUSDT
2022-12-21 04:00:00,0.0838,0.0846,0.0825,0.0833,4958942.0,FETUSDT
2022-12-21 08:00:00,0.0832,0.0838,0.0827,0.0833,2615838.0,FETUSDT
2022-12-21 12:00:00,0.0832,0.0909,0.0817,0.0906,15950426.0,FETUSDT
2022-12-21 16:00:00,0.0905,0.0959,0.088,0.0925,36571028.0,FETUSDT
2022-12-21 20:00:00,0.0925,0.0968,0.0899,0.0934,20621371.0,FETUSDT
2022-12-22 00:00:00,0.0934,0.0986,0.0918,0.0983,11770166.0,FETUSDT
2022-12-22 04:00:00,0.0984,0.1,0.0933,0.098,16705568.0,FETUSDT
2022-12-22 08:00:00,0.098,0.1007,0.0953,0.0958,13486218.0,FETUSDT
2022-12-22 12:00:00,0.0958,0.0967,0.0911,0.0926,15868080.0,FETUSDT
2022-12-22 16:00:00,0.0927,0.0932,0.0882,0.0909,13348852.0,FETUSDT
2022-12-22 20:00:00,0.0911,0.0966,0.091,0.0946,10823002.0,FETUSDT
2022-12-23 00:00:00,0.0946,0.0964,0.0919,0.0937,5830941.0,FETUSDT
2022-12-23 04:00:00,0.0937,0.0952,0.0919,0.0945,3670122.0,FETUSDT
2022-12-23 08:00:00,0.0946,0.0956,0.0926,0.0932,5008927.0,FETUSDT
2022-12-23 12:00:00,0.0932,0.0948,0.0922,0.0931,5259558.0,FETUSDT
2022-12-23 16:00:00,0.0931,0.0938,0.0912,0.092,4318404.0,FETUSDT
2022-12-23 20:00:00,0.0919,0.092,0.0897,0.0903,4424123.0,FETUSDT
2022-12-24 00:00:00,0.0902,0.0916,0.0896,0.0902,1846435.0,FETUSDT
2022-12-24 04:00:00,0.0902,0.0913,0.0894,0.0905,2384852.0,FETUSDT
2022-12-24 08:00:00,0.0904,0.0919,0.0897,0.0903,2811428.0,FETUSDT
2022-12-24 12:00:00,0.0903,0.0939,0.0899,0.0924,5219513.0,FETUSDT
2022-12-24 16:00:00,0.0924,0.0956,0.0922,0.0933,6710820.0,FETUSDT
2022-12-24 20:00:00,0.0932,0.0945,0.0931,0.0933,3362328.0,FETUSDT
2022-12-25 00:00:00,0.0933,0.0934,0.092,0.0924,1284666.0,FETUSDT
2022-12-25 04:00:00,0.0925,0.0927,0.0917,0.0925,1348581.0,FETUSDT
2022-12-25 08:00:00,0.0925,0.0983,0.0923,0.098,6826393.0,FETUSDT
2022-12-25 12:00:00,0.098,0.0988,0.0941,0.0958,16523596.0,FETUSDT
2022-12-25 16:00:00,0.0958,0.0965,0.0923,0.0947,7857758.0,FETUSDT
2022-12-25 20:00:00,0.0946,0.0965,0.0936,0.0951,5392690.0,FETUSDT
2022-12-26 00:00:00,0.0952,0.0985,0.0937,0.0976,9533117.0,FETUSDT
2022-12-26 04:00:00,0.0976,0.105,0.0973,0.1019,21873352.0,FETUSDT
2022-12-26 08:00:00,0.1019,0.1058,0.1006,0.1026,14553816.0,FETUSDT
2022-12-26 12:00:00,0.1025,0.1031,0.0985,0.0997,7521371.0,FETUSDT
2022-12-26 16:00:00,0.0997,0.1049,0.0988,0.1005,14211630.0,FETUSDT
2022-12-26 20:00:00,0.1004,0.1013,0.0989,0.0992,3544666.0,FETUSDT
2022-12-27 00:00:00,0.0991,0.1021,0.099,0.0999,3617114.0,FETUSDT
2022-12-27 04:00:00,0.1,0.1023,0.0989,0.0998,5319453.0,FETUSDT
2022-12-27 08:00:00,0.0998,0.1,0.0958,0.0978,11116448.0,FETUSDT
2022-12-27 12:00:00,0.0978,0.099,0.0956,0.0981,7962853.0,FETUSDT
2022-12-27 16:00:00,0.0983,0.102,0.097,0.0979,12656325.0,FETUSDT
2022-12-27 20:00:00,0.098,0.0993,0.0973,0.098,2454614.0,FETUSDT
2022-12-28 00:00:00,0.0979,0.0992,0.095,0.0953,6034037.0,FETUSDT
2022-12-28 04:00:00,0.0951,0.0971,0.0932,0.0962,5743229.0,FETUSDT
2022-12-28 08:00:00,0.096,0.1032,0.0957,0.1015,18333257.0,FETUSDT
2022-12-28 12:00:00,0.1015,0.1026,0.099,0.0993,9470171.0,FETUSDT
2022-12-28 16:00:00,0.0994,0.1008,0.0955,0.097,7648257.0,FETUSDT
2022-12-28 20:00:00,0.0969,0.0972,0.0943,0.096,3288443.0,FETUSDT
2022-12-29 00:00:00,0.0958,0.0984,0.0943,0.0981,4700912.0,FETUSDT
2022-12-29 04:00:00,0.0979,0.099,0.0967,0.0979,2138624.0,FETUSDT
2022-12-29 08:00:00,0.0979,0.0984,0.0951,0.0956,5074849.0,FETUSDT
2022-12-29 12:00:00,0.0958,0.0969,0.0943,0.095,4399113.0,FETUSDT
2022-12-29 16:00:00,0.095,0.0965,0.0935,0.0944,4444513.0,FETUSDT
2022-12-29 20:00:00,0.0944,0.0947,0.0899,0.0925,7789216.0,FETUSDT
2022-12-30 00:00:00,0.0925,0.093,0.0905,0.0929,3747826.0,FETUSDT
2022-12-30 04:00:00,0.0927,0.0938,0.0905,0.0912,2742193.0,FETUSDT
2022-12-30 08:00:00,0.0913,0.0931,0.089,0.0917,4140616.0,FETUSDT
2022-12-30 12:00:00,0.0917,0.0921,0.0892,0.0908,2548559.0,FETUSDT
2022-12-30 16:00:00,0.0908,0.0934,0.0907,0.093,3838514.0,FETUSDT
2022-12-30 20:00:00,0.093,0.096,0.0925,0.0937,6275399.0,FETUSDT
2022-12-31 00:00:00,0.0937,0.0945,0.0929,0.0931,750144.0,FETUSDT
2022-12-31 04:00:00,0.0933,0.0933,0.0923,0.0925,764251.0,FETUSDT
2022-12-31 08:00:00,0.0925,0.0934,0.0919,0.0922,1981370.0,FETUSDT
2022-12-31 12:00:00,0.0921,0.0933,0.0916,0.0922,2123142.0,FETUSDT
2022-12-31 16:00:00,0.0924,0.0929,0.091,0.092,2605795.0,FETUSDT
2022-12-31 20:00:00,0.092,0.092,0.091,0.0917,1534189.0,FETUSDT
2023-01-01 00:00:00,0.0916,0.0921,0.091,0.0914,883444.0,FETUSDT
2023-01-01 04:00:00,0.0915,0.0926,0.091,0.0922,1208915.0,FETUSDT
2023-01-01 08:00:00,0.0922,0.0925,0.0911,0.0913,878122.0,FETUSDT
2023-01-01 12:00:00,0.0914,0.0915,0.0909,0.091,1615118.0,FETUSDT
2023-01-01 16:00:00,0.0911,0.0914,0.0899,0.091,3147685.0,FETUSDT
2023-01-01 20:00:00,0.091,0.0917,0.0903,0.0915,1449567.0,FETUSDT
2023-01-02 00:00:00,0.0914,0.0917,0.0901,0.0914,1009671.0,FETUSDT
2023-01-02 04:00:00,0.0915,0.0933,0.091,0.0926,2710939.0,FETUSDT
2023-01-02 08:00:00,0.0926,0.0965,0.0926,0.0945,9996880.0,FETUSDT
2023-01-02 12:00:00,0.0945,0.0956,0.0938,0.0947,4934425.0,FETUSDT
2023-01-02 16:00:00,0.0947,0.1015,0.0936,0.0984,13515795.0,FETUSDT
2023-01-02 20:00:00,0.0983,0.0991,0.096,0.0965,9801907.0,FETUSDT
2023-01-03 00:00:00,0.0966,0.1,0.0962,0.0989,3789417.0,FETUSDT
2023-01-03 04:00:00,0.0989,0.0999,0.0966,0.0971,5087923.0,FETUSDT
2023-01-03 08:00:00,0.0971,0.0998,0.0961,0.0991,9738003.0,FETUSDT
2023-01-03 12:00:00,0.0991,0.1033,0.0974,0.0979,19957622.0,FETUSDT
2023-01-03 16:00:00,0.0978,0.1043,0.0975,0.0997,18278940.0,FETUSDT
2023-01-03 20:00:00,0.0997,0.1035,0.0997,0.1026,7367428.0,FETUSDT
2023-01-04 00:00:00,0.1028,0.1047,0.1014,0.1031,6992235.0,FETUSDT
2023-01-04 04:00:00,0.1032,0.1047,0.102,0.1029,6206488.0,FETUSDT
2023-01-04 08:00:00,0.103,0.117,0.1019,0.1153,29851007.0,FETUSDT
2023-01-04 12:00:00,0.1154,0.117,0.1079,0.1152,32866734.0,FETUSDT
2023-01-04 16:00:00,0.1153,0.1163,0.1086,0.1103,15287025.0,FETUSDT
2023-01-04 20:00:00,0.1103,0.1136,0.1089,0.1119,5780867.0,FETUSDT
2023-01-05 00:00:00,0.1118,0.114,0.1107,0.1108,4574274.0,FETUSDT
2023-01-05 04:00:00,0.1107,0.1115,0.1068,0.1113,8321248.0,FETUSDT
2023-01-05 08:00:00,0.1113,0.1113,0.106,0.1075,9829387.0,FETUSDT
2023-01-05 12:00:00,0.1076,0.11,0.1064,0.1072,9515425.0,FETUSDT
2023-01-05 16:00:00,0.1071,0.1085,0.1058,0.1075,5205110.0,FETUSDT
2023-01-05 20:00:00,0.1074,0.1092,0.106,0.1069,4444310.0,FETUSDT
2023-01-06 00:00:00,0.1069,0.1095,0.1066,0.1073,2426689.0,FETUSDT
2023-01-06 04:00:00,0.1073,0.1154,0.1073,0.1149,13564433.0,FETUSDT
2023-01-06 08:00:00,0.1148,0.123,0.1144,0.1184,38927201.0,FETUSDT
2023-01-06 12:00:00,0.1183,0.1309,0.1154,0.1266,41815243.0,FETUSDT
2023-01-06 16:00:00,0.1266,0.1345,0.123,0.1304,41144835.0,FETUSDT
2023-01-06 20:00:00,0.1304,0.1327,0.1236,0.1241,15931568.0,FETUSDT
2023-01-07 00:00:00,0.1242,0.1309,0.1237,0.1305,14638207.0,FETUSDT
2023-01-07 04:00:00,0.1306,0.1314,0.1238,0.1261,10138835.0,FETUSDT
2023-01-07 08:00:00,0.1261,0.1353,0.1243,0.1305,26318811.0,FETUSDT
2023-01-07 12:00:00,0.1304,0.1462,0.1291,0.1454,26479040.0,FETUSDT
2023-01-07 16:00:00,0.1456,0.1535,0.143,0.1524,54593533.0,FETUSDT
2023-01-07 20:00:00,0.1524,0.1698,0.1481,0.1578,67663470.0,FETUSDT
2023-01-08 00:00:00,0.1579,0.162,0.1497,0.1605,22015802.0,FETUSDT
2023-01-08 04:00:00,0.1604,0.1688,0.1555,0.1601,29954106.0,FETUSDT
2023-01-08 08:00:00,0.1602,0.1649,0.1527,0.1576,35534634.0,FETUSDT
2023-01-08 12:00:00,0.1574,0.1685,0.1569,0.1595,35751279.0,FETUSDT
2023-01-08 16:00:00,0.1595,0.1605,0.1437,0.1473,30993462.0,FETUSDT
2023-01-08 20:00:00,0.1471,0.1476,0.1387,0.14,27163172.0,FETUSDT
2023-01-09 00:00:00,0.14,0.1481,0.1385,0.1448,21138334.0,FETUSDT
2023-01-09 04:00:00,0.1449,0.1587,0.1449,0.1542,28341426.0,FETUSDT
2023-01-09 08:00:00,0.154,0.1727,0.1508,0.1577,46007238.0,FETUSDT
2023-01-09 12:00:00,0.1576,0.165,0.1551,0.1626,27323731.0,FETUSDT
2023-01-09 16:00:00,0.1626,0.1627,0.1508,0.151,16567859.0,FETUSDT
2023-01-09 20:00:00,0.1509,0.1548,0.1459,0.1531,15235307.0,FETUSDT
2023-01-10 00:00:00,0.153,0.167,0.1462,0.1617,23885615.0,FETUSDT
2023-01-10 04:00:00,0.1615,0.1686,0.1559,0.1588,36661282.0,FETUSDT
2023-01-10 08:00:00,0.1589,0.161,0.1534,0.156,17188368.0,FETUSDT
2023-01-10 12:00:00,0.156,0.161,0.1526,0.1588,17086010.0,FETUSDT
2023-01-10 16:00:00,0.1588,0.195,0.1579,0.1886,84047474.0,FETUSDT
2023-01-10 20:00:00,0.1887,0.1985,0.182,0.189,49727090.0,FETUSDT
2023-01-11 00:00:00,0.1891,0.2083,0.1855,0.1918,41507001.0,FETUSDT
2023-01-11 04:00:00,0.1919,0.2065,0.181,0.1966,41635961.0,FETUSDT
2023-01-11 08:00:00,0.1968,0.2006,0.1876,0.1895,33079279.0,FETUSDT
2023-01-11 12:00:00,0.1896,0.1938,0.1723,0.1742,39868209.0,FETUSDT
2023-01-11 16:00:00,0.1743,0.185,0.1734,0.1751,26427576.0,FETUSDT
2023-01-11 20:00:00,0.1754,0.1837,0.175,0.1806,21655585.0,FETUSDT
2023-01-12 00:00:00,0.1806,0.1897,0.1786,0.1792,22390741.0,FETUSDT
2023-01-12 04:00:00,0.1792,0.1943,0.179,0.1925,14130423.0,FETUSDT
2023-01-12 08:00:00,0.1924,0.2026,0.1838,0.1968,35722778.0,FETUSDT
2023-01-12 12:00:00,0.1971,0.2132,0.1882,0.211,48219042.0,FETUSDT
2023-01-12 16:00:00,0.211,0.2183,0.2021,0.213,44144074.0,FETUSDT
2023-01-12 20:00:00,0.2132,0.2146,0.201,0.2026,19888514.0,FETUSDT
2023-01-13 00:00:00,0.2026,0.2151,0.201,0.2099,24068909.0,FETUSDT
2023-01-13 04:00:00,0.2099,0.2448,0.2073,0.2319,64337653.0,FETUSDT
2023-01-13 08:00:00,0.2316,0.2379,0.2215,0.2372,29346376.0,FETUSDT
2023-01-13 12:00:00,0.237,0.2565,0.2232,0.2416,65377247.0,FETUSDT
2023-01-13 16:00:00,0.2415,0.2482,0.2346,0.2425,33950794.0,FETUSDT
2023-01-13 20:00:00,0.2426,0.2429,0.232,0.2396,21389689.0,FETUSDT
2023-01-14 00:00:00,0.2396,0.2658,0.235,0.2649,30380719.0,FETUSDT
2023-01-14 04:00:00,0.2648,0.2651,0.2476,0.2555,39301879.0,FETUSDT
2023-01-14 08:00:00,0.2555,0.2605,0.2147,0.2446,47252919.0,FETUSDT
2023-01-14 12:00:00,0.2446,0.246,0.2318,0.2371,18968905.0,FETUSDT
2023-01-14 16:00:00,0.2369,0.2497,0.2329,0.2414,17039840.0,FETUSDT
2023-01-14 20:00:00,0.2412,0.2463,0.2373,0.2384,9911965.0,FETUSDT
2023-01-15 00:00:00,0.2381,0.2397,0.216,0.2263,20373457.0,FETUSDT
2023-01-15 04:00:00,0.2264,0.2286,0.2169,0.2224,12617955.0,FETUSDT
2023-01-15 08:00:00,0.2223,0.2374,0.2117,0.2296,22494490.0,FETUSDT
2023-01-15 12:00:00,0.2296,0.2362,0.2242,0.2357,12934166.0,FETUSDT
2023-01-15 16:00:00,0.2357,0.248,0.2341,0.2399,21212903.0,FETUSDT
2023-01-15 20:00:00,0.2396,0.2397,0.2251,0.2277,15833316.0,FETUSDT
2023-01-16 00:00:00,0.2278,0.243,0.2264,0.2326,18963784.0,FETUSDT
2023-01-16 04:00:00,0.2325,0.25,0.2321,0.2405,15945399.0,FETUSDT
2023-01-16 08:00:00,0.2403,0.2437,0.2304,0.2324,12870317.0,FETUSDT
2023-01-16 12:00:00,0.2323,0.234,0.2176,0.228,19101745.0,FETUSDT
2023-01-16 16:00:00,0.2279,0.2349,0.2242,0.2333,12499332.0,FETUSDT
2023-01-16 20:00:00,0.2334,0.235,0.2264,0.2295,5334215.0,FETUSDT
2023-01-17 00:00:00,0.2295,0.254,0.2237,0.2518,32186862.0,FETUSDT
2023-01-17 04:00:00,0.2517,0.2586,0.2372,0.2474,50198028.0,FETUSDT
2023-01-17 08:00:00,0.2477,0.2755,0.2452,0.2708,50186590.0,FETUSDT
2023-01-17 12:00:00,0.2705,0.284,0.268,0.2763,50975610.0,FETUSDT
2023-01-17 16:00:00,0.2763,0.2785,0.2619,0.2732,29071662.0,FETUSDT
2023-01-17 20:00:00,0.2736,0.2827,0.2688,0.2793,21693176.0,FETUSDT
2023-01-18 00:00:00,0.279,0.2978,0.2703,0.2747,46476329.0,FETUSDT
2023-01-18 04:00:00,0.2745,0.2863,0.271,0.2821,17635495.0,FETUSDT
2023-01-18 08:00:00,0.2821,0.2823,0.2657,0.2745,22813987.0,FETUSDT
2023-01-18 12:00:00,0.2745,0.2828,0.247,0.2561,28451235.0,FETUSDT
2023-01-18 16:00:00,0.2569,0.2735,0.2377,0.264,66565928.0,FETUSDT
2023-01-18 20:00:00,0.2639,0.2649,0.2417,0.2487,24102771.0,FETUSDT
2023-01-19 00:00:00,0.249,0.2622,0.2439,0.2573,16395557.0,FETUSDT
2023-01-19 04:00:00,0.2573,0.2711,0.2546,0.2597,17079634.0,FETUSDT
2023-01-19 08:00:00,0.2597,0.2649,0.2508,0.2527,12549338.0,FETUSDT
2023-01-19 12:00:00,0.2525,0.2564,0.2444,0.2514,20336182.0,FETUSDT
2023-01-19 16:00:00,0.2513,0.2731,0.249,0.2691,24599181.0,FETUSDT
2023-01-19 20:00:00,0.2691,0.2746,0.2636,0.2722,11241066.0,FETUSDT
2023-01-20 00:00:00,0.2721,0.2793,0.265,0.2726,13074448.0,FETUSDT
2023-01-20 04:00:00,0.2726,0.2748,0.2587,0.2628,17565101.0,FETUSDT
2023-01-20 08:00:00,0.2627,0.2671,0.259,0.2626,8701511.0,FETUSDT
2023-01-20 12:00:00,0.2627,0.2659,0.2609,0.2644,7640172.0,FETUSDT
2023-01-20 16:00:00,0.2642,0.294,0.2641,0.2882,31258163.0,FETUSDT
2023-01-20 20:00:00,0.2884,0.2942,0.2778,0.2828,23885605.0,FETUSDT
2023-01-21 00:00:00,0.2827,0.2867,0.2748,0.2827,14643397.0,FETUSDT
2023-01-21 04:00:00,0.2827,0.2905,0.2779,0.2842,12390245.0,FETUSDT
2023-01-21 08:00:00,0.2842,0.3071,0.2788,0.29,40857425.0,FETUSDT
2023-01-21 12:00:00,0.2901,0.299,0.2836,0.2883,20129169.0,FETUSDT
2023-01-21 16:00:00,0.2881,0.292,0.2818,0.2838,15669156.0,FETUSDT
2023-01-21 20:00:00,0.2842,0.2866,0.2661,0.268,17358021.0,FETUSDT
2023-01-22 00:00:00,0.2679,0.2738,0.2669,0.2737,10224640.0,FETUSDT
2023-01-22 04:00:00,0.2735,0.2838,0.2717,0.2794,11463232.0,FETUSDT
2023-01-22 08:00:00,0.2795,0.2829,0.2731,0.2769,9256671.0,FETUSDT
2023-01-22 12:00:00,0.277,0.2828,0.2746,0.2784,10668005.0,FETUSDT
2023-01-22 16:00:00,0.2785,0.2795,0.2724,0.2726,11649537.0,FETUSDT
2023-01-22 20:00:00,0.2727,0.2727,0.2565,0.2657,24845055.0,FETUSDT
2023-01-23 00:00:00,0.2657,0.2726,0.2637,0.2642,8480743.0,FETUSDT
2023-01-23 04:00:00,0.2642,0.288,0.2642,0.277,23682012.0,FETUSDT
2023-01-23 08:00:00,0.2769,0.2835,0.2738,0.2809,8599700.0,FETUSDT
2023-01-23 12:00:00,0.281,0.3071,0.2692,0.3026,74545248.0,FETUSDT
2023-01-23 16:00:00,0.3025,0.3053,0.2797,0.2856,27623244.0,FETUSDT
2023-01-23 20:00:00,0.2855,0.2888,0.2817,0.2849,10076253.0,FETUSDT
2023-01-24 00:00:00,0.2849,0.2934,0.2793,0.2872,10977016.0,FETUSDT
2023-01-24 04:00:00,0.2874,0.2913,0.2845,0.2902,5163581.0,FETUSDT
2023-01-24 08:00:00,0.2901,0.2913,0.2818,0.2864,7769344.0,FETUSDT
2023-01-24 12:00:00,0.2861,0.2888,0.2737,0.2821,13378273.0,FETUSDT
2023-01-24 16:00:00,0.2825,0.2839,0.2759,0.2798,9389586.0,FETUSDT
2023-01-24 20:00:00,0.2798,0.28,0.2567,0.266,17056728.0,FETUSDT
2023-01-25 00:00:00,0.2658,0.2719,0.2524,0.2694,13326210.0,FETUSDT
2023-01-25 04:00:00,0.2694,0.273,0.2671,0.2689,4852277.0,FETUSDT
2023-01-25 08:00:00,0.2689,0.2702,0.2604,0.2623,6126908.0,FETUSDT
2023-01-25 12:00:00,0.2621,0.2708,0.2558,0.257,11597971.0,FETUSDT
2023-01-25 16:00:00,0.2572,0.2643,0.2538,0.2618,10501650.0,FETUSDT
2023-01-25 20:00:00,0.262,0.2796,0.2619,0.2701,17051322.0,FETUSDT
2023-01-26 00:00:00,0.2703,0.2761,0.2697,0.2717,6921710.0,FETUSDT
2023-01-26 04:00:00,0.2719,0.2801,0.2681,0.2695,10701597.0,FETUSDT
2023-01-26 08:00:00,0.2695,0.2751,0.2647,0.2669,6698659.0,FETUSDT
2023-01-26 12:00:00,0.2668,0.2741,0.2609,0.2623,12482148.0,FETUSDT
2023-01-26 16:00:00,0.2624,0.2658,0.2598,0.2632,5724243.0,FETUSDT
2023-01-26 20:00:00,0.2635,0.2666,0.2604,0.2635,4418731.0,FETUSDT
2023-01-27 00:00:00,0.2633,0.2676,0.2562,0.262,7870103.0,FETUSDT
2023-01-27 04:00:00,0.2618,0.2675,0.2614,0.2648,2799286.0,FETUSDT
2023-01-27 08:00:00,0.2648,0.2789,0.2595,0.2767,18489239.0,FETUSDT
2023-01-27 12:00:00,0.2767,0.3013,0.2741,0.2831,45217989.0,FETUSDT
2023-01-27 16:00:00,0.2833,0.2864,0.2798,0.282,9832080.0,FETUSDT
2023-01-27 20:00:00,0.2821,0.2833,0.2752,0.2807,7769001.0,FETUSDT
2023-01-28 00:00:00,0.2808,0.2873,0.2802,0.2856,6741278.0,FETUSDT
2023-01-28 04:00:00,0.2856,0.2928,0.2814,0.2835,15080878.0,FETUSDT
2023-01-28 08:00:00,0.2835,0.3119,0.283,0.2901,49759994.0,FETUSDT
2023-01-28 12:00:00,0.2901,0.2912,0.28,0.285,12795556.0,FETUSDT
2023-01-28 16:00:00,0.2851,0.2881,0.2825,0.2841,5198636.0,FETUSDT
2023-01-28 20:00:00,0.284,0.2963,0.2825,0.2946,9470247.0,FETUSDT
2023-01-29 00:00:00,0.2944,0.2969,0.2873,0.2906,7654520.0,FETUSDT
2023-01-29 04:00:00,0.2907,0.292,0.2833,0.2867,6754868.0,FETUSDT
2023-01-29 08:00:00,0.2868,0.2911,0.2834,0.2906,11532729.0,FETUSDT
2023-01-29 12:00:00,0.2904,0.2913,0.2854,0.2881,7958372.0,FETUSDT
2023-01-29 16:00:00,0.2882,0.2893,0.2839,0.2887,5493946.0,FETUSDT
2023-01-29 20:00:00,0.2887,0.2895,0.2839,0.2891,4912051.0,FETUSDT
2023-01-30 00:00:00,0.2891,0.2892,0.28,0.284,6768976.0,FETUSDT
2023-01-30 04:00:00,0.284,0.286,0.278,0.2799,5821688.0,FETUSDT
2023-01-30 08:00:00,0.2799,0.2808,0.2659,0.2695,12236651.0,FETUSDT
2023-01-30 12:00:00,0.2695,0.274,0.2661,0.2695,6645540.0,FETUSDT
2023-01-30 16:00:00,0.2693,0.2742,0.2588,0.2622,10128435.0,FETUSDT
2023-01-30 20:00:00,0.2622,0.2661,0.259,0.2659,6529702.0,FETUSDT
2023-01-31 00:00:00,0.266,0.2668,0.2609,0.2617,4827782.0,FETUSDT
2023-01-31 04:00:00,0.2618,0.2644,0.2583,0.2634,4215285.0,FETUSDT
2023-01-31 08:00:00,0.2636,0.2709,0.2598,0.2664,6316353.0,FETUSDT
2023-01-31 12:00:00,0.2664,0.2866,0.2638,0.2774,23925729.0,FETUSDT
2023-01-31 16:00:00,0.2774,0.282,0.2728,0.2773,11308143.0,FETUSDT
2023-01-31 20:00:00,0.277,0.2797,0.2682,0.275,10124900.0,FETUSDT
2023-02-01 00:00:00,0.275,0.2832,0.2738,0.2803,5884062.0,FETUSDT
2023-02-01 04:00:00,0.2803,0.2815,0.2681,0.2691,5139151.0,FETUSDT
2023-02-01 08:00:00,0.2692,0.2735,0.2636,0.2705,5624300.0,FETUSDT
2023-02-01 12:00:00,0.2699,0.2718,0.2591,0.2595,9322805.0,FETUSDT
2023-02-01 16:00:00,0.2597,0.28,0.2575,0.2754,19290164.0,FETUSDT
2023-02-01 20:00:00,0.2754,0.3,0.2753,0.2886,40778331.0,FETUSDT
2023-02-02 00:00:00,0.2886,0.296,0.2816,0.2858,16269580.0,FETUSDT
2023-02-02 04:00:00,0.286,0.3011,0.286,0.2941,18771029.0,FETUSDT
2023-02-02 08:00:00,0.2938,0.2996,0.2851,0.2902,13686778.0,FETUSDT
2023-02-02 12:00:00,0.2901,0.2945,0.284,0.2908,11978346.0,FETUSDT
2023-02-02 16:00:00,0.291,0.295,0.2842,0.2859,13305994.0,FETUSDT
2023-02-02 20:00:00,0.2858,0.2887,0.2721,0.2748,13634511.0,FETUSDT
2023-02-03 00:00:00,0.2748,0.2786,0.2679,0.2732,8915120.0,FETUSDT
2023-02-03 04:00:00,0.2735,0.2786,0.2728,0.2737,5734392.0,FETUSDT
2023-02-03 08:00:00,0.2737,0.2854,0.2728,0.2829,8214236.0,FETUSDT
2023-02-03 12:00:00,0.2828,0.321,0.2743,0.318,61767327.0,FETUSDT
2023-02-03 16:00:00,0.3182,0.3331,0.3072,0.3144,71058544.0,FETUSDT
2023-02-03 20:00:00,0.3146,0.3373,0.3144,0.3301,25670458.0,FETUSDT
2023-02-04 00:00:00,0.3301,0.3429,0.3143,0.3264,25968945.0,FETUSDT
2023-02-04 04:00:00,0.3263,0.3267,0.316,0.3215,15955639.0,FETUSDT
2023-02-04 08:00:00,0.3212,0.3335,0.317,0.3245,18266734.0,FETUSDT
2023-02-04 12:00:00,0.3246,0.331,0.3203,0.324,16363374.0,FETUSDT
2023-02-04 16:00:00,0.324,0.3507,0.323,0.3393,41887915.0,FETUSDT
2023-02-04 20:00:00,0.3394,0.3495,0.3286,0.3317,22078504.0,FETUSDT
2023-02-05 00:00:00,0.3317,0.3381,0.327,0.3353,14944590.0,FETUSDT
2023-02-05 04:00:00,0.3353,0.3464,0.3348,0.3428,12665849.0,FETUSDT
2023-02-05 08:00:00,0.3428,0.3747,0.3313,0.3694,40340246.0,FETUSDT
2023-02-05 12:00:00,0.3694,0.3985,0.3429,0.3879,109215825.0,FETUSDT
2023-02-05 16:00:00,0.3876,0.414,0.3842,0.4091,60820679.0,FETUSDT
2023-02-05 20:00:00,0.4091,0.4624,0.4063,0.4498,97995659.0,FETUSDT
2023-02-06 00:00:00,0.4494,0.4755,0.4063,0.4286,59834753.0,FETUSDT
2023-02-06 04:00:00,0.4289,0.4452,0.4172,0.4224,28898401.0,FETUSDT
2023-02-06 08:00:00,0.4224,0.454,0.4075,0.4362,55660866.0,FETUSDT
2023-02-06 12:00:00,0.4362,0.4459,0.4315,0.4406,27016047.0,FETUSDT
2023-02-06 16:00:00,0.4403,0.4646,0.4345,0.4495,35869730.0,FETUSDT
2023-02-06 20:00:00,0.4494,0.4715,0.4245,0.4329,29918735.0,FETUSDT
2023-02-07 00:00:00,0.433,0.5137,0.433,0.4968,71280079.0,FETUSDT
2023-02-07 04:00:00,0.4965,0.5944,0.4918,0.5716,83575469.0,FETUSDT
2023-02-07 08:00:00,0.5716,0.5721,0.5308,0.5504,52913378.0,FETUSDT
2023-02-07 12:00:00,0.5504,0.5524,0.529,0.5411,37854895.0,FETUSDT
2023-02-07 16:00:00,0.5409,0.565,0.5295,0.545,48368545.0,FETUSDT
2023-02-07 20:00:00,0.5449,0.5526,0.5154,0.5404,33142667.0,FETUSDT
2023-02-08 00:00:00,0.5406,0.6006,0.5283,0.5908,71340153.0,FETUSDT
2023-02-08 04:00:00,0.5909,0.6083,0.5267,0.5341,50732801.0,FETUSDT
2023-02-08 08:00:00,0.5341,0.5346,0.492,0.5081,53513138.0,FETUSDT
2023-02-08 12:00:00,0.5083,0.5154,0.4752,0.4896,52310744.0,FETUSDT
2023-02-08 16:00:00,0.4898,0.4898,0.4448,0.4757,51638216.0,FETUSDT
2023-02-08 20:00:00,0.4756,0.4801,0.4582,0.4771,24383577.0,FETUSDT
2023-02-09 00:00:00,0.477,0.4966,0.4239,0.4475,46116708.0,FETUSDT
2023-02-09 04:00:00,0.4475,0.4849,0.4419,0.4707,33383557.0,FETUSDT
2023-02-09 08:00:00,0.4706,0.4828,0.4535,0.4579,18809086.0,FETUSDT
2023-02-09 12:00:00,0.4577,0.4692,0.425,0.4274,26358189.0,FETUSDT
2023-02-09 16:00:00,0.4274,0.4688,0.4099,0.4284,52679173.0,FETUSDT
2023-02-09 20:00:00,0.4284,0.4305,0.3643,0.389,51714191.0,FETUSDT
2023-02-10 00:00:00,0.389,0.4208,0.3889,0.3974,41440698.0,FETUSDT
2023-02-10 04:00:00,0.3976,0.44,0.3791,0.4327,36585723.0,FETUSDT
2023-02-10 08:00:00,0.4328,0.4398,0.4019,0.403,33640040.0,FETUSDT
2023-02-10 12:00:00,0.4031,0.4531,0.3992,0.4243,58089464.0,FETUSDT
2023-02-10 16:00:00,0.4241,0.4386,0.4147,0.4297,31046951.0,FETUSDT
2023-02-10 20:00:00,0.4297,0.4377,0.4214,0.4218,19305003.0,FETUSDT
2023-02-11 00:00:00,0.4218,0.4291,0.4031,0.4092,14789494.0,FETUSDT
2023-02-11 04:00:00,0.4093,0.4141,0.3953,0.4096,15722470.0,FETUSDT
2023-02-11 08:00:00,0.4096,0.4142,0.4013,0.411,8924261.0,FETUSDT
2023-02-11 12:00:00,0.4111,0.4261,0.4085,0.4253,13743933.0,FETUSDT
2023-02-11 16:00:00,0.4252,0.4256,0.4078,0.4124,8530700.0,FETUSDT
2023-02-11 20:00:00,0.4122,0.4211,0.3994,0.4169,11966911.0,FETUSDT
2023-02-12 00:00:00,0.417,0.4247,0.4096,0.4173,7480210.0,FETUSDT
2023-02-12 04:00:00,0.4174,0.4176,0.4048,0.4089,5994726.0,FETUSDT
2023-02-12 08:00:00,0.409,0.4209,0.4053,0.4173,11649261.0,FETUSDT
2023-02-12 12:00:00,0.4173,0.4184,0.402,0.4121,11340608.0,FETUSDT
2023-02-12 16:00:00,0.4123,0.43,0.4081,0.4191,14575427.0,FETUSDT
2023-02-12 20:00:00,0.4191,0.4225,0.3935,0.3982,13496758.0,FETUSDT
2023-02-13 00:00:00,0.3982,0.4086,0.3772,0.4032,18652478.0,FETUSDT
2023-02-13 04:00:00,0.4034,0.4088,0.3954,0.4023,7459864.0,FETUSDT
2023-02-13 08:00:00,0.4025,0.4025,0.3683,0.3832,19744300.0,FETUSDT
2023-02-13 12:00:00,0.3832,0.3944,0.3792,0.3815,11148455.0,FETUSDT
2023-02-13 16:00:00,0.3814,0.386,0.3652,0.3778,13980374.0,FETUSDT
2023-02-13 20:00:00,0.3782,0.3895,0.3707,0.3855,9110325.0,FETUSDT
2023-02-14 00:00:00,0.3855,0.389,0.3795,0.3806,4774878.0,FETUSDT
2023-02-14 04:00:00,0.3808,0.3956,0.378,0.3946,6983345.0,FETUSDT
2023-02-14 08:00:00,0.3946,0.4401,0.3888,0.437,41531932.0,FETUSDT
2023-02-14 12:00:00,0.4371,0.463,0.4153,0.4474,71056295.0,FETUSDT
2023-02-14 16:00:00,0.4474,0.4565,0.4392,0.4561,31715861.0,FETUSDT
2023-02-14 20:00:00,0.4561,0.4588,0.4481,0.453,14525057.0,FETUSDT
2023-02-15 00:00:00,0.4531,0.4535,0.4351,0.4453,17437558.0,FETUSDT
2023-02-15 04:00:00,0.4452,0.4454,0.4332,0.4351,11870248.0,FETUSDT
2023-02-15 08:00:00,0.435,0.438,0.4109,0.4375,27903304.0,FETUSDT
2023-02-15 12:00:00,0.4374,0.4555,0.4357,0.4475,26632027.0,FETUSDT
2023-02-15 16:00:00,0.4475,0.4637,0.4424,0.4629,25921191.0,FETUSDT
2023-02-15 20:00:00,0.463,0.4798,0.461,0.4734,28284882.0,FETUSDT
2023-02-16 00:00:00,0.4734,0.4839,0.4612,0.4739,21676350.0,FETUSDT
2023-02-16 04:00:00,0.4739,0.4792,0.462,0.4687,15645080.0,FETUSDT
2023-02-16 08:00:00,0.4687,0.4689,0.4558,0.4596,13993818.0,FETUSDT
2023-02-16 12:00:00,0.4595,0.4695,0.4427,0.4683,25081685.0,FETUSDT
2023-02-16 16:00:00,0.4684,0.4742,0.4486,0.4493,18226278.0,FETUSDT
2023-02-16 20:00:00,0.4492,0.4498,0.4085,0.4133,29530592.0,FETUSDT
2023-02-17 00:00:00,0.4133,0.4373,0.4118,0.4352,13451790.0,FETUSDT
2023-02-17 04:00:00,0.4353,0.441,0.4272,0.4354,8530768.0,FETUSDT
2023-02-17 08:00:00,0.4353,0.4417,0.431,0.4315,10410407.0,FETUSDT
2023-02-17 12:00:00,0.4317,0.44,0.4292,0.4367,11930728.0,FETUSDT
2023-02-17 16:00:00,0.4365,0.4473,0.4267,0.436,15589158.0,FETUSDT
2023-02-17 20:00:00,0.4361,0.448,0.431,0.4428,11566326.0,FETUSDT
2023-02-18 00:00:00,0.4428,0.4549,0.4427,0.4428,8302853.0,FETUSDT
2023-02-18 04:00:00,0.4429,0.4504,0.4322,0.4349,6137720.0,FETUSDT
2023-02-18 08:00:00,0.4351,0.4396,0.4294,0.4321,7745667.0,FETUSDT
2023-02-18 12:00:00,0.4321,0.4376,0.4301,0.4348,7861615.0,FETUSDT
2023-02-18 16:00:00,0.4347,0.4443,0.4311,0.4337,7272026.0,FETUSDT
2023-02-18 20:00:00,0.4338,0.4374,0.4297,0.4321,4701684.0,FETUSDT
2023-02-19 00:00:00,0.4322,0.4428,0.4306,0.4371,4113013.0,FETUSDT
2023-02-19 04:00:00,0.4371,0.4394,0.4317,0.4319,5630571.0,FETUSDT
2023-02-19 08:00:00,0.4319,0.4351,0.4278,0.4317,6446094.0,FETUSDT
2023-02-19 12:00:00,0.4319,0.4404,0.4311,0.4369,9455630.0,FETUSDT
2023-02-19 16:00:00,0.437,0.4382,0.4166,0.4173,12037309.0,FETUSDT
2023-02-19 20:00:00,0.4173,0.4181,0.4082,0.4142,6710175.0,FETUSDT
2023-02-20 00:00:00,0.4144,0.43,0.4048,0.4247,9863486.0,FETUSDT
2023-02-20 04:00:00,0.4246,0.4276,0.4204,0.4245,5571527.0,FETUSDT
2023-02-20 08:00:00,0.4244,0.4278,0.4139,0.4235,10962550.0,FETUSDT
2023-02-20 12:00:00,0.4235,0.4258,0.4143,0.4175,8138717.0,FETUSDT
2023-02-20 16:00:00,0.4174,0.4185,0.4088,0.4157,7419993.0,FETUSDT
2023-02-20 20:00:00,0.4157,0.4188,0.411,0.4175,3867816.0,FETUSDT
2023-02-21 00:00:00,0.4175,0.4318,0.4166,0.4242,9149266.0,FETUSDT
2023-02-21 04:00:00,0.4242,0.4615,0.4222,0.4477,35403893.0,FETUSDT
2023-02-21 08:00:00,0.4478,0.5016,0.4267,0.4757,107174158.0,FETUSDT
2023-02-21 12:00:00,0.4758,0.497,0.4372,0.4445,63509875.0,FETUSDT
2023-02-21 16:00:00,0.4446,0.4556,0.4318,0.4383,25210356.0,FETUSDT
2023-02-21 20:00:00,0.4384,0.4414,0.4048,0.4347,19863805.0,FETUSDT
2023-02-22 00:00:00,0.4346,0.4354,0.4135,0.4243,17305321.0,FETUSDT
2023-02-22 04:00:00,0.4244,0.4272,0.4156,0.4202,13178655.0,FETUSDT
2023-02-22 08:00:00,0.4202,0.4274,0.4031,0.4263,28897411.0,FETUSDT
2023-02-22 12:00:00,0.4262,0.4308,0.4073,0.4125,18343833.0,FETUSDT
2023-02-22 16:00:00,0.4125,0.4277,0.4056,0.4229,12908522.0,FETUSDT
2023-02-22 20:00:00,0.4229,0.4417,0.421,0.4377,14371356.0,FETUSDT
2023-02-23 00:00:00,0.4377,0.4724,0.4372,0.4579,29965488.0,FETUSDT
2023-02-23 04:00:00,0.4579,0.4673,0.4469,0.4487,18073161.0,FETUSDT
2023-02-23 08:00:00,0.4486,0.4516,0.4262,0.4327,15333635.0,FETUSDT
2023-02-23 12:00:00,0.4327,0.4519,0.4285,0.4431,16210361.0,FETUSDT
2023-02-23 16:00:00,0.4431,0.4469,0.4322,0.437,8451105.0,FETUSDT
2023-02-23 20:00:00,0.4371,0.4417,0.4319,0.4363,5654082.0,FETUSDT
2023-02-24 00:00:00,0.4363,0.453,0.4345,0.4405,9946257.0,FETUSDT
2023-02-24 04:00:00,0.4407,0.4485,0.4324,0.438,7954255.0,FETUSDT
2023-02-24 08:00:00,0.4382,0.476,0.438,0.4606,41513256.0,FETUSDT
2023-02-24 12:00:00,0.4603,0.4679,0.4456,0.4473,31649392.0,FETUSDT
2023-02-24 16:00:00,0.4475,0.4644,0.431,0.4583,32870499.0,FETUSDT
2023-02-24 20:00:00,0.4582,0.4811,0.45,0.4738,43636226.0,FETUSDT
2023-02-25 00:00:00,0.4738,0.4827,0.4434,0.4526,24010537.0,FETUSDT
2023-02-25 04:00:00,0.4527,0.4541,0.4211,0.4402,26053864.0,FETUSDT
2023-02-25 08:00:00,0.4403,0.441,0.4258,0.4329,12121914.0,FETUSDT
2023-02-25 12:00:00,0.433,0.4356,0.424,0.4284,12131045.0,FETUSDT
2023-02-25 16:00:00,0.4284,0.433,0.4035,0.4106,23354576.0,FETUSDT
2023-02-25 20:00:00,0.4105,0.4285,0.4064,0.4261,15431225.0,FETUSDT
2023-02-26 00:00:00,0.4262,0.4318,0.4164,0.4303,8918849.0,FETUSDT
2023-02-26 04:00:00,0.43,0.4334,0.421,0.4283,5967281.0,FETUSDT
2023-02-26 08:00:00,0.4284,0.4335,0.4238,0.4304,7771455.0,FETUSDT
2023-02-26 12:00:00,0.4305,0.433,0.4201,0.424,7766314.0,FETUSDT
2023-02-26 16:00:00,0.4239,0.4368,0.418,0.4337,10599572.0,FETUSDT
2023-02-26 20:00:00,0.4336,0.437,0.4258,0.4337,8131438.0,FETUSDT
2023-02-27 00:00:00,0.4337,0.4443,0.4291,0.4429,6411228.0,FETUSDT
2023-02-27 04:00:00,0.4429,0.4507,0.4307,0.4316,8251984.0,FETUSDT
2023-02-27 08:00:00,0.4317,0.4372,0.4258,0.4363,7047439.0,FETUSDT
2023-02-27 12:00:00,0.4364,0.4461,0.4338,0.438,13402244.0,FETUSDT
2023-02-27 16:00:00,0.4382,0.4445,0.4239,0.4277,14193631.0,FETUSDT
2023-02-27 20:00:00,0.4276,0.4379,0.4199,0.4344,12184388.0,FETUSDT
2023-02-28 00:00:00,0.4346,0.4917,0.4341,0.4753,53715767.0,FETUSDT
2023-02-28 04:00:00,0.4752,0.4797,0.4344,0.4353,35315480.0,FETUSDT
2023-02-28 08:00:00,0.4353,0.4406,0.4321,0.4381,18348291.0,FETUSDT
2023-02-28 12:00:00,0.438,0.4612,0.4347,0.4534,21306422.0,FETUSDT
2023-02-28 16:00:00,0.4535,0.47,0.4398,0.4522,42789200.0,FETUSDT
2023-02-28 20:00:00,0.4521,0.458,0.4355,0.4398,15794326.0,FETUSDT
2023-03-01 00:00:00,0.4398,0.4599,0.4389,0.4524,20389592.0,FETUSDT
2023-03-01 04:00:00,0.4524,0.465,0.4519,0.4559,18211076.0,FETUSDT
2023-03-01 08:00:00,0.456,0.48,0.456,0.4723,27620665.0,FETUSDT
2023-03-01 12:00:00,0.4722,0.485,0.4667,0.4807,32581036.0,FETUSDT
2023-03-01 16:00:00,0.4807,0.494,0.4677,0.4714,36367555.0,FETUSDT
2023-03-01 20:00:00,0.4714,0.4934,0.4702,0.4838,15648655.0,FETUSDT
2023-03-02 00:00:00,0.4837,0.4876,0.4526,0.4606,22545300.0,FETUSDT
2023-03-02 04:00:00,0.4606,0.4743,0.4576,0.4686,18116389.0,FETUSDT
2023-03-02 08:00:00,0.4687,0.4719,0.455,0.4572,13959112.0,FETUSDT
2023-03-02 12:00:00,0.4573,0.4653,0.4505,0.4581,15302819.0,FETUSDT
2023-03-02 16:00:00,0.4582,0.4661,0.4482,0.4644,13867334.0,FETUSDT
2023-03-02 20:00:00,0.4641,0.4701,0.4605,0.4683,8728198.0,FETUSDT
2023-03-03 00:00:00,0.4684,0.47,0.4,0.4319,45881326.0,FETUSDT
2023-03-03 04:00:00,0.4318,0.4404,0.4232,0.4341,15087052.0,FETUSDT
2023-03-03 08:00:00,0.4341,0.4392,0.4286,0.4293,8498611.0,FETUSDT
2023-03-03 12:00:00,0.4292,0.4316,0.4217,0.4245,12468790.0,FETUSDT
2023-03-03 16:00:00,0.4246,0.4481,0.4222,0.4371,23143570.0,FETUSDT
2023-03-03 20:00:00,0.4372,0.445,0.4284,0.44,10467412.0,FETUSDT
2023-03-04 00:00:00,0.4402,0.4444,0.4331,0.4348,7231937.0,FETUSDT
2023-03-04 04:00:00,0.4348,0.4358,0.422,0.4296,10384360.0,FETUSDT
2023-03-04 08:00:00,0.4296,0.4297,0.4174,0.4207,9061213.0,FETUSDT
2023-03-04 12:00:00,0.4207,0.4369,0.4183,0.4296,13088516.0,FETUSDT
2023-03-04 16:00:00,0.4296,0.451,0.4252,0.4285,25257408.0,FETUSDT
2023-03-04 20:00:00,0.4285,0.4299,0.4086,0.4298,16912204.0,FETUSDT
2023-03-05 00:00:00,0.4297,0.4449,0.4263,0.4376,18978226.0,FETUSDT
2023-03-05 04:00:00,0.4377,0.4431,0.4273,0.4281,9459682.0,FETUSDT
2023-03-05 08:00:00,0.4281,0.4349,0.426,0.4289,9026215.0,FETUSDT
2023-03-05 12:00:00,0.4288,0.4395,0.4265,0.4355,10847815.0,FETUSDT
2023-03-05 16:00:00,0.4354,0.4365,0.4289,0.4319,4529504.0,FETUSDT
2023-03-05 20:00:00,0.4318,0.4363,0.4236,0.4317,6620902.0,FETUSDT
2023-03-06 00:00:00,0.4316,0.4316,0.4162,0.4206,9838726.0,FETUSDT
2023-03-06 04:00:00,0.4206,0.4277,0.4159,0.4244,6369311.0,FETUSDT
2023-03-06 08:00:00,0.4245,0.4269,0.4199,0.4207,4934083.0,FETUSDT
2023-03-06 12:00:00,0.4206,0.4297,0.4179,0.4253,9425638.0,FETUSDT
2023-03-06 16:00:00,0.4254,0.4266,0.4125,0.4151,10178040.0,FETUSDT
2023-03-06 20:00:00,0.4151,0.4212,0.4116,0.4198,5289403.0,FETUSDT
2023-03-07 00:00:00,0.42,0.4264,0.4153,0.4221,6490626.0,FETUSDT
2023-03-07 04:00:00,0.4221,0.4234,0.4164,0.4172,4494384.0,FETUSDT
2023-03-07 08:00:00,0.4173,0.4185,0.405,0.4055,8567845.0,FETUSDT
2023-03-07 12:00:00,0.4056,0.4113,0.3914,0.4034,18346436.0,FETUSDT
2023-03-07 16:00:00,0.4033,0.4238,0.3928,0.3968,16432602.0,FETUSDT
2023-03-07 20:00:00,0.3967,0.403,0.386,0.4004,11964438.0,FETUSDT
2023-03-08 00:00:00,0.4006,0.4056,0.3852,0.3898,7180281.0,FETUSDT
2023-03-08 04:00:00,0.3899,0.3928,0.3813,0.3821,6525002.0,FETUSDT
2023-03-08 08:00:00,0.3823,0.3889,0.38,0.3843,7543727.0,FETUSDT
2023-03-08 12:00:00,0.3844,0.3872,0.3618,0.3721,24093795.0,FETUSDT
2023-03-08 16:00:00,0.3722,0.3747,0.3504,0.3525,12825537.0,FETUSDT
2023-03-08 20:00:00,0.3525,0.3598,0.3389,0.3477,13229203.0,FETUSDT
2023-03-09 00:00:00,0.3476,0.3519,0.3413,0.3513,8200212.0,FETUSDT
2023-03-09 04:00:00,0.3513,0.3544,0.341,0.3422,7966992.0,FETUSDT
2023-03-09 08:00:00,0.3422,0.355,0.3394,0.3547,12670575.0,FETUSDT
2023-03-09 12:00:00,0.3546,0.3723,0.3481,0.3584,16681766.0,FETUSDT
2023-03-09 16:00:00,0.3583,0.3593,0.3374,0.3442,18187946.0,FETUSDT
2023-03-09 20:00:00,0.3442,0.3446,0.3131,0.3197,42254811.0,FETUSDT
2023-03-10 00:00:00,0.3198,0.3268,0.3123,0.3207,11001192.0,FETUSDT
2023-03-10 04:00:00,0.3206,0.3251,0.3158,0.321,7860202.0,FETUSDT
2023-03-10 08:00:00,0.3211,0.3219,0.2956,0.3076,20601524.0,FETUSDT
2023-03-10 12:00:00,0.3076,0.3264,0.3053,0.3195,30412761.0,FETUSDT
2023-03-10 16:00:00,0.3192,0.3414,0.3163,0.3318,34200364.0,FETUSDT
2023-03-10 20:00:00,0.3319,0.3378,0.325,0.334,13835762.0,FETUSDT
2023-03-11 00:00:00,0.334,0.3411,0.3277,0.3288,11255315.0,FETUSDT
2023-03-11 04:00:00,0.3287,0.3358,0.3046,0.3056,16056773.0,FETUSDT
2023-03-11 08:00:00,0.3056,0.319,0.3053,0.3112,15264976.0,FETUSDT
2023-03-11 12:00:00,0.3111,0.315,0.3027,0.305,8503677.0,FETUSDT
2023-03-11 16:00:00,0.3049,0.3143,0.3024,0.3119,8439670.0,FETUSDT
2023-03-11 20:00:00,0.3119,0.3167,0.3107,0.3154,6484589.0,FETUSDT
2023-03-12 00:00:00,0.3154,0.3169,0.3084,0.3125,6048684.0,FETUSDT
2023-03-12 04:00:00,0.3126,0.3176,0.3093,0.3116,5949401.0,FETUSDT
2023-03-12 08:00:00,0.3116,0.3197,0.3106,0.3157,6971765.0,FETUSDT
2023-03-12 12:00:00,0.3157,0.319,0.309,0.3106,9610993.0,FETUSDT
2023-03-12 16:00:00,0.3105,0.3286,0.3093,0.3199,16942942.0,FETUSDT
2023-03-12 20:00:00,0.32,0.3871,0.3197,0.3799,35139218.0,FETUSDT
2023-03-13 00:00:00,0.3799,0.4025,0.372,0.3741,40153096.0,FETUSDT
2023-03-13 04:00:00,0.3742,0.3812,0.3735,0.3767,8452506.0,FETUSDT
2023-03-13 08:00:00,0.3768,0.3826,0.3531,0.3645,19316939.0,FETUSDT
2023-03-13 12:00:00,0.3644,0.4,0.36,0.3856,42965614.0,FETUSDT
2023-03-13 16:00:00,0.3855,0.3933,0.3796,0.3874,15649239.0,FETUSDT
2023-03-13 20:00:00,0.3874,0.3938,0.3826,0.3886,8987426.0,FETUSDT
2023-03-14 00:00:00,0.3887,0.403,0.3855,0.3906,14328375.0,FETUSDT
2023-03-14 04:00:00,0.3907,0.3943,0.3808,0.3823,7932879.0,FETUSDT
2023-03-14 08:00:00,0.3823,0.3885,0.3741,0.3858,12447258.0,FETUSDT
2023-03-14 12:00:00,0.3857,0.4517,0.3829,0.4488,68720788.0,FETUSDT
2023-03-14 16:00:00,0.449,0.4834,0.4353,0.465,81220609.0,FETUSDT
2023-03-14 20:00:00,0.4652,0.47,0.4302,0.4505,30553910.0,FETUSDT
2023-03-15 00:00:00,0.4505,0.4819,0.4449,0.46,37819538.0,FETUSDT
2023-03-15 04:00:00,0.4598,0.4674,0.4467,0.4609,21422776.0,FETUSDT
2023-03-15 08:00:00,0.461,0.4692,0.4218,0.4356,46386283.0,FETUSDT
2023-03-15 12:00:00,0.4357,0.4483,0.4015,0.4072,37202649.0,FETUSDT
2023-03-15 16:00:00,0.4073,0.4164,0.378,0.4112,46614958.0,FETUSDT
2023-03-15 20:00:00,0.4112,0.4251,0.4038,0.4095,20513861.0,FETUSDT
2023-03-16 00:00:00,0.4095,0.4185,0.4021,0.4072,10894505.0,FETUSDT
2023-03-16 04:00:00,0.4075,0.4374,0.3959,0.4312,23263789.0,FETUSDT
2023-03-16 08:00:00,0.4312,0.4372,0.4138,0.4306,27362921.0,FETUSDT
2023-03-16 12:00:00,0.4307,0.435,0.4108,0.4319,28246792.0,FETUSDT
2023-03-16 16:00:00,0.4318,0.4338,0.4136,0.4234,19285091.0,FETUSDT
2023-03-16 20:00:00,0.4232,0.425,0.4085,0.4215,10081626.0,FETUSDT
2023-03-17 00:00:00,0.4214,0.4334,0.41,0.4301,12739914.0,FETUSDT
2023-03-17 04:00:00,0.4301,0.435,0.4219,0.4291,11223167.0,FETUSDT
2023-03-17 08:00:00,0.429,0.4502,0.425,0.4463,23064490.0,FETUSDT
2023-03-17 12:00:00,0.4463,0.4466,0.4167,0.4262,24353248.0,FETUSDT
2023-03-17 16:00:00,0.426,0.4348,0.4195,0.4342,15413387.0,FETUSDT
2023-03-17 20:00:00,0.4342,0.4513,0.425,0.4509,22197930.0,FETUSDT
2023-03-18 00:00:00,0.4511,0.4611,0.4383,0.4535,24142654.0,FETUSDT
2023-03-18 04:00:00,0.4534,0.4559,0.445,0.4528,10402997.0,FETUSDT
2023-03-18 08:00:00,0.4528,0.454,0.4374,0.4517,16021475.0,FETUSDT
2023-03-18 12:00:00,0.4516,0.4529,0.4243,0.4298,18041035.0,FETUSDT
2023-03-18 16:00:00,0.4298,0.4369,0.4115,0.4288,18829153.0,FETUSDT
2023-03-18 20:00:00,0.4289,0.4357,0.413,0.417,10571819.0,FETUSDT
2023-03-19 00:00:00,0.417,0.426,0.417,0.4253,8420072.0,FETUSDT
2023-03-19 04:00:00,0.4253,0.4277,0.4117,0.4191,5467898.0,FETUSDT
2023-03-19 08:00:00,0.419,0.4234,0.412,0.4226,9218045.0,FETUSDT
2023-03-19 12:00:00,0.4226,0.4255,0.4143,0.422,11739768.0,FETUSDT
2023-03-19 16:00:00,0.4219,0.435,0.4207,0.4283,16737116.0,FETUSDT
2023-03-19 20:00:00,0.4282,0.432,0.4172,0.4196,11712807.0,FETUSDT
2023-03-20 00:00:00,0.4196,0.4223,0.3971,0.4014,15038052.0,FETUSDT
2023-03-20 04:00:00,0.4014,0.4196,0.3968,0.4179,12191986.0,FETUSDT
2023-03-20 08:00:00,0.418,0.42,0.4058,0.4075,12778701.0,FETUSDT
2023-03-20 12:00:00,0.4075,0.4078,0.397,0.4001,13386683.0,FETUSDT
2023-03-20 16:00:00,0.4,0.4011,0.3834,0.3884,17579549.0,FETUSDT
2023-03-20 20:00:00,0.3885,0.4031,0.3877,0.3921,7258863.0,FETUSDT
2023-03-21 00:00:00,0.392,0.3997,0.3886,0.3912,4484066.0,FETUSDT
2023-03-21 04:00:00,0.3913,0.3953,0.3815,0.3848,6883269.0,FETUSDT
2023-03-21 08:00:00,0.385,0.3967,0.3787,0.3948,8182687.0,FETUSDT
2023-03-21 12:00:00,0.3946,0.4147,0.3921,0.4038,15439247.0,FETUSDT
2023-03-21 16:00:00,0.4037,0.4095,0.3873,0.3972,8640359.0,FETUSDT
2023-03-21 20:00:00,0.3974,0.3997,0.3883,0.3955,5344678.0,FETUSDT
2023-03-22 00:00:00,0.3956,0.3963,0.3838,0.392,4748474.0,FETUSDT
2023-03-22 04:00:00,0.3919,0.4036,0.39,0.3963,7733680.0,FETUSDT
2023-03-22 08:00:00,0.3959,0.3997,0.3878,0.3904,10915153.0,FETUSDT
2023-03-22 12:00:00,0.3904,0.4016,0.3854,0.3909,13488458.0,FETUSDT
2023-03-22 16:00:00,0.3911,0.4019,0.3599,0.3624,32491898.0,FETUSDT
2023-03-22 20:00:00,0.3623,0.3819,0.3618,0.3794,11310867.0,FETUSDT
2023-03-23 00:00:00,0.3791,0.3858,0.3738,0.3786,4782448.0,FETUSDT
2023-03-23 04:00:00,0.3787,0.3889,0.3786,0.3855,4678538.0,FETUSDT
2023-03-23 08:00:00,0.3856,0.387,0.3804,0.3831,8594622.0,FETUSDT
2023-03-23 12:00:00,0.3832,0.3931,0.3733,0.3888,17844657.0,FETUSDT
2023-03-23 16:00:00,0.3888,0.4063,0.377,0.3832,12609982.0,FETUSDT
2023-03-23 20:00:00,0.3831,0.3885,0.3803,0.3867,4930900.0,FETUSDT
2023-03-24 00:00:00,0.3867,0.3884,0.3817,0.383,4242364.0,FETUSDT
2023-03-24 04:00:00,0.383,0.3875,0.3816,0.3829,2927681.0,FETUSDT
2023-03-24 08:00:00,0.383,0.3851,0.3687,0.3723,12149861.0,FETUSDT
2023-03-24 12:00:00,0.3722,0.3762,0.3641,0.3666,5867060.0,FETUSDT
2023-03-24 16:00:00,0.3666,0.3697,0.3587,0.3691,10889957.0,FETUSDT
2023-03-24 20:00:00,0.3692,0.3703,0.3612,0.3676,4741528.0,FETUSDT
2023-03-25 00:00:00,0.3677,0.3718,0.3668,0.3688,2289372.0,FETUSDT
2023-03-25 04:00:00,0.3689,0.37,0.3642,0.365,1929538.0,FETUSDT
2023-03-25 08:00:00,0.3649,0.3655,0.36,0.3632,3187193.0,FETUSDT
2023-03-25 12:00:00,0.3634,0.3747,0.3617,0.3733,5856252.0,FETUSDT
2023-03-25 16:00:00,0.3733,0.3776,0.356,0.3575,9242980.0,FETUSDT
2023-03-25 20:00:00,0.3575,0.3652,0.3573,0.3638,2954267.0,FETUSDT
2023-03-26 00:00:00,0.3638,0.3705,0.3606,0.3679,3060198.0,FETUSDT
2023-03-26 04:00:00,0.368,0.3703,0.3654,0.3672,1813375.0,FETUSDT
2023-03-26 08:00:00,0.3672,0.3728,0.3656,0.3706,3980155.0,FETUSDT
2023-03-26 12:00:00,0.3706,0.3784,0.3678,0.3697,8270088.0,FETUSDT
2023-03-26 16:00:00,0.3697,0.3728,0.367,0.3716,3587955.0,FETUSDT
2023-03-26 20:00:00,0.3715,0.3748,0.3681,0.3724,3846786.0,FETUSDT
2023-03-27 00:00:00,0.3726,0.3742,0.3656,0.3665,2597430.0,FETUSDT
2023-03-27 04:00:00,0.3665,0.3677,0.3607,0.3631,4471988.0,FETUSDT
2023-03-27 08:00:00,0.3629,0.3661,0.3619,0.3646,3345428.0,FETUSDT
2023-03-27 12:00:00,0.3646,0.3658,0.3325,0.3439,18295101.0,FETUSDT
2023-03-27 16:00:00,0.3439,0.3487,0.3382,0.3393,8684205.0,FETUSDT
2023-03-27 20:00:00,0.3393,0.3475,0.3385,0.3459,3566722.0,FETUSDT
2023-03-28 00:00:00,0.3459,0.3474,0.3392,0.3403,2846133.0,FETUSDT
2023-03-28 04:00:00,0.3404,0.3471,0.3379,0.3407,5633966.0,FETUSDT
2023-03-28 08:00:00,0.3408,0.3439,0.3348,0.3416,8126729.0,FETUSDT
2023-03-28 12:00:00,0.3416,0.344,0.3362,0.3404,7775257.0,FETUSDT
2023-03-28 16:00:00,0.3404,0.356,0.3327,0.3546,14500025.0,FETUSDT
2023-03-28 20:00:00,0.3546,0.3591,0.3474,0.3563,8337778.0,FETUSDT
2023-03-29 00:00:00,0.3561,0.3639,0.3539,0.361,5098787.0,FETUSDT
2023-03-29 04:00:00,0.3611,0.3781,0.3611,0.3706,10376144.0,FETUSDT
2023-03-29 08:00:00,0.3706,0.3733,0.3627,0.3669,10412175.0,FETUSDT
2023-03-29 12:00:00,0.3668,0.4042,0.3609,0.3788,44505147.0,FETUSDT
2023-03-29 16:00:00,0.3788,0.3845,0.3755,0.3814,13983895.0,FETUSDT
2023-03-29 20:00:00,0.3814,0.3886,0.3794,0.3849,11084308.0,FETUSDT
2023-03-30 00:00:00,0.385,0.3902,0.3686,0.3754,12924918.0,FETUSDT
2023-03-30 04:00:00,0.3757,0.38,0.3691,0.3768,6387470.0,FETUSDT
2023-03-30 08:00:00,0.3768,0.3768,0.3671,0.3707,7836205.0,FETUSDT
2023-03-30 12:00:00,0.3707,0.371,0.3623,0.3632,7561936.0,FETUSDT
2023-03-30 16:00:00,0.3631,0.3631,0.3553,0.362,9067148.0,FETUSDT
2023-03-30 20:00:00,0.3621,0.3669,0.3604,0.3652,5769825.0,FETUSDT
2023-03-31 00:00:00,0.3652,0.3687,0.3623,0.3634,3094758.0,FETUSDT
2023-03-31 04:00:00,0.3636,0.3663,0.3542,0.3599,5583920.0,FETUSDT
2023-03-31 08:00:00,0.3597,0.3614,0.3568,0.3596,4118483.0,FETUSDT
2023-03-31 12:00:00,0.3597,0.3707,0.3582,0.3662,9845571.0,FETUSDT
2023-03-31 16:00:00,0.3663,0.3701,0.3633,0.3678,7667168.0,FETUSDT
2023-03-31 20:00:00,0.3679,0.3686,0.363,0.3664,4245032.0,FETUSDT
2023-04-01 00:00:00,0.3664,0.372,0.3656,0.3703,4447394.0,FETUSDT
2023-04-01 04:00:00,0.3703,0.3764,0.3622,0.3644,5967485.0,FETUSDT
2023-04-01 08:00:00,0.3644,0.3668,0.3623,0.3643,2848054.0,FETUSDT
2023-04-01 12:00:00,0.3644,0.3658,0.3592,0.3623,4069072.0,FETUSDT
2023-04-01 16:00:00,0.3623,0.3647,0.3586,0.3619,3234250.0,FETUSDT
2023-04-01 20:00:00,0.362,0.3655,0.3615,0.3634,2833149.0,FETUSDT
2023-04-02 00:00:00,0.3634,0.3641,0.3584,0.3609,2574145.0,FETUSDT
2023-04-02 04:00:00,0.3609,0.3634,0.3595,0.3623,1522399.0,FETUSDT
2023-04-02 08:00:00,0.3624,0.3636,0.3598,0.3613,1958927.0,FETUSDT
2023-04-02 12:00:00,0.3614,0.362,0.3474,0.3519,6552935.0,FETUSDT
2023-04-02 16:00:00,0.3519,0.3544,0.3429,0.3472,5694476.0,FETUSDT
2023-04-02 20:00:00,0.3471,0.3501,0.3427,0.3491,3298945.0,FETUSDT
2023-04-03 00:00:00,0.3494,0.3495,0.337,0.3433,5192548.0,FETUSDT
2023-04-03 04:00:00,0.3433,0.3506,0.3419,0.3506,5340690.0,FETUSDT
2023-04-03 08:00:00,0.3505,0.3569,0.3501,0.3547,6032131.0,FETUSDT
2023-04-03 12:00:00,0.3548,0.3562,0.3453,0.3491,6786311.0,FETUSDT
2023-04-03 16:00:00,0.349,0.3601,0.3437,0.3529,12386791.0,FETUSDT
2023-04-03 20:00:00,0.3529,0.3545,0.3366,0.3512,10397923.0,FETUSDT
2023-04-04 00:00:00,0.3512,0.3547,0.3464,0.3473,4270363.0,FETUSDT
2023-04-04 04:00:00,0.3473,0.3532,0.345,0.3484,4472330.0,FETUSDT
2023-04-04 08:00:00,0.3484,0.3591,0.3463,0.3562,8283673.0,FETUSDT
2023-04-04 12:00:00,0.356,0.3585,0.3505,0.3552,10528400.0,FETUSDT
2023-04-04 16:00:00,0.3552,0.3633,0.352,0.3595,9961460.0,FETUSDT
2023-04-04 20:00:00,0.3594,0.3628,0.358,0.3607,6913481.0,FETUSDT
2023-04-05 00:00:00,0.361,0.3719,0.3574,0.3712,12001642.0,FETUSDT
2023-04-05 04:00:00,0.3713,0.3752,0.3669,0.3672,6997393.0,FETUSDT
2023-04-05 08:00:00,0.3673,0.3692,0.3636,0.3663,5718829.0,FETUSDT
2023-04-05 12:00:00,0.3663,0.3673,0.3519,0.3561,11164267.0,FETUSDT
2023-04-05 16:00:00,0.356,0.3608,0.3529,0.3589,5387915.0,FETUSDT
2023-04-05 20:00:00,0.359,0.3654,0.3565,0.3638,7614058.0,FETUSDT
2023-04-06 00:00:00,0.3639,0.3646,0.3533,0.3598,4774249.0,FETUSDT
2023-04-06 04:00:00,0.3597,0.3601,0.3549,0.3549,2380127.0,FETUSDT
2023-04-06 08:00:00,0.3548,0.3592,0.3511,0.3562,5254182.0,FETUSDT
2023-04-06 12:00:00,0.3561,0.3579,0.3513,0.3556,5741250.0,FETUSDT
2023-04-06 16:00:00,0.3557,0.36,0.3515,0.353,6492128.0,FETUSDT
2023-04-06 20:00:00,0.3528,0.3548,0.3484,0.3526,3840242.0,FETUSDT
2023-04-07 00:00:00,0.3526,0.3535,0.3456,0.3501,4339501.0,FETUSDT
2023-04-07 04:00:00,0.35,0.3533,0.3432,0.3435,4209114.0,FETUSDT
2023-04-07 08:00:00,0.3434,0.3467,0.3423,0.3434,5672690.0,FETUSDT
2023-04-07 12:00:00,0.3434,0.3478,0.3422,0.3455,6169956.0,FETUSDT
2023-04-07 16:00:00,0.3455,0.3456,0.343,0.3444,2713161.0,FETUSDT
2023-04-07 20:00:00,0.3445,0.3465,0.3416,0.3451,3650340.0,FETUSDT
2023-04-08 00:00:00,0.345,0.3451,0.3374,0.3436,5767796.0,FETUSDT
2023-04-08 04:00:00,0.3436,0.3482,0.3423,0.3461,3100503.0,FETUSDT
2023-04-08 08:00:00,0.3462,0.3475,0.3444,0.3452,2505077.0,FETUSDT
2023-04-08 12:00:00,0.3452,0.3454,0.3426,0.3432,2393869.0,FETUSDT
2023-04-08 16:00:00,0.3432,0.3447,0.3384,0.3394,4038664.0,FETUSDT
2023-04-08 20:00:00,0.3394,0.3406,0.3353,0.3391,3504919.0,FETUSDT
2023-04-09 00:00:00,0.3391,0.3413,0.3377,0.3386,4111666.0,FETUSDT
2023-04-09 04:00:00,0.3385,0.34,0.3254,0.3303,7677870.0,FETUSDT
2023-04-09 08:00:00,0.3303,0.3341,0.3292,0.334,4074200.0,FETUSDT
2023-04-09 12:00:00,0.334,0.3349,0.3295,0.3314,3816809.0,FETUSDT
2023-04-09 16:00:00,0.3315,0.3388,0.3288,0.3376,4413977.0,FETUSDT
2023-04-09 20:00:00,0.3376,0.352,0.3364,0.3438,9650459.0,FETUSDT
2023-04-10 00:00:00,0.3437,0.3459,0.3399,0.3425,3838858.0,FETUSDT
2023-04-10 04:00:00,0.3426,0.3457,0.3405,0.3421,5579370.0,FETUSDT
2023-04-10 08:00:00,0.3422,0.3443,0.3406,0.3411,3971817.0,FETUSDT
2023-04-10 12:00:00,0.3412,0.3418,0.3362,0.3388,8256625.0,FETUSDT
2023-04-10 16:00:00,0.3388,0.3509,0.337,0.3496,15404110.0,FETUSDT
2023-04-10 20:00:00,0.3496,0.3576,0.3449,0.3554,13984402.0,FETUSDT
2023-04-11 00:00:00,0.3554,0.3635,0.3534,0.3584,11272922.0,FETUSDT
2023-04-11 04:00:00,0.3583,0.3609,0.3541,0.359,7448963.0,FETUSDT
2023-04-11 08:00:00,0.359,0.3644,0.3524,0.36,14763164.0,FETUSDT
2023-04-11 12:00:00,0.36,0.3613,0.3554,0.3567,10189253.0,FETUSDT
2023-04-11 16:00:00,0.3568,0.3598,0.3526,0.3545,9610181.0,FETUSDT
2023-04-11 20:00:00,0.3546,0.3558,0.3505,0.3521,5572990.0,FETUSDT
2023-04-12 00:00:00,0.3521,0.3539,0.3317,0.3353,12983693.0,FETUSDT
2023-04-12 04:00:00,0.3352,0.342,0.3342,0.3397,7872178.0,FETUSDT
2023-04-12 08:00:00,0.3398,0.3401,0.3354,0.3371,6393901.0,FETUSDT
2023-04-12 12:00:00,0.337,0.3462,0.3351,0.3427,14229693.0,FETUSDT
2023-04-12 16:00:00,0.3427,0.3456,0.3357,0.3383,9053289.0,FETUSDT
2023-04-12 20:00:00,0.3382,0.3431,0.3379,0.3417,4955096.0,FETUSDT
2023-04-13 00:00:00,0.3417,0.3436,0.3394,0.3424,4121684.0,FETUSDT
2023-04-13 04:00:00,0.3423,0.343,0.3377,0.3406,4476026.0,FETUSDT
2023-04-13 08:00:00,0.3406,0.3466,0.3399,0.3443,10878877.0,FETUSDT
2023-04-13 12:00:00,0.3442,0.3559,0.3441,0.353,16002885.0,FETUSDT
2023-04-13 16:00:00,0.3529,0.3646,0.3526,0.3615,20946031.0,FETUSDT
2023-04-13 20:00:00,0.3614,0.362,0.3564,0.3611,9483187.0,FETUSDT
2023-04-14 00:00:00,0.3611,0.3715,0.3603,0.3648,20090206.0,FETUSDT
2023-04-14 04:00:00,0.3647,0.3799,0.3647,0.3678,19769035.0,FETUSDT
2023-04-14 08:00:00,0.3679,0.3762,0.3649,0.3741,14148734.0,FETUSDT
2023-04-14 12:00:00,0.374,0.3999,0.367,0.3907,55981436.0,FETUSDT
2023-04-14 16:00:00,0.3907,0.4136,0.3847,0.4094,60499219.0,FETUSDT
2023-04-14 20:00:00,0.4094,0.4148,0.402,0.405,22569260.0,FETUSDT
2023-04-15 00:00:00,0.405,0.4057,0.3912,0.3947,17363693.0,FETUSDT
2023-04-15 04:00:00,0.3948,0.4259,0.3947,0.4148,34867131.0,FETUSDT
2023-04-15 08:00:00,0.4148,0.4216,0.4075,0.415,22805329.0,FETUSDT
2023-04-15 12:00:00,0.4151,0.4253,0.4108,0.4134,25618879.0,FETUSDT
2023-04-15 16:00:00,0.4134,0.4156,0.4031,0.4095,19040886.0,FETUSDT
2023-04-15 20:00:00,0.4096,0.4112,0.4013,0.4072,14218841.0,FETUSDT
2023-04-16 00:00:00,0.4072,0.4112,0.3973,0.402,14037717.0,FETUSDT
2023-04-16 04:00:00,0.402,0.412,0.4018,0.4094,11662203.0,FETUSDT
2023-04-16 08:00:00,0.4095,0.4124,0.3967,0.3969,12362156.0,FETUSDT
2023-04-16 12:00:00,0.3969,0.4043,0.3947,0.4036,11071815.0,FETUSDT
2023-04-16 16:00:00,0.4036,0.4114,0.4006,0.4058,12090079.0,FETUSDT
2023-04-16 20:00:00,0.4059,0.412,0.4019,0.4053,12309786.0,FETUSDT
2023-04-17 00:00:00,0.4052,0.4063,0.3915,0.4004,11376428.0,FETUSDT
2023-04-17 04:00:00,0.4004,0.4039,0.3971,0.3985,7663138.0,FETUSDT
2023-04-17 08:00:00,0.3986,0.4228,0.3949,0.4123,38917590.0,FETUSDT
2023-04-17 12:00:00,0.4124,0.4272,0.4059,0.4149,28527777.0,FETUSDT
2023-04-17 16:00:00,0.4148,0.448,0.4127,0.433,48970150.0,FETUSDT
2023-04-17 20:00:00,0.4331,0.44,0.4252,0.4262,20583005.0,FETUSDT
2023-04-18 00:00:00,0.4262,0.4446,0.4202,0.4229,24462267.0,FETUSDT
2023-04-18 04:00:00,0.423,0.4391,0.418,0.4352,17203839.0,FETUSDT
2023-04-18 08:00:00,0.435,0.4359,0.4263,0.4315,11340558.0,FETUSDT
2023-04-18 12:00:00,0.4314,0.4317,0.4188,0.4278,15388957.0,FETUSDT
2023-04-18 16:00:00,0.4277,0.4292,0.412,0.4175,13976687.0,FETUSDT
2023-04-18 20:00:00,0.4174,0.4253,0.4108,0.4245,10569204.0,FETUSDT
2023-04-19 00:00:00,0.4246,0.4272,0.419,0.4192,6267389.0,FETUSDT
2023-04-19 04:00:00,0.4193,0.4281,0.4147,0.4147,7234753.0,FETUSDT
2023-04-19 08:00:00,0.4147,0.415,0.3747,0.3905,36642712.0,FETUSDT
2023-04-19 12:00:00,0.3904,0.399,0.3845,0.3884,20109329.0,FETUSDT
2023-04-19 16:00:00,0.3885,0.3897,0.3786,0.3812,12826880.0,FETUSDT
2023-04-19 20:00:00,0.3812,0.3835,0.3645,0.373,13888239.0,FETUSDT
2023-04-20 00:00:00,0.373,0.3781,0.3619,0.3697,9266168.0,FETUSDT
2023-04-20 04:00:00,0.3698,0.3786,0.3686,0.3745,11119340.0,FETUSDT
2023-04-20 08:00:00,0.3745,0.3813,0.3676,0.3688,8182763.0,FETUSDT
2023-04-20 12:00:00,0.3688,0.38,0.3582,0.3599,15444427.0,FETUSDT
2023-04-20 16:00:00,0.36,0.3646,0.351,0.3625,26166805.0,FETUSDT
2023-04-20 20:00:00,0.3623,0.3675,0.3605,0.3641,6603412.0,FETUSDT
2023-04-21 00:00:00,0.3639,0.3671,0.3601,0.3659,5167775.0,FETUSDT
2023-04-21 04:00:00,0.366,0.3661,0.3539,0.362,10032849.0,FETUSDT
2023-04-21 08:00:00,0.3619,0.3643,0.3527,0.3538,8670793.0,FETUSDT
2023-04-21 12:00:00,0.3539,0.3639,0.3491,0.3574,9933728.0,FETUSDT
2023-04-21 16:00:00,0.3572,0.358,0.33,0.3321,24224952.0,FETUSDT
2023-04-21 20:00:00,0.332,0.3353,0.329,0.3333,8996881.0,FETUSDT
2023-04-22 00:00:00,0.3333,0.3351,0.3292,0.334,5566580.0,FETUSDT
2023-04-22 04:00:00,0.3341,0.3377,0.3323,0.3333,3241408.0,FETUSDT
2023-04-22 08:00:00,0.3333,0.3392,0.3323,0.3378,3741451.0,FETUSDT
2023-04-22 12:00:00,0.3377,0.3457,0.335,0.344,6385967.0,FETUSDT
2023-04-22 16:00:00,0.3439,0.3483,0.3426,0.3449,5181976.0,FETUSDT
2023-04-22 20:00:00,0.3448,0.3483,0.3427,0.3481,4299909.0,FETUSDT
2023-04-23 00:00:00,0.348,0.3481,0.3395,0.3416,4432984.0,FETUSDT
2023-04-23 04:00:00,0.3417,0.3457,0.34,0.3453,3619429.0,FETUSDT
2023-04-23 08:00:00,0.3453,0.3462,0.3415,0.3446,3506011.0,FETUSDT
2023-04-23 12:00:00,0.3447,0.3462,0.333,0.3341,8759009.0,FETUSDT
2023-04-23 16:00:00,0.334,0.3398,0.3238,0.3292,9882777.0,FETUSDT
2023-04-23 20:00:00,0.3291,0.3388,0.3268,0.3354,5067083.0,FETUSDT
2023-04-24 00:00:00,0.3354,0.345,0.3314,0.3371,4845858.0,FETUSDT
2023-04-24 04:00:00,0.3371,0.3389,0.3294,0.3334,6344852.0,FETUSDT
2023-04-24 08:00:00,0.3335,0.3399,0.3286,0.339,5626574.0,FETUSDT
2023-04-24 12:00:00,0.3391,0.3427,0.3317,0.3318,7125950.0,FETUSDT
2023-04-24 16:00:00,0.3319,0.3337,0.3247,0.3312,7327581.0,FETUSDT
2023-04-24 20:00:00,0.3313,0.3343,0.3301,0.3319,3344610.0,FETUSDT
2023-04-25 00:00:00,0.3319,0.3328,0.3218,0.324,5149508.0,FETUSDT
2023-04-25 04:00:00,0.3236,0.3293,0.3233,0.3261,4664621.0,FETUSDT
2023-04-25 08:00:00,0.326,0.3304,0.3239,0.3287,4730568.0,FETUSDT
2023-04-25 12:00:00,0.3288,0.3304,0.3186,0.3202,7243153.0,FETUSDT
2023-04-25 16:00:00,0.32,0.3304,0.3191,0.3271,7378413.0,FETUSDT
2023-04-25 20:00:00,0.3269,0.3478,0.3269,0.3448,12445246.0,FETUSDT
2023-04-26 00:00:00,0.3448,0.3474,0.3392,0.3416,4527328.0,FETUSDT
2023-04-26 04:00:00,0.3417,0.3453,0.3395,0.3413,4622789.0,FETUSDT
2023-04-26 08:00:00,0.3414,0.3533,0.3396,0.3496,9820211.0,FETUSDT
2023-04-26 12:00:00,0.3497,0.3632,0.3495,0.3561,28831749.0,FETUSDT
2023-04-26 16:00:00,0.3562,0.3584,0.3177,0.3253,18777963.0,FETUSDT
2023-04-26 20:00:00,0.3253,0.3356,0.311,0.3341,22376565.0,FETUSDT
2023-04-27 00:00:00,0.3342,0.3453,0.3308,0.338,8471775.0,FETUSDT
2023-04-27 04:00:00,0.3379,0.3455,0.3351,0.3375,5771573.0,FETUSDT
2023-04-27 08:00:00,0.3373,0.3402,0.3328,0.3341,10418197.0,FETUSDT
2023-04-27 12:00:00,0.3341,0.3406,0.3294,0.3386,12670668.0,FETUSDT
2023-04-27 16:00:00,0.3387,0.348,0.3387,0.3433,12510649.0,FETUSDT
2023-04-27 20:00:00,0.3432,0.3452,0.3392,0.344,5629682.0,FETUSDT
2023-04-28 00:00:00,0.3439,0.3471,0.3403,0.3457,5498173.0,FETUSDT
2023-04-28 04:00:00,0.3454,0.3474,0.3427,0.3459,3602556.0,FETUSDT
2023-04-28 08:00:00,0.346,0.346,0.3367,0.337,6059332.0,FETUSDT
2023-04-28 12:00:00,0.3369,0.3384,0.3301,0.3315,9697842.0,FETUSDT
2023-04-28 16:00:00,0.3315,0.3362,0.3305,0.3321,5509844.0,FETUSDT
2023-04-28 20:00:00,0.332,0.3346,0.3313,0.3329,3078045.0,FETUSDT
2023-04-29 00:00:00,0.3329,0.3383,0.3315,0.3368,4262240.0,FETUSDT
2023-04-29 04:00:00,0.3367,0.3391,0.3357,0.337,2077186.0,FETUSDT
2023-04-29 08:00:00,0.337,0.3409,0.3343,0.3369,6498842.0,FETUSDT
2023-04-29 12:00:00,0.3369,0.3478,0.3357,0.3418,9333399.0,FETUSDT
2023-04-29 16:00:00,0.3417,0.342,0.3353,0.3397,3634271.0,FETUSDT
2023-04-29 20:00:00,0.3397,0.3412,0.3381,0.341,2112614.0,FETUSDT
2023-04-30 00:00:00,0.341,0.341,0.3322,0.3329,3712991.0,FETUSDT
2023-04-30 04:00:00,0.3329,0.336,0.3324,0.3357,1902242.0,FETUSDT
2023-04-30 08:00:00,0.3357,0.3378,0.3313,0.3324,3342028.0,FETUSDT
2023-04-30 12:00:00,0.3324,0.3411,0.3311,0.3373,5787376.0,FETUSDT
2023-04-30 16:00:00,0.3374,0.3405,0.3307,0.3321,5121859.0,FETUSDT
2023-04-30 20:00:00,0.332,0.3324,0.3264,0.3272,8877513.0,FETUSDT
2023-05-01 00:00:00,0.3274,0.3304,0.318,0.3225,10317602.0,FETUSDT
2023-05-01 04:00:00,0.3224,0.325,0.3197,0.3249,4619472.0,FETUSDT
2023-05-01 08:00:00,0.3248,0.3256,0.3216,0.3218,4391045.0,FETUSDT
2023-05-01 12:00:00,0.3217,0.3234,0.3173,0.3187,5295281.0,FETUSDT
2023-05-01 16:00:00,0.3187,0.3213,0.3134,0.3161,7311680.0,FETUSDT
2023-05-01 20:00:00,0.316,0.3192,0.3134,0.3184,3905945.0,FETUSDT
2023-05-02 00:00:00,0.3183,0.3196,0.3158,0.3177,2401034.0,FETUSDT
2023-05-02 04:00:00,0.3177,0.3187,0.3146,0.3178,2365686.0,FETUSDT
2023-05-02 08:00:00,0.318,0.319,0.3141,0.3161,3878310.0,FETUSDT
2023-05-02 12:00:00,0.316,0.32,0.3112,0.3175,7828870.0,FETUSDT
2023-05-02 16:00:00,0.3175,0.3212,0.3142,0.3183,5280583.0,FETUSDT
2023-05-02 20:00:00,0.3184,0.3207,0.318,0.3187,2198838.0,FETUSDT
2023-05-03 00:00:00,0.3187,0.3192,0.3116,0.3119,3572158.0,FETUSDT
2023-05-03 04:00:00,0.3119,0.313,0.3084,0.3119,4697206.0,FETUSDT
2023-05-03 08:00:00,0.312,0.3136,0.3081,0.3083,2994329.0,FETUSDT
2023-05-03 12:00:00,0.3083,0.3083,0.2989,0.3001,15612423.0,FETUSDT
2023-05-03 16:00:00,0.3001,0.3113,0.2994,0.3083,13037098.0,FETUSDT
2023-05-03 20:00:00,0.3082,0.3287,0.3082,0.325,11580041.0,FETUSDT
2023-05-04 00:00:00,0.325,0.326,0.321,0.3218,4086071.0,FETUSDT
2023-05-04 04:00:00,0.3218,0.3238,0.3193,0.3196,3842949.0,FETUSDT
2023-05-04 08:00:00,0.3197,0.3224,0.3181,0.3193,3524876.0,FETUSDT
2023-05-04 12:00:00,0.3193,0.3201,0.3124,0.3146,6198669.0,FETUSDT
2023-05-04 16:00:00,0.3145,0.3162,0.3082,0.3109,3992764.0,FETUSDT
2023-05-04 20:00:00,0.3109,0.3113,0.307,0.3103,3328490.0,FETUSDT
2023-05-05 00:00:00,0.3102,0.3126,0.3063,0.3082,3278999.0,FETUSDT
2023-05-05 04:00:00,0.3081,0.309,0.3036,0.3047,3265779.0,FETUSDT
2023-05-05 08:00:00,0.3048,0.3059,0.3028,0.3048,3354825.0,FETUSDT
2023-05-05 12:00:00,0.3049,0.3119,0.2993,0.3097,9548855.0,FETUSDT
2023-05-05 16:00:00,0.3098,0.3136,0.302,0.3045,8105806.0,FETUSDT
2023-05-05 20:00:00,0.3046,0.311,0.3033,0.3103,3872340.0,FETUSDT
2023-05-06 00:00:00,0.3103,0.3136,0.3008,0.3015,5237552.0,FETUSDT
2023-05-06 04:00:00,0.3013,0.3032,0.2979,0.2987,6801355.0,FETUSDT
2023-05-06 08:00:00,0.2987,0.2987,0.2881,0.2901,11643040.0,FETUSDT
2023-05-06 12:00:00,0.29,0.2905,0.277,0.2797,16572409.0,FETUSDT
2023-05-06 16:00:00,0.2797,0.294,0.2787,0.2896,9067654.0,FETUSDT
2023-05-06 20:00:00,0.2896,0.2902,0.2859,0.2879,4004892.0,FETUSDT
2023-05-07 00:00:00,0.2881,0.2927,0.2868,0.2888,3223366.0,FETUSDT
2023-05-07 04:00:00,0.2886,0.2926,0.2882,0.2916,2795699.0,FETUSDT
2023-05-07 08:00:00,0.2917,0.2952,0.2902,0.2926,6057721.0,FETUSDT
2023-05-07 12:00:00,0.2927,0.2984,0.2924,0.2933,6875623.0,FETUSDT
2023-05-07 16:00:00,0.2933,0.2939,0.2887,0.2895,3712341.0,FETUSDT
2023-05-07 20:00:00,0.2896,0.2938,0.2881,0.2897,3574839.0,FETUSDT
2023-05-08 00:00:00,0.2898,0.293,0.2648,0.2728,12496098.0,FETUSDT
2023-05-08 04:00:00,0.2727,0.2735,0.262,0.266,8557158.0,FETUSDT
2023-05-08 08:00:00,0.266,0.274,0.2658,0.2736,7939133.0,FETUSDT
2023-05-08 12:00:00,0.2736,0.2748,0.2686,0.2699,5006078.0,FETUSDT
2023-05-08 16:00:00,0.2698,0.2701,0.2416,0.2491,21432360.0,FETUSDT
2023-05-08 20:00:00,0.2491,0.2602,0.2484,0.2597,8469143.0,FETUSDT
2023-05-09 00:00:00,0.2596,0.2612,0.2536,0.2553,3328268.0,FETUSDT
2023-05-09 04:00:00,0.2552,0.2568,0.2504,0.2552,6042466.0,FETUSDT
2023-05-09 08:00:00,0.2552,0.2574,0.2508,0.2553,7599470.0,FETUSDT
2023-05-09 12:00:00,0.2552,0.2572,0.2491,0.2499,6811210.0,FETUSDT
2023-05-09 16:00:00,0.25,0.2577,0.2474,0.2566,14945037.0,FETUSDT
2023-05-09 20:00:00,0.2566,0.2649,0.2557,0.2633,10373807.0,FETUSDT
2023-05-10 00:00:00,0.2632,0.2654,0.2579,0.259,3897974.0,FETUSDT
2023-05-10 04:00:00,0.2588,0.2623,0.258,0.2587,5670346.0,FETUSDT
2023-05-10 08:00:00,0.2586,0.2594,0.254,0.2568,8352354.0,FETUSDT
2023-05-10 12:00:00,0.2569,0.2736,0.2562,0.268,20129145.0,FETUSDT
2023-05-10 16:00:00,0.2681,0.2704,0.2465,0.262,25456296.0,FETUSDT
2023-05-10 20:00:00,0.262,0.2677,0.26,0.2626,8991655.0,FETUSDT
2023-05-11 00:00:00,0.2627,0.2629,0.2502,0.2511,6020471.0,FETUSDT
2023-05-11 04:00:00,0.251,0.2536,0.2487,0.2496,4962007.0,FETUSDT
2023-05-11 08:00:00,0.2496,0.2522,0.2459,0.2503,5372082.0,FETUSDT
2023-05-11 12:00:00,0.2503,0.2545,0.2424,0.2461,12986086.0,FETUSDT
2023-05-11 16:00:00,0.246,0.2464,0.2329,0.2343,12413559.0,FETUSDT
2023-05-11 20:00:00,0.2344,0.2434,0.234,0.2414,8155115.0,FETUSDT
2023-05-12 00:00:00,0.2414,0.2444,0.233,0.2338,6037141.0,FETUSDT
2023-05-12 04:00:00,0.2336,0.2383,0.231,0.2363,6884744.0,FETUSDT
2023-05-12 08:00:00,0.2363,0.2418,0.2352,0.2378,8076477.0,FETUSDT
2023-05-12 12:00:00,0.2378,0.2413,0.2335,0.235,10063205.0,FETUSDT
2023-05-12 16:00:00,0.235,0.2372,0.2275,0.2366,9609567.0,FETUSDT
2023-05-12 20:00:00,0.2365,0.2468,0.2359,0.2453,9659313.0,FETUSDT
2023-05-13 00:00:00,0.2453,0.246,0.2378,0.2395,3727760.0,FETUSDT
2023-05-13 04:00:00,0.2394,0.2403,0.2371,0.2395,4992128.0,FETUSDT
2023-05-13 08:00:00,0.2395,0.2417,0.2387,0.2412,4302199.0,FETUSDT
2023-05-13 12:00:00,0.2412,0.242,0.2367,0.238,5196986.0,FETUSDT
2023-05-13 16:00:00,0.2379,0.2412,0.2368,0.2384,4290011.0,FETUSDT
2023-05-13 20:00:00,0.2384,0.2398,0.2374,0.2381,2843084.0,FETUSDT
2023-05-14 00:00:00,0.238,0.2381,0.2329,0.2372,3432316.0,FETUSDT
2023-05-14 04:00:00,0.2373,0.2416,0.2361,0.241,3607826.0,FETUSDT
2023-05-14 08:00:00,0.2412,0.2424,0.2394,0.2401,2613122.0,FETUSDT
2023-05-14 12:00:00,0.2402,0.2468,0.2387,0.2465,5370863.0,FETUSDT
2023-05-14 16:00:00,0.2466,0.2474,0.2387,0.2391,4577748.0,FETUSDT
2023-05-14 20:00:00,0.239,0.2423,0.2388,0.2414,2106033.0,FETUSDT
2023-05-15 00:00:00,0.2413,0.244,0.2351,0.2428,5811382.0,FETUSDT
2023-05-15 04:00:00,0.2428,0.2472,0.2419,0.2472,5092380.0,FETUSDT
2023-05-15 08:00:00,0.2471,0.2536,0.2466,0.2475,9277703.0,FETUSDT
2023-05-15 12:00:00,0.2475,0.2524,0.2442,0.2506,11266714.0,FETUSDT
2023-05-15 16:00:00,0.2506,0.2519,0.2477,0.2481,6632796.0,FETUSDT
2023-05-15 20:00:00,0.2482,0.25,0.2458,0.2464,3231003.0,FETUSDT
2023-05-16 00:00:00,0.2463,0.2489,0.2391,0.242,7370393.0,FETUSDT
2023-05-16 04:00:00,0.242,0.2465,0.2406,0.2464,5504237.0,FETUSDT
2023-05-16 08:00:00,0.2464,0.2473,0.2408,0.2424,6770390.0,FETUSDT
2023-05-16 12:00:00,0.2424,0.2443,0.2403,0.2438,7388579.0,FETUSDT
2023-05-16 16:00:00,0.2437,0.2448,0.241,0.2412,5089093.0,FETUSDT
2023-05-16 20:00:00,0.2412,0.2455,0.2401,0.2446,3151706.0,FETUSDT
2023-05-17 00:00:00,0.2447,0.2501,0.2409,0.2493,4616750.0,FETUSDT
2023-05-17 04:00:00,0.2494,0.25,0.2424,0.2433,4674340.0,FETUSDT
2023-05-17 08:00:00,0.2432,0.2473,0.2397,0.24,6179218.0,FETUSDT
2023-05-17 12:00:00,0.24,0.2429,0.2365,0.2398,6026000.0,FETUSDT
2023-05-17 16:00:00,0.2398,0.2554,0.2389,0.2527,12083821.0,FETUSDT
2023-05-17 20:00:00,0.2528,0.2606,0.2528,0.2569,10836153.0,FETUSDT
2023-05-18 00:00:00,0.2569,0.2589,0.252,0.2546,5897161.0,FETUSDT
2023-05-18 04:00:00,0.2547,0.2549,0.25,0.2535,4856592.0,FETUSDT
2023-05-18 08:00:00,0.2535,0.2574,0.2529,0.2533,5490944.0,FETUSDT
2023-05-18 12:00:00,0.2534,0.2545,0.2486,0.2495,7026289.0,FETUSDT
2023-05-18 16:00:00,0.2494,0.2509,0.241,0.2462,9400485.0,FETUSDT
2023-05-18 20:00:00,0.2461,0.2497,0.2445,0.2468,4772522.0,FETUSDT
2023-05-19 00:00:00,0.2467,0.2473,0.2419,0.2452,3187504.0,FETUSDT
2023-05-19 04:00:00,0.2452,0.2611,0.2442,0.248,19104187.0,FETUSDT
2023-05-19 08:00:00,0.2481,0.2524,0.2478,0.2498,6644642.0,FETUSDT
2023-05-19 12:00:00,0.2499,0.2652,0.2473,0.2606,32381996.0,FETUSDT
2023-05-19 16:00:00,0.2606,0.2842,0.258,0.2703,88624365.0,FETUSDT
2023-05-19 20:00:00,0.2703,0.2738,0.2634,0.265,23876479.0,FETUSDT
2023-05-20 00:00:00,0.265,0.265,0.2572,0.2615,19306335.0,FETUSDT
2023-05-20 04:00:00,0.2615,0.2667,0.2572,0.2576,15073266.0,FETUSDT
2023-05-20 08:00:00,0.2576,0.2596,0.2544,0.2561,10771552.0,FETUSDT
2023-05-20 12:00:00,0.256,0.2589,0.254,0.2583,8551020.0,FETUSDT
2023-05-20 16:00:00,0.2584,0.264,0.2557,0.2609,12167028.0,FETUSDT
2023-05-20 20:00:00,0.2609,0.2614,0.2576,0.2588,4806893.0,FETUSDT
2023-05-21 00:00:00,0.2589,0.259,0.2515,0.254,8810723.0,FETUSDT
2023-05-21 04:00:00,0.254,0.2554,0.2528,0.253,4081227.0,FETUSDT
2023-05-21 08:00:00,0.253,0.2554,0.2482,0.2515,8031079.0,FETUSDT
2023-05-21 12:00:00,0.2515,0.2549,0.2421,0.2446,18346742.0,FETUSDT
2023-05-21 16:00:00,0.2446,0.2459,0.2428,0.2448,8835718.0,FETUSDT
2023-05-21 20:00:00,0.2449,0.2455,0.24,0.243,6935110.0,FETUSDT
2023-05-22 00:00:00,0.243,0.2439,0.2344,0.2352,10084686.0,FETUSDT
2023-05-22 04:00:00,0.2353,0.2399,0.2344,0.2395,8085690.0,FETUSDT
2023-05-22 08:00:00,0.2395,0.2442,0.2389,0.2428,6908385.0,FETUSDT
2023-05-22 12:00:00,0.2428,0.2452,0.2383,0.2405,10058748.0,FETUSDT
2023-05-22 16:00:00,0.2405,0.2417,0.2383,0.24,5280118.0,FETUSDT
2023-05-22 20:00:00,0.2401,0.2419,0.2385,0.2394,3345946.0,FETUSDT
2023-05-23 00:00:00,0.2395,0.2475,0.2369,0.2471,10726953.0,FETUSDT
2023-05-23 04:00:00,0.2471,0.2485,0.2418,0.2446,6743672.0,FETUSDT
2023-05-23 08:00:00,0.2447,0.2472,0.2423,0.2457,6552042.0,FETUSDT
2023-05-23 12:00:00,0.2458,0.2465,0.2431,0.2449,6936083.0,FETUSDT
2023-05-23 16:00:00,0.2449,0.245,0.2403,0.2436,6063697.0,FETUSDT
2023-05-23 20:00:00,0.2436,0.2455,0.2422,0.2452,4582483.0,FETUSDT
2023-05-24 00:00:00,0.2452,0.2453,0.2322,0.2358,7361182.0,FETUSDT
2023-05-24 04:00:00,0.2357,0.2389,0.2317,0.2326,7752307.0,FETUSDT
2023-05-24 08:00:00,0.2326,0.237,0.2321,0.2339,6819284.0,FETUSDT
2023-05-24 12:00:00,0.2339,0.2348,0.22,0.227,21807077.0,FETUSDT
2023-05-24 16:00:00,0.2269,0.2283,0.2251,0.2264,6981379.0,FETUSDT
2023-05-24 20:00:00,0.2263,0.2346,0.226,0.2315,9546813.0,FETUSDT
2023-05-25 00:00:00,0.2316,0.2328,0.2231,0.2272,6641178.0,FETUSDT
2023-05-25 04:00:00,0.2273,0.2294,0.2252,0.2253,7197735.0,FETUSDT
2023-05-25 08:00:00,0.2253,0.2274,0.2238,0.2265,5358493.0,FETUSDT
2023-05-25 12:00:00,0.2265,0.2411,0.2265,0.2396,38094889.0,FETUSDT
2023-05-25 16:00:00,0.2397,0.247,0.2362,0.2377,31164794.0,FETUSDT
2023-05-25 20:00:00,0.2377,0.2389,0.2346,0.237,6870709.0,FETUSDT
2023-05-26 00:00:00,0.237,0.2374,0.2331,0.2368,8375074.0,FETUSDT
2023-05-26 04:00:00,0.2368,0.2374,0.2305,0.2356,9041369.0,FETUSDT
2023-05-26 08:00:00,0.2355,0.2375,0.234,0.2364,6704439.0,FETUSDT
2023-05-26 12:00:00,0.2364,0.25,0.2336,0.2467,32694727.0,FETUSDT
2023-05-26 16:00:00,0.2467,0.2478,0.2428,0.2443,15313992.0,FETUSDT
2023-05-26 20:00:00,0.2444,0.2463,0.2437,0.2453,4932014.0,FETUSDT
2023-05-27 00:00:00,0.2452,0.2546,0.2416,0.2528,14370215.0,FETUSDT
2023-05-27 04:00:00,0.2528,0.259,0.25,0.2539,24630095.0,FETUSDT
2023-05-27 08:00:00,0.2539,0.2637,0.2522,0.2594,17493412.0,FETUSDT
2023-05-27 12:00:00,0.2593,0.2634,0.2516,0.2563,22117071.0,FETUSDT
2023-05-27 16:00:00,0.2563,0.258,0.2535,0.2552,7011666.0,FETUSDT
2023-05-27 20:00:00,0.2551,0.2561,0.2531,0.255,4150988.0,FETUSDT
2023-05-28 00:00:00,0.255,0.261,0.2533,0.26,7494558.0,FETUSDT
2023-05-28 04:00:00,0.26,0.2694,0.2597,0.2692,8638273.0,FETUSDT
2023-05-28 08:00:00,0.2693,0.2693,0.2593,0.2599,15559685.0,FETUSDT
2023-05-28 12:00:00,0.2598,0.2647,0.2574,0.2588,12363823.0,FETUSDT
2023-05-28 16:00:00,0.2589,0.2711,0.2556,0.2626,20293521.0,FETUSDT
2023-05-28 20:00:00,0.2628,0.2725,0.2626,0.2681,18545868.0,FETUSDT
2023-05-29 00:00:00,0.2681,0.2708,0.2623,0.2624,7349195.0,FETUSDT
2023-05-29 04:00:00,0.2627,0.2632,0.2579,0.2612,7811950.0,FETUSDT
2023-05-29 08:00:00,0.2613,0.2654,0.2605,0.2648,6272203.0,FETUSDT
2023-05-29 12:00:00,0.2648,0.2663,0.2595,0.26,8792988.0,FETUSDT
2023-05-29 16:00:00,0.26,0.2619,0.256,0.2605,9221031.0,FETUSDT
2023-05-29 20:00:00,0.2605,0.2629,0.2576,0.2607,3607452.0,FETUSDT
2023-05-30 00:00:00,0.2607,0.2625,0.2566,0.2623,3984683.0,FETUSDT
2023-05-30 04:00:00,0.2623,0.2655,0.2578,0.2623,4675128.0,FETUSDT
2023-05-30 08:00:00,0.2622,0.2799,0.2612,0.2779,27154488.0,FETUSDT
2023-05-30 12:00:00,0.2777,0.2843,0.2713,0.2739,27320235.0,FETUSDT
2023-05-30 16:00:00,0.2738,0.28,0.2696,0.2772,13374588.0,FETUSDT
2023-05-30 20:00:00,0.2774,0.2786,0.2736,0.2765,8381027.0,FETUSDT
2023-05-31 00:00:00,0.2764,0.2862,0.2734,0.2818,12994228.0,FETUSDT
2023-05-31 04:00:00,0.2818,0.2896,0.267,0.268,21535357.0,FETUSDT
2023-05-31 08:00:00,0.2679,0.2716,0.2636,0.2673,9933169.0,FETUSDT
2023-05-31 12:00:00,0.2673,0.2736,0.2585,0.2602,14463897.0,FETUSDT
2023-05-31 16:00:00,0.2602,0.2648,0.2586,0.2627,9302681.0,FETUSDT
2023-05-31 20:00:00,0.263,0.265,0.2618,0.2639,4323529.0,FETUSDT
2023-06-01 00:00:00,0.2639,0.2659,0.253,0.2551,13058119.0,FETUSDT
2023-06-01 04:00:00,0.2551,0.2588,0.2533,0.257,6637050.0,FETUSDT
2023-06-01 08:00:00,0.257,0.267,0.2562,0.2617,11977469.0,FETUSDT
2023-06-01 12:00:00,0.2617,0.2648,0.2591,0.2638,7235874.0,FETUSDT
2023-06-01 16:00:00,0.2638,0.2698,0.2603,0.2636,9422878.0,FETUSDT
2023-06-01 20:00:00,0.2636,0.2653,0.2606,0.2626,5148861.0,FETUSDT
2023-06-02 00:00:00,0.2626,0.2673,0.2574,0.2664,7253446.0,FETUSDT
2023-06-02 04:00:00,0.2664,0.2733,0.2656,0.2712,10083205.0,FETUSDT
2023-06-02 08:00:00,0.2713,0.2782,0.2713,0.2765,12131183.0,FETUSDT
2023-06-02 12:00:00,0.2766,0.2795,0.271,0.2763,14046022.0,FETUSDT
2023-06-02 16:00:00,0.2763,0.2779,0.2718,0.2771,7298601.0,FETUSDT
2023-06-02 20:00:00,0.2772,0.2778,0.2726,0.2731,3979912.0,FETUSDT
2023-06-03 00:00:00,0.2732,0.2732,0.2687,0.2718,4523823.0,FETUSDT
2023-06-03 04:00:00,0.2718,0.2744,0.2709,0.2743,2850705.0,FETUSDT
2023-06-03 08:00:00,0.2742,0.2751,0.2723,0.2728,2815739.0,FETUSDT
2023-06-03 12:00:00,0.2729,0.2738,0.2696,0.2724,3696598.0,FETUSDT
2023-06-03 16:00:00,0.2724,0.2736,0.2653,0.2671,6388949.0,FETUSDT
2023-06-03 20:00:00,0.267,0.2694,0.2656,0.2685,2677005.0,FETUSDT
2023-06-04 00:00:00,0.2685,0.2707,0.2651,0.2704,2394616.0,FETUSDT
2023-06-04 04:00:00,0.2703,0.2753,0.2691,0.2749,3725181.0,FETUSDT
2023-06-04 08:00:00,0.2748,0.2797,0.2748,0.277,5309741.0,FETUSDT
2023-06-04 12:00:00,0.2771,0.2788,0.2725,0.2742,5485338.0,FETUSDT
2023-06-04 16:00:00,0.2742,0.2744,0.2711,0.2728,3273583.0,FETUSDT
2023-06-04 20:00:00,0.2727,0.2774,0.269,0.2708,5972673.0,FETUSDT
2023-06-05 00:00:00,0.2708,0.2719,0.2591,0.2625,6297871.0,FETUSDT
2023-06-05 04:00:00,0.2624,0.2648,0.2618,0.2646,4533687.0,FETUSDT
2023-06-05 08:00:00,0.2646,0.266,0.2614,0.2639,4845588.0,FETUSDT
2023-06-05 12:00:00,0.264,0.2646,0.2388,0.2392,16459696.0,FETUSDT
2023-06-05 16:00:00,0.2391,0.2424,0.2253,0.2375,30934426.0,FETUSDT
2023-06-05 20:00:00,0.2374,0.2427,0.2353,0.241,6909477.0,FETUSDT
2023-06-06 00:00:00,0.2412,0.2427,0.2373,0.2406,3621056.0,FETUSDT
2023-06-06 04:00:00,0.2406,0.2422,0.2389,0.2404,2979221.0,FETUSDT
2023-06-06 08:00:00,0.2404,0.2426,0.2381,0.2399,3764174.0,FETUSDT
2023-06-06 12:00:00,0.24,0.2445,0.2327,0.2433,14092923.0,FETUSDT
2023-06-06 16:00:00,0.2435,0.2518,0.2428,0.2497,9239664.0,FETUSDT
2023-06-06 20:00:00,0.2496,0.2513,0.2447,0.246,5939488.0,FETUSDT
2023-06-07 00:00:00,0.2459,0.2477,0.2386,0.2414,10401484.0,FETUSDT
2023-06-07 04:00:00,0.2414,0.2432,0.2368,0.2382,7005509.0,FETUSDT
2023-06-07 08:00:00,0.2382,0.2405,0.2315,0.2375,8871488.0,FETUSDT
2023-06-07 12:00:00,0.2376,0.2377,0.2288,0.2303,10341915.0,FETUSDT
2023-06-07 16:00:00,0.2301,0.231,0.2275,0.2305,7290000.0,FETUSDT
2023-06-07 20:00:00,0.2306,0.2306,0.2256,0.2288,4768787.0,FETUSDT
2023-06-08 00:00:00,0.2287,0.2291,0.2222,0.224,3971341.0,FETUSDT
2023-06-08 04:00:00,0.2241,0.2265,0.2218,0.2259,5117365.0,FETUSDT
2023-06-08 08:00:00,0.2258,0.2295,0.2247,0.2287,3995970.0,FETUSDT
2023-06-08 12:00:00,0.2288,0.2322,0.2273,0.2309,6192885.0,FETUSDT
2023-06-08 16:00:00,0.231,0.231,0.2258,0.2293,4106029.0,FETUSDT
2023-06-08 20:00:00,0.2293,0.2316,0.2276,0.2276,3432869.0,FETUSDT
2023-06-09 00:00:00,0.2276,0.2287,0.2235,0.2255,2903150.0,FETUSDT
2023-06-09 04:00:00,0.2254,0.2264,0.2215,0.2221,4006120.0,FETUSDT
2023-06-09 08:00:00,0.222,0.2282,0.222,0.2275,4245750.0,FETUSDT
2023-06-09 12:00:00,0.2275,0.23,0.2237,0.2249,5888449.0,FETUSDT
2023-06-09 16:00:00,0.2248,0.2259,0.2159,0.2167,7172665.0,FETUSDT
2023-06-09 20:00:00,0.2167,0.2207,0.2165,0.2191,4737286.0,FETUSDT
2023-06-10 00:00:00,0.2193,0.2197,0.2032,0.2042,13389327.0,FETUSDT
2023-06-10 04:00:00,0.2042,0.2059,0.1722,0.1856,41562207.0,FETUSDT
2023-06-10 08:00:00,0.1856,0.1926,0.1839,0.1899,14249807.0,FETUSDT
2023-06-10 12:00:00,0.1899,0.1899,0.1812,0.1817,9271051.0,FETUSDT
2023-06-10 16:00:00,0.1817,0.1903,0.1799,0.1869,10635556.0,FETUSDT
2023-06-10 20:00:00,0.1869,0.1895,0.1859,0.188,4127357.0,FETUSDT
2023-06-11 00:00:00,0.1881,0.1898,0.1818,0.1827,7020163.0,FETUSDT
2023-06-11 04:00:00,0.1828,0.1849,0.1806,0.1834,4806016.0,FETUSDT
2023-06-11 08:00:00,0.1834,0.1866,0.1825,0.1851,5007661.0,FETUSDT
2023-06-11 12:00:00,0.1852,0.1881,0.1791,0.1796,9242210.0,FETUSDT
2023-06-11 16:00:00,0.1797,0.1866,0.1797,0.1851,9050585.0,FETUSDT
2023-06-11 20:00:00,0.1851,0.1881,0.1802,0.183,7186883.0,FETUSDT
2023-06-12 00:00:00,0.1829,0.1829,0.1758,0.1794,7949495.0,FETUSDT
2023-06-12 04:00:00,0.1795,0.1835,0.1795,0.1809,3649296.0,FETUSDT
2023-06-12 08:00:00,0.1809,0.1898,0.1804,0.1884,10741364.0,FETUSDT
2023-06-12 12:00:00,0.1883,0.1883,0.1844,0.1853,6596013.0,FETUSDT
2023-06-12 16:00:00,0.1853,0.1865,0.1817,0.1838,7787301.0,FETUSDT
2023-06-12 20:00:00,0.1838,0.1874,0.1831,0.1852,4577109.0,FETUSDT
2023-06-13 00:00:00,0.1852,0.1886,0.1829,0.1883,4391395.0,FETUSDT
2023-06-13 04:00:00,0.1882,0.1927,0.1832,0.189,18215578.0,FETUSDT
2023-06-13 08:00:00,0.189,0.1945,0.1876,0.1908,11096643.0,FETUSDT
2023-06-13 12:00:00,0.1907,0.1946,0.1835,0.1844,16112288.0,FETUSDT
2023-06-13 16:00:00,0.1845,0.1884,0.1843,0.1866,5022807.0,FETUSDT
2023-06-13 20:00:00,0.1866,0.1897,0.1859,0.1896,3554234.0,FETUSDT
2023-06-14 00:00:00,0.1896,0.1919,0.1878,0.1906,3688027.0,FETUSDT
2023-06-14 04:00:00,0.1906,0.1907,0.1861,0.1867,3089616.0,FETUSDT
2023-06-14 08:00:00,0.1867,0.1905,0.1867,0.1897,3554287.0,FETUSDT
2023-06-14 12:00:00,0.1897,0.1913,0.1875,0.1899,4279599.0,FETUSDT
2023-06-14 16:00:00,0.1899,0.1931,0.1884,0.1896,7839390.0,FETUSDT
2023-06-14 20:00:00,0.1896,0.1897,0.1762,0.1798,13959364.0,FETUSDT
2023-06-15 00:00:00,0.1798,0.1847,0.1795,0.1817,3206714.0,FETUSDT
2023-06-15 04:00:00,0.1817,0.1824,0.1783,0.1801,3639403.0,FETUSDT
2023-06-15 08:00:00,0.18,0.1812,0.1757,0.1786,4616508.0,FETUSDT
2023-06-15 12:00:00,0.1787,0.179,0.1755,0.1773,6134741.0,FETUSDT
2023-06-15 16:00:00,0.1773,0.1856,0.1728,0.1838,10777211.0,FETUSDT
2023-06-15 20:00:00,0.1838,0.1887,0.1807,0.1822,11084140.0,FETUSDT
2023-06-16 00:00:00,0.1823,0.184,0.1804,0.184,3927287.0,FETUSDT
2023-06-16 04:00:00,0.184,0.1908,0.1815,0.1881,10057850.0,FETUSDT
2023-06-16 08:00:00,0.1882,0.1927,0.1835,0.1853,10473595.0,FETUSDT
2023-06-16 12:00:00,0.1853,0.1896,0.185,0.1883,8506741.0,FETUSDT
2023-06-16 16:00:00,0.1884,0.1955,0.1854,0.1915,15175848.0,FETUSDT
2023-06-16 20:00:00,0.1915,0.1926,0.1887,0.1906,4080128.0,FETUSDT
2023-06-17 00:00:00,0.1907,0.1922,0.1889,0.1914,2824446.0,FETUSDT
2023-06-17 04:00:00,0.1914,0.2002,0.191,0.1971,9248546.0,FETUSDT
2023-06-17 08:00:00,0.197,0.2007,0.1968,0.1986,6660913.0,FETUSDT
2023-06-17 12:00:00,0.1985,0.1994,0.1951,0.1959,5613357.0,FETUSDT
2023-06-17 16:00:00,0.1959,0.1992,0.1958,0.198,3427174.0,FETUSDT
2023-06-17 20:00:00,0.198,0.1987,0.1957,0.1976,3031190.0,FETUSDT
2023-06-18 00:00:00,0.1977,0.1977,0.1912,0.194,4958338.0,FETUSDT
2023-06-18 04:00:00,0.1941,0.1967,0.1929,0.1936,3777723.0,FETUSDT
2023-06-18 08:00:00,0.1937,0.1942,0.1914,0.1924,4135760.0,FETUSDT
2023-06-18 12:00:00,0.1924,0.1935,0.1903,0.1916,3674488.0,FETUSDT
2023-06-18 16:00:00,0.1916,0.1956,0.1915,0.1939,6025639.0,FETUSDT
2023-06-18 20:00:00,0.194,0.1941,0.1796,0.183,17862075.0,FETUSDT
2023-06-19 00:00:00,0.183,0.1838,0.181,0.182,4890839.0,FETUSDT
2023-06-19 04:00:00,0.182,0.184,0.1818,0.1833,4532165.0,FETUSDT
2023-06-19 08:00:00,0.1833,0.1869,0.1827,0.1857,9881075.0,FETUSDT
2023-06-19 12:00:00,0.1858,0.1876,0.1832,0.1854,4997478.0,FETUSDT
2023-06-19 16:00:00,0.1854,0.1932,0.1826,0.1892,11697878.0,FETUSDT
2023-06-19 20:00:00,0.1892,0.1912,0.188,0.1896,3362144.0,FETUSDT
2023-06-20 00:00:00,0.1897,0.1916,0.1873,0.1906,2869755.0,FETUSDT
2023-06-20 04:00:00,0.1906,0.1932,0.1888,0.1901,5501038.0,FETUSDT
2023-06-20 08:00:00,0.19,0.19,0.1863,0.1878,4947647.0,FETUSDT
2023-06-20 12:00:00,0.1879,0.188,0.1821,0.1858,6705723.0,FETUSDT
2023-06-20 16:00:00,0.1858,0.197,0.1853,0.1961,15767146.0,FETUSDT
2023-06-20 20:00:00,0.1962,0.1998,0.195,0.1997,8627050.0,FETUSDT
2023-06-21 00:00:00,0.1997,0.2077,0.1989,0.2042,10990552.0,FETUSDT
2023-06-21 04:00:00,0.2042,0.2053,0.2014,0.2026,7065899.0,FETUSDT
2023-06-21 08:00:00,0.2027,0.2138,0.2014,0.2126,21833292.0,FETUSDT
2023-06-21 12:00:00,0.2125,0.2169,0.2071,0.2133,19210721.0,FETUSDT
2023-06-21 16:00:00,0.2134,0.2269,0.2127,0.2225,22895672.0,FETUSDT
2023-06-21 20:00:00,0.2225,0.229,0.2189,0.222,14696394.0,FETUSDT
2023-06-22 00:00:00,0.222,0.2449,0.2217,0.2397,22615699.0,FETUSDT
2023-06-22 04:00:00,0.2397,0.2475,0.2351,0.2431,19878255.0,FETUSDT
2023-06-22 08:00:00,0.2431,0.2542,0.2311,0.2361,43766463.0,FETUSDT
2023-06-22 12:00:00,0.2361,0.2473,0.2324,0.2346,23668286.0,FETUSDT
2023-06-22 16:00:00,0.2346,0.242,0.233,0.237,14193621.0,FETUSDT
2023-06-22 20:00:00,0.2371,0.2372,0.2272,0.2286,9170437.0,FETUSDT
2023-06-23 00:00:00,0.2287,0.238,0.2286,0.2377,7862849.0,FETUSDT
2023-06-23 04:00:00,0.2378,0.245,0.234,0.2404,10622288.0,FETUSDT
2023-06-23 08:00:00,0.2404,0.241,0.2321,0.2408,11667593.0,FETUSDT
2023-06-23 12:00:00,0.2409,0.2484,0.2333,0.247,18484446.0,FETUSDT
2023-06-23 16:00:00,0.247,0.2492,0.236,0.2393,19352572.0,FETUSDT
2023-06-23 20:00:00,0.2393,0.2421,0.234,0.2381,6340542.0,FETUSDT
2023-06-24 00:00:00,0.2381,0.2384,0.2316,0.2367,6062057.0,FETUSDT
2023-06-24 04:00:00,0.2367,0.2393,0.2353,0.2358,4803729.0,FETUSDT
2023-06-24 08:00:00,0.2356,0.2405,0.2355,0.2368,4650046.0,FETUSDT
2023-06-24 12:00:00,0.2367,0.24,0.2223,0.2258,11916518.0,FETUSDT
2023-06-24 16:00:00,0.2257,0.2319,0.2211,0.2295,10565896.0,FETUSDT
2023-06-24 20:00:00,0.2294,0.2298,0.2255,0.2298,4174649.0,FETUSDT
2023-06-25 00:00:00,0.2299,0.2358,0.2253,0.2352,4740722.0,FETUSDT
2023-06-25 04:00:00,0.2353,0.24,0.2326,0.2377,6371082.0,FETUSDT
2023-06-25 08:00:00,0.2375,0.2377,0.2325,0.234,4839949.0,FETUSDT
2023-06-25 12:00:00,0.2339,0.2342,0.2267,0.23,8630114.0,FETUSDT
2023-06-25 16:00:00,0.23,0.2316,0.2268,0.2289,5627926.0,FETUSDT
2023-06-25 20:00:00,0.2289,0.2312,0.2261,0.2275,4013351.0,FETUSDT
2023-06-26 00:00:00,0.2274,0.2286,0.2204,0.2248,7191710.0,FETUSDT
2023-06-26 04:00:00,0.2248,0.2322,0.2224,0.2297,6164863.0,FETUSDT
2023-06-26 08:00:00,0.2297,0.2331,0.2263,0.2278,7888511.0,FETUSDT
2023-06-26 12:00:00,0.2279,0.2327,0.2252,0.2282,9065876.0,FETUSDT
2023-06-26 16:00:00,0.228,0.2283,0.2201,0.224,10279798.0,FETUSDT
2023-06-26 20:00:00,0.2239,0.2239,0.2152,0.2201,7485694.0,FETUSDT
2023-06-27 00:00:00,0.2201,0.2276,0.2188,0.2265,4775644.0,FETUSDT
2023-06-27 04:00:00,0.2266,0.228,0.2217,0.2259,5919913.0,FETUSDT
2023-06-27 08:00:00,0.226,0.234,0.2247,0.2312,17526625.0,FETUSDT
2023-06-27 12:00:00,0.2312,0.2373,0.2292,0.2324,22530920.0,FETUSDT
2023-06-27 16:00:00,0.2324,0.2376,0.2304,0.2333,10098653.0,FETUSDT
2023-06-27 20:00:00,0.2333,0.2378,0.2301,0.234,10405630.0,FETUSDT
2023-06-28 00:00:00,0.2341,0.2349,0.2233,0.2285,9422388.0,FETUSDT
2023-06-28 04:00:00,0.2285,0.2297,0.2163,0.2205,12252039.0,FETUSDT
2023-06-28 08:00:00,0.2203,0.2232,0.2191,0.2202,6561871.0,FETUSDT
2023-06-28 12:00:00,0.2203,0.2256,0.2165,0.2247,9647984.0,FETUSDT
2023-06-28 16:00:00,0.2246,0.2253,0.205,0.2133,10153844.0,FETUSDT
2023-06-28 20:00:00,0.2133,0.2157,0.211,0.2142,5042231.0,FETUSDT
2023-06-29 00:00:00,0.2143,0.2177,0.2139,0.2164,2334394.0,FETUSDT
2023-06-29 04:00:00,0.2164,0.2214,0.2156,0.2202,2977389.0,FETUSDT
2023-06-29 08:00:00,0.2204,0.2239,0.2174,0.2236,6882042.0,FETUSDT
2023-06-29 12:00:00,0.2237,0.225,0.2185,0.2188,6672204.0,FETUSDT
2023-06-29 16:00:00,0.2189,0.2204,0.2164,0.2199,5528381.0,FETUSDT
2023-06-29 20:00:00,0.22,0.2207,0.2162,0.2182,3614875.0,FETUSDT
2023-06-30 00:00:00,0.218,0.2272,0.2138,0.2268,8491358.0,FETUSDT
2023-06-30 04:00:00,0.2269,0.2314,0.2236,0.2261,10577231.0,FETUSDT
2023-06-30 08:00:00,0.2261,0.2315,0.2255,0.2282,13230244.0,FETUSDT
2023-06-30 12:00:00,0.2281,0.2308,0.2051,0.2159,30121287.0,FETUSDT
2023-06-30 16:00:00,0.216,0.2306,0.2141,0.2243,15919534.0,FETUSDT
2023-06-30 20:00:00,0.2244,0.2288,0.224,0.2272,4703904.0,FETUSDT
2023-07-01 00:00:00,0.2271,0.2293,0.2247,0.2263,5067075.0,FETUSDT
2023-07-01 04:00:00,0.2264,0.2299,0.2221,0.2298,4818505.0,FETUSDT
2023-07-01 08:00:00,0.2299,0.2349,0.2274,0.2344,13345117.0,FETUSDT
2023-07-01 12:00:00,0.2345,0.2413,0.2331,0.237,27326698.0,FETUSDT
2023-07-01 16:00:00,0.237,0.2382,0.2317,0.2342,8112974.0,FETUSDT
2023-07-01 20:00:00,0.2342,0.2367,0.2323,0.2366,4908895.0,FETUSDT
2023-07-02 00:00:00,0.2366,0.2379,0.2278,0.2288,8134916.0,FETUSDT
2023-07-02 04:00:00,0.2287,0.2368,0.2281,0.2359,5560187.0,FETUSDT
2023-07-02 08:00:00,0.236,0.2364,0.2323,0.2346,5649709.0,FETUSDT
2023-07-02 12:00:00,0.2345,0.2347,0.2255,0.2309,10214814.0,FETUSDT
2023-07-02 16:00:00,0.2309,0.2354,0.2292,0.2323,6890427.0,FETUSDT
2023-07-02 20:00:00,0.2322,0.2385,0.232,0.2359,6511785.0,FETUSDT
2023-07-03 00:00:00,0.2359,0.2437,0.2359,0.2427,6704034.0,FETUSDT
2023-07-03 04:00:00,0.2427,0.2444,0.2389,0.2423,8429984.0,FETUSDT
2023-07-03 08:00:00,0.2423,0.251,0.2414,0.2453,18347373.0,FETUSDT
2023-07-03 12:00:00,0.2453,0.2478,0.2429,0.2461,8872936.0,FETUSDT
2023-07-03 16:00:00,0.2463,0.2472,0.242,0.2462,6801547.0,FETUSDT
2023-07-03 20:00:00,0.2462,0.249,0.2432,0.2453,7147367.0,FETUSDT
2023-07-04 00:00:00,0.2452,0.2494,0.2393,0.245,9787091.0,FETUSDT
2023-07-04 04:00:00,0.2451,0.2451,0.2377,0.2387,8199932.0,FETUSDT
2023-07-04 08:00:00,0.2387,0.2409,0.2366,0.2402,7194220.0,FETUSDT
2023-07-04 12:00:00,0.2403,0.2434,0.2389,0.24,9207999.0,FETUSDT
2023-07-04 16:00:00,0.24,0.2452,0.2338,0.2366,14950217.0,FETUSDT
2023-07-04 20:00:00,0.2366,0.2411,0.2362,0.2386,3512668.0,FETUSDT
2023-07-05 00:00:00,0.2387,0.2429,0.2376,0.2423,3883176.0,FETUSDT
2023-07-05 04:00:00,0.2426,0.2427,0.2396,0.2406,3676753.0,FETUSDT
2023-07-05 08:00:00,0.2406,0.2407,0.2268,0.2286,11857434.0,FETUSDT
2023-07-05 12:00:00,0.2286,0.2298,0.2228,0.2244,9666093.0,FETUSDT
2023-07-05 16:00:00,0.2243,0.2278,0.2236,0.2253,5340290.0,FETUSDT
2023-07-05 20:00:00,0.2254,0.2274,0.2235,0.2263,3143495.0,FETUSDT
2023-07-06 00:00:00,0.2264,0.2276,0.2232,0.2271,3785988.0,FETUSDT
2023-07-06 04:00:00,0.2271,0.232,0.2248,0.2306,3625943.0,FETUSDT
2023-07-06 08:00:00,0.2305,0.2366,0.2282,0.2298,8687970.0,FETUSDT
2023-07-06 12:00:00,0.2297,0.2304,0.2145,0.222,18218168.0,FETUSDT
2023-07-06 16:00:00,0.2219,0.2238,0.2174,0.2185,7867870.0,FETUSDT
2023-07-06 20:00:00,0.2183,0.2194,0.2126,0.2132,4772730.0,FETUSDT
2023-07-07 00:00:00,0.2129,0.2167,0.2105,0.2164,3617954.0,FETUSDT
2023-07-07 04:00:00,0.2163,0.2164,0.2124,0.2148,4948553.0,FETUSDT
2023-07-07 08:00:00,0.2147,0.2189,0.2136,0.2176,4501745.0,FETUSDT
2023-07-07 12:00:00,0.2176,0.2212,0.215,0.2205,7440740.0,FETUSDT
2023-07-07 16:00:00,0.2204,0.223,0.2177,0.2197,5507020.0,FETUSDT
2023-07-07 20:00:00,0.2197,0.2241,0.2192,0.2234,6907175.0,FETUSDT
2023-07-08 00:00:00,0.2233,0.226,0.2217,0.2221,3811237.0,FETUSDT
2023-07-08 04:00:00,0.2222,0.2241,0.2191,0.2198,3304518.0,FETUSDT
2023-07-08 08:00:00,0.2198,0.222,0.2175,0.2196,4347496.0,FETUSDT
2023-07-08 12:00:00,0.2195,0.2212,0.219,0.2197,3500402.0,FETUSDT
2023-07-08 16:00:00,0.2198,0.2206,0.2159,0.2164,4764142.0,FETUSDT
2023-07-08 20:00:00,0.2165,0.2194,0.2148,0.2193,2758818.0,FETUSDT
2023-07-09 00:00:00,0.2193,0.221,0.2171,0.2189,2399229.0,FETUSDT
2023-07-09 04:00:00,0.2188,0.2196,0.2176,0.219,2873759.0,FETUSDT
2023-07-09 08:00:00,0.2189,0.22,0.2167,0.2179,2549195.0,FETUSDT
2023-07-09 12:00:00,0.2178,0.2195,0.2164,0.2187,2933620.0,FETUSDT
2023-07-09 16:00:00,0.2186,0.2198,0.2174,0.2176,1932231.0,FETUSDT
2023-07-09 20:00:00,0.2177,0.2191,0.2161,0.2171,2788886.0,FETUSDT
2023-07-10 00:00:00,0.2172,0.2172,0.2107,0.2123,6745869.0,FETUSDT
2023-07-10 04:00:00,0.2125,0.2145,0.2113,0.2127,2927969.0,FETUSDT
2023-07-10 08:00:00,0.2128,0.2133,0.2085,0.2124,8197304.0,FETUSDT
2023-07-10 12:00:00,0.2125,0.2138,0.2114,0.2128,4261838.0,FETUSDT
2023-07-10 16:00:00,0.2129,0.2182,0.2109,0.218,5245686.0,FETUSDT
2023-07-10 20:00:00,0.218,0.2189,0.2134,0.2152,5034023.0,FETUSDT
2023-07-11 00:00:00,0.2152,0.2167,0.213,0.2156,2314006.0,FETUSDT
2023-07-11 04:00:00,0.2156,0.2184,0.2152,0.2178,2518989.0,FETUSDT
2023-07-11 08:00:00,0.2178,0.219,0.2149,0.2161,3736204.0,FETUSDT
2023-07-11 12:00:00,0.2159,0.2169,0.2132,0.2148,3060677.0,FETUSDT
2023-07-11 16:00:00,0.2149,0.2171,0.2112,0.2129,6981506.0,FETUSDT
2023-07-11 20:00:00,0.213,0.2141,0.2118,0.2138,2625955.0,FETUSDT
2023-07-12 00:00:00,0.2139,0.2142,0.2113,0.213,2587479.0,FETUSDT
2023-07-12 04:00:00,0.213,0.2157,0.2108,0.2146,3013117.0,FETUSDT
2023-07-12 08:00:00,0.2147,0.2153,0.213,0.2146,3224829.0,FETUSDT
2023-07-12 12:00:00,0.2145,0.2167,0.2118,0.213,6878562.0,FETUSDT
2023-07-12 16:00:00,0.2129,0.2214,0.21,0.2134,25213317.0,FETUSDT
2023-07-12 20:00:00,0.2132,0.2211,0.2115,0.2195,6710092.0,FETUSDT
2023-07-13 00:00:00,0.2194,0.2221,0.216,0.2167,6653216.0,FETUSDT
2023-07-13 04:00:00,0.2167,0.2226,0.2151,0.2205,6942470.0,FETUSDT
2023-07-13 08:00:00,0.2206,0.2321,0.2199,0.2307,19798366.0,FETUSDT
2023-07-13 12:00:00,0.2308,0.2325,0.2255,0.2299,22925441.0,FETUSDT
2023-07-13 16:00:00,0.2299,0.2373,0.2282,0.2321,22487346.0,FETUSDT
2023-07-13 20:00:00,0.2322,0.235,0.2292,0.2333,8439436.0,FETUSDT
2023-07-14 00:00:00,0.2334,0.2383,0.2329,0.2347,7654490.0,FETUSDT
2023-07-14 04:00:00,0.235,0.2392,0.233,0.2336,8479305.0,FETUSDT
2023-07-14 08:00:00,0.2335,0.2363,0.2316,0.2345,5997198.0,FETUSDT
2023-07-14 12:00:00,0.2344,0.2526,0.2319,0.2492,24646110.0,FETUSDT
2023-07-14 16:00:00,0.2494,0.2559,0.2247,0.2302,36908229.0,FETUSDT
2023-07-14 20:00:00,0.2302,0.2379,0.228,0.2374,10942851.0,FETUSDT
2023-07-15 00:00:00,0.2373,0.2376,0.2307,0.2318,4528650.0,FETUSDT
2023-07-15 04:00:00,0.2317,0.2417,0.2315,0.2416,6495785.0,FETUSDT
2023-07-15 08:00:00,0.2416,0.2461,0.2386,0.2446,11693548.0,FETUSDT
2023-07-15 12:00:00,0.2446,0.2465,0.236,0.2383,9471660.0,FETUSDT
2023-07-15 16:00:00,0.2383,0.2444,0.2361,0.2431,8292102.0,FETUSDT
2023-07-15 20:00:00,0.243,0.2443,0.2384,0.2414,4307739.0,FETUSDT
2023-07-16 00:00:00,0.2415,0.2449,0.2369,0.2379,6556042.0,FETUSDT
2023-07-16 04:00:00,0.2379,0.2466,0.2375,0.2438,8600107.0,FETUSDT
2023-07-16 08:00:00,0.2436,0.2464,0.2386,0.2399,7718965.0,FETUSDT
2023-07-16 12:00:00,0.2399,0.2462,0.2392,0.2445,6357312.0,FETUSDT
2023-07-16 16:00:00,0.2445,0.2485,0.2383,0.2394,10631353.0,FETUSDT
2023-07-16 20:00:00,0.2395,0.2405,0.2341,0.2358,5703791.0,FETUSDT
2023-07-17 00:00:00,0.2355,0.2404,0.2337,0.2402,5022059.0,FETUSDT
2023-07-17 04:00:00,0.2402,0.2463,0.2388,0.2411,8549525.0,FETUSDT
2023-07-17 08:00:00,0.2411,0.2424,0.2302,0.2347,13671232.0,FETUSDT
2023-07-17 12:00:00,0.2347,0.2376,0.2311,0.2348,8413165.0,FETUSDT
2023-07-17 16:00:00,0.2349,0.2372,0.2282,0.2329,10815642.0,FETUSDT
2023-07-17 20:00:00,0.2327,0.2378,0.2319,0.236,3906557.0,FETUSDT
2023-07-18 00:00:00,0.2362,0.239,0.2348,0.2349,3655216.0,FETUSDT
2023-07-18 04:00:00,0.235,0.2359,0.229,0.2312,4371181.0,FETUSDT
2023-07-18 08:00:00,0.2311,0.2329,0.2267,0.2269,5581176.0,FETUSDT
2023-07-18 12:00:00,0.2269,0.2282,0.2249,0.2272,6347734.0,FETUSDT
2023-07-18 16:00:00,0.227,0.2287,0.2207,0.2237,8694373.0,FETUSDT
2023-07-18 20:00:00,0.2236,0.2259,0.2227,0.2254,3006323.0,FETUSDT
2023-07-19 00:00:00,0.2253,0.23,0.2241,0.2296,4169705.0,FETUSDT
2023-07-19 04:00:00,0.2296,0.2307,0.2274,0.2285,3835199.0,FETUSDT
2023-07-19 08:00:00,0.2285,0.2288,0.2248,0.2285,4754326.0,FETUSDT
2023-07-19 12:00:00,0.2285,0.2294,0.2234,0.2268,7406833.0,FETUSDT
2023-07-19 16:00:00,0.2268,0.2314,0.2243,0.228,9807685.0,FETUSDT
2023-07-19 20:00:00,0.2281,0.2283,0.224,0.2248,3079977.0,FETUSDT
2023-07-20 00:00:00,0.2249,0.2273,0.2234,0.2256,2945921.0,FETUSDT
2023-07-20 04:00:00,0.2257,0.2284,0.2246,0.2281,3068759.0,FETUSDT
2023-07-20 08:00:00,0.2282,0.2317,0.2276,0.2298,7210786.0,FETUSDT
2023-07-20 12:00:00,0.2298,0.2309,0.2224,0.2244,7890717.0,FETUSDT
2023-07-20 16:00:00,0.2243,0.2252,0.2203,0.2231,5862456.0,FETUSDT
2023-07-20 20:00:00,0.2231,0.2234,0.2187,0.2228,4709505.0,FETUSDT
2023-07-21 00:00:00,0.2225,0.2262,0.2202,0.2254,3686912.0,FETUSDT
2023-07-21 04:00:00,0.2255,0.2256,0.2221,0.2223,2610580.0,FETUSDT
2023-07-21 08:00:00,0.2223,0.2242,0.2219,0.2235,2831911.0,FETUSDT
2023-07-21 12:00:00,0.2235,0.2255,0.2226,0.2243,3688741.0,FETUSDT
2023-07-21 16:00:00,0.2242,0.2265,0.2227,0.2247,3667934.0,FETUSDT
2023-07-21 20:00:00,0.2249,0.2256,0.224,0.225,1926012.0,FETUSDT
2023-07-22 00:00:00,0.2249,0.2267,0.2243,0.2257,3091582.0,FETUSDT
2023-07-22 04:00:00,0.2257,0.2273,0.2245,0.226,2612217.0,FETUSDT
2023-07-22 08:00:00,0.2261,0.2266,0.2231,0.224,3323524.0,FETUSDT
2023-07-22 12:00:00,0.224,0.2252,0.2236,0.2248,2037514.0,FETUSDT
2023-07-22 16:00:00,0.2247,0.2253,0.2222,0.224,2808853.0,FETUSDT
2023-07-22 20:00:00,0.224,0.2245,0.2173,0.2197,5872964.0,FETUSDT
2023-07-23 00:00:00,0.2199,0.2221,0.2174,0.2219,2299318.0,FETUSDT
2023-07-23 04:00:00,0.2221,0.2239,0.221,0.2216,2706724.0,FETUSDT
2023-07-23 08:00:00,0.2216,0.2221,0.2198,0.2216,2434154.0,FETUSDT
2023-07-23 12:00:00,0.2216,0.2224,0.2203,0.2218,2302642.0,FETUSDT
2023-07-23 16:00:00,0.222,0.2257,0.2219,0.2234,5900313.0,FETUSDT
2023-07-23 20:00:00,0.2234,0.2246,0.222,0.2236,2607368.0,FETUSDT
2023-07-24 00:00:00,0.2235,0.2242,0.2202,0.2207,3299029.0,FETUSDT
2023-07-24 04:00:00,0.2207,0.225,0.2191,0.2248,4342622.0,FETUSDT
2023-07-24 08:00:00,0.2248,0.2261,0.2113,0.2137,16594715.0,FETUSDT
2023-07-24 12:00:00,0.2136,0.2144,0.2083,0.2104,9683750.0,FETUSDT
2023-07-24 16:00:00,0.2103,0.2114,0.2086,0.21,3943315.0,FETUSDT
2023-07-24 20:00:00,0.21,0.2124,0.2094,0.2123,2520917.0,FETUSDT
2023-07-25 00:00:00,0.2123,0.2136,0.2105,0.2112,2356611.0,FETUSDT
2023-07-25 04:00:00,0.2112,0.2116,0.208,0.209,3435509.0,FETUSDT
2023-07-25 08:00:00,0.2091,0.2116,0.2075,0.2108,3165285.0,FETUSDT
2023-07-25 12:00:00,0.2108,0.2114,0.2087,0.2101,4319153.0,FETUSDT
2023-07-25 16:00:00,0.2101,0.2118,0.2083,0.2085,2504264.0,FETUSDT
2023-07-25 20:00:00,0.2085,0.2103,0.2077,0.2098,2194046.0,FETUSDT
2023-07-26 00:00:00,0.2099,0.2108,0.2045,0.2092,4040524.0,FETUSDT
2023-07-26 04:00:00,0.2091,0.2109,0.208,0.2096,2791098.0,FETUSDT
2023-07-26 08:00:00,0.2097,0.2101,0.2076,0.2087,3287379.0,FETUSDT
2023-07-26 12:00:00,0.2085,0.2123,0.2084,0.212,3354064.0,FETUSDT
2023-07-26 16:00:00,0.2121,0.2147,0.2088,0.2131,5763732.0,FETUSDT
2023-07-26 20:00:00,0.2132,0.2149,0.2112,0.2118,3155267.0,FETUSDT
2023-07-27 00:00:00,0.2118,0.215,0.2098,0.2142,2471028.0,FETUSDT
2023-07-27 04:00:00,0.2142,0.2172,0.2141,0.2147,3874777.0,FETUSDT
2023-07-27 08:00:00,0.2146,0.2179,0.2144,0.2161,4969168.0,FETUSDT
2023-07-27 12:00:00,0.2161,0.2168,0.2129,0.2139,4658787.0,FETUSDT
2023-07-27 16:00:00,0.2138,0.2155,0.2119,0.2133,3218937.0,FETUSDT
2023-07-27 20:00:00,0.2133,0.2147,0.2123,0.2147,2010065.0,FETUSDT
2023-07-28 00:00:00,0.2147,0.216,0.2141,0.2145,2026738.0,FETUSDT
2023-07-28 04:00:00,0.2146,0.2149,0.2129,0.2134,2845122.0,FETUSDT
2023-07-28 08:00:00,0.2134,0.2155,0.2125,0.2142,3566606.0,FETUSDT
2023-07-28 12:00:00,0.2141,0.2174,0.2141,0.2158,4613136.0,FETUSDT
2023-07-28 16:00:00,0.2157,0.2165,0.2145,0.2158,2469185.0,FETUSDT
2023-07-28 20:00:00,0.2159,0.217,0.2158,0.2159,1909584.0,FETUSDT
2023-07-29 00:00:00,0.2159,0.2181,0.2154,0.2172,3207906.0,FETUSDT
2023-07-29 04:00:00,0.2171,0.2177,0.2163,0.2168,1323330.0,FETUSDT
2023-07-29 08:00:00,0.2167,0.2167,0.2145,0.215,2795063.0,FETUSDT
2023-07-29 12:00:00,0.215,0.2158,0.2145,0.2147,2901870.0,FETUSDT
2023-07-29 16:00:00,0.2146,0.2153,0.2139,0.2145,1802533.0,FETUSDT
2023-07-29 20:00:00,0.2145,0.2154,0.214,0.2149,1988547.0,FETUSDT
2023-07-30 00:00:00,0.2149,0.215,0.2129,0.2136,1981436.0,FETUSDT
2023-07-30 04:00:00,0.2135,0.214,0.2124,0.2128,1297048.0,FETUSDT
2023-07-30 08:00:00,0.2128,0.213,0.2115,0.2121,2189569.0,FETUSDT
2023-07-30 12:00:00,0.2122,0.2122,0.2102,0.211,3019956.0,FETUSDT
2023-07-30 16:00:00,0.211,0.2124,0.2065,0.2076,5011285.0,FETUSDT
2023-07-30 20:00:00,0.2075,0.2103,0.2034,0.21,5998662.0,FETUSDT
2023-07-31 00:00:00,0.21,0.2123,0.2091,0.2117,2199161.0,FETUSDT
2023-07-31 04:00:00,0.2116,0.2117,0.2089,0.2099,3286907.0,FETUSDT
2023-07-31 08:00:00,0.21,0.2113,0.2096,0.2109,2791131.0,FETUSDT
2023-07-31 12:00:00,0.211,0.2114,0.2075,0.208,5607271.0,FETUSDT
2023-07-31 16:00:00,0.208,0.2097,0.2069,0.2078,3525906.0,FETUSDT
2023-07-31 20:00:00,0.2077,0.2084,0.2063,0.2079,2877259.0,FETUSDT
2023-08-01 00:00:00,0.2078,0.2086,0.2002,0.2015,13920931.0,FETUSDT
2023-08-01 04:00:00,0.2014,0.2038,0.2011,0.2029,19059435.0,FETUSDT
2023-08-01 08:00:00,0.2029,0.2048,0.2028,0.2035,3238684.0,FETUSDT
2023-08-01 12:00:00,0.2036,0.2056,0.2019,0.2053,4502408.0,FETUSDT
2023-08-01 16:00:00,0.2053,0.2076,0.2048,0.2071,2963355.0,FETUSDT
2023-08-01 20:00:00,0.2072,0.2109,0.2062,0.2105,3604870.0,FETUSDT
2023-08-02 00:00:00,0.2107,0.2147,0.2097,0.2109,16149733.0,FETUSDT
2023-08-02 04:00:00,0.2109,0.2111,0.2077,0.2082,16986671.0,FETUSDT
2023-08-02 08:00:00,0.2081,0.2095,0.2073,0.2094,2593103.0,FETUSDT
2023-08-02 12:00:00,0.2094,0.2096,0.2065,0.2084,4825431.0,FETUSDT
2023-08-02 16:00:00,0.2083,0.2083,0.2032,0.2055,5250793.0,FETUSDT
2023-08-02 20:00:00,0.2054,0.2056,0.2038,0.2041,2111945.0,FETUSDT
2023-08-03 00:00:00,0.204,0.2062,0.2029,0.2045,10965720.0,FETUSDT
2023-08-03 04:00:00,0.2045,0.2046,0.2026,0.2029,2424740.0,FETUSDT
2023-08-03 08:00:00,0.203,0.2042,0.2018,0.2041,3078036.0,FETUSDT
2023-08-03 12:00:00,0.2041,0.2053,0.2022,0.2038,2869080.0,FETUSDT
2023-08-03 16:00:00,0.2039,0.2055,0.2032,0.2038,1802784.0,FETUSDT
2023-08-03 20:00:00,0.2038,0.2049,0.2,0.2016,4126680.0,FETUSDT
2023-08-04 00:00:00,0.2016,0.2027,0.2002,0.2016,8302988.0,FETUSDT
2023-08-04 04:00:00,0.2016,0.2021,0.1993,0.2007,3033951.0,FETUSDT
2023-08-04 08:00:00,0.2006,0.2021,0.2004,0.2015,2347856.0,FETUSDT
2023-08-04 12:00:00,0.2014,0.2035,0.2006,0.2021,2946660.0,FETUSDT
2023-08-04 16:00:00,0.2021,0.2027,0.1975,0.199,4004797.0,FETUSDT
2023-08-04 20:00:00,0.199,0.2,0.1964,0.1981,3476592.0,FETUSDT
2023-08-05 00:00:00,0.1981,0.1982,0.1946,0.1956,3232549.0,FETUSDT
2023-08-05 04:00:00,0.1958,0.1958,0.1923,0.1924,2555960.0,FETUSDT
2023-08-05 08:00:00,0.1924,0.1939,0.1917,0.1927,3928396.0,FETUSDT
2023-08-05 12:00:00,0.1926,0.1941,0.192,0.1941,3277090.0,FETUSDT
2023-08-05 16:00:00,0.194,0.1953,0.1936,0.1943,2615497.0,FETUSDT
2023-08-05 20:00:00,0.1944,0.1949,0.1938,0.1942,1873272.0,FETUSDT
2023-08-06 00:00:00,0.1943,0.1979,0.1938,0.1975,2599972.0,FETUSDT
2023-08-06 04:00:00,0.1975,0.1993,0.1973,0.1992,2558447.0,FETUSDT
2023-08-06 08:00:00,0.1991,0.2001,0.1982,0.1995,2936295.0,FETUSDT
2023-08-06 12:00:00,0.1995,0.2,0.1973,0.1983,2784083.0,FETUSDT
2023-08-06 16:00:00,0.1983,0.1989,0.1972,0.1977,2663721.0,FETUSDT
2023-08-06 20:00:00,0.1977,0.1983,0.1958,0.197,3473532.0,FETUSDT
2023-08-07 00:00:00,0.197,0.1996,0.1962,0.1995,2521338.0,FETUSDT
2023-08-07 04:00:00,0.1995,0.2002,0.1974,0.1986,3980243.0,FETUSDT
2023-08-07 08:00:00,0.1986,0.1999,0.1974,0.1992,2080708.0,FETUSDT
2023-08-07 12:00:00,0.1992,0.1996,0.1936,0.1944,6277685.0,FETUSDT
2023-08-07 16:00:00,0.1943,0.1958,0.1903,0.1945,6875247.0,FETUSDT
2023-08-07 20:00:00,0.1946,0.1958,0.1939,0.1954,1675851.0,FETUSDT
2023-08-08 00:00:00,0.1955,0.1959,0.1935,0.1943,1503985.0,FETUSDT
2023-08-08 04:00:00,0.1942,0.1956,0.1931,0.1936,9222640.0,FETUSDT
2023-08-08 08:00:00,0.1937,0.1962,0.193,0.1962,3241968.0,FETUSDT
2023-08-08 12:00:00,0.1962,0.1983,0.1951,0.1971,4385727.0,FETUSDT
2023-08-08 16:00:00,0.197,0.2012,0.1966,0.1998,8486404.0,FETUSDT
2023-08-08 20:00:00,0.2,0.202,0.1995,0.2003,3742326.0,FETUSDT
2023-08-09 00:00:00,0.2004,0.2024,0.1997,0.1998,2971101.0,FETUSDT
2023-08-09 04:00:00,0.1998,0.2001,0.1982,0.1997,4000684.0,FETUSDT
2023-08-09 08:00:00,0.1997,0.2005,0.1989,0.1995,1652841.0,FETUSDT
2023-08-09 12:00:00,0.1996,0.2035,0.1986,0.1992,6592779.0,FETUSDT
2023-08-09 16:00:00,0.1991,0.1996,0.1967,0.1971,2824315.0,FETUSDT
2023-08-09 20:00:00,0.1971,0.1989,0.1956,0.1988,2410449.0,FETUSDT
2023-08-10 00:00:00,0.1989,0.2001,0.1984,0.1985,998788.0,FETUSDT
2023-08-10 04:00:00,0.1986,0.1988,0.1973,0.1977,1404212.0,FETUSDT
2023-08-10 08:00:00,0.1977,0.1985,0.1961,0.1975,3242722.0,FETUSDT
2023-08-10 12:00:00,0.1974,0.204,0.1973,0.2019,7095152.0,FETUSDT
2023-08-10 16:00:00,0.2019,0.2025,0.1991,0.1996,2477906.0,FETUSDT
2023-08-10 20:00:00,0.1996,0.2011,0.1995,0.2009,1166929.0,FETUSDT
2023-08-11 00:00:00,0.201,0.2024,0.1997,0.2015,1547219.0,FETUSDT
2023-08-11 04:00:00,0.2015,0.2037,0.2015,0.2022,1857968.0,FETUSDT
2023-08-11 08:00:00,0.2022,0.2023,0.2008,0.2015,1397854.0,FETUSDT
2023-08-11 12:00:00,0.2016,0.2029,0.2007,0.2018,2570870.0,FETUSDT
2023-08-11 16:00:00,0.2019,0.2026,0.2008,0.2015,1376441.0,FETUSDT
2023-08-11 20:00:00,0.2015,0.2025,0.2011,0.2024,907128.0,FETUSDT
2023-08-12 00:00:00,0.2024,0.203,0.2016,0.2018,842200.0,FETUSDT
2023-08-12 04:00:00,0.2018,0.2024,0.2014,0.2018,987094.0,FETUSDT
2023-08-12 08:00:00,0.2019,0.2025,0.2015,0.2022,1204700.0,FETUSDT
2023-08-12 12:00:00,0.2023,0.2034,0.2019,0.2021,3694119.0,FETUSDT
2023-08-12 16:00:00,0.2022,0.2024,0.1995,0.1996,2345666.0,FETUSDT
2023-08-12 20:00:00,0.1995,0.2008,0.1995,0.2005,1262555.0,FETUSDT
2023-08-13 00:00:00,0.2004,0.2012,0.1995,0.2007,1188976.0,FETUSDT
2023-08-13 04:00:00,0.2006,0.2019,0.1996,0.2018,1647495.0,FETUSDT
2023-08-13 08:00:00,0.2018,0.2025,0.2013,0.2016,1714848.0,FETUSDT
2023-08-13 12:00:00,0.2018,0.2055,0.2018,0.2038,5609964.0,FETUSDT
2023-08-13 16:00:00,0.2037,0.216,0.2029,0.2157,15100769.0,FETUSDT
2023-08-13 20:00:00,0.2157,0.2224,0.2106,0.2189,37094856.0,FETUSDT
2023-08-14 00:00:00,0.2189,0.2202,0.2121,0.2199,16199998.0,FETUSDT
2023-08-14 04:00:00,0.2199,0.2243,0.2152,0.2159,21508939.0,FETUSDT
2023-08-14 08:00:00,0.216,0.2222,0.2143,0.2203,15550199.0,FETUSDT
2023-08-14 12:00:00,0.2204,0.2347,0.2191,0.2297,53142419.0,FETUSDT
2023-08-14 16:00:00,0.2296,0.2315,0.2166,0.2184,28979526.0,FETUSDT
2023-08-14 20:00:00,0.2184,0.2219,0.2173,0.22,7855184.0,FETUSDT
2023-08-15 00:00:00,0.22,0.222,0.2161,0.217,9274152.0,FETUSDT
2023-08-15 04:00:00,0.217,0.219,0.2146,0.2181,6401959.0,FETUSDT
2023-08-15 08:00:00,0.2181,0.2208,0.2158,0.2159,6975420.0,FETUSDT
2023-08-15 12:00:00,0.2158,0.2177,0.2112,0.2112,10015773.0,FETUSDT
2023-08-15 16:00:00,0.2113,0.2122,0.1902,0.2018,24595718.0,FETUSDT
2023-08-15 20:00:00,0.2017,0.2046,0.2008,0.203,5979860.0,FETUSDT
2023-08-16 00:00:00,0.2029,0.2044,0.2023,0.2034,3623225.0,FETUSDT
2023-08-16 04:00:00,0.2034,0.2056,0.2007,0.2043,5774113.0,FETUSDT
2023-08-16 08:00:00,0.2042,0.2054,0.1998,0.2025,7135146.0,FETUSDT
2023-08-16 12:00:00,0.2024,0.2029,0.1975,0.1995,10366342.0,FETUSDT
2023-08-16 16:00:00,0.1994,0.2029,0.198,0.1999,5914915.0,FETUSDT
2023-08-16 20:00:00,0.1999,0.2009,0.1917,0.1962,15867563.0,FETUSDT
2023-08-17 00:00:00,0.1962,0.2008,0.1916,0.2006,6587375.0,FETUSDT
2023-08-17 04:00:00,0.2006,0.2013,0.1982,0.1983,4216619.0,FETUSDT
2023-08-17 08:00:00,0.1982,0.1995,0.1962,0.1967,3930567.0,FETUSDT
2023-08-17 12:00:00,0.1968,0.1981,0.1885,0.1895,14720168.0,FETUSDT
2023-08-17 16:00:00,0.1894,0.195,0.1881,0.1945,7148399.0,FETUSDT
2023-08-17 20:00:00,0.1945,0.1945,0.1608,0.1881,49477632.0,FETUSDT
2023-08-18 00:00:00,0.1881,0.1915,0.1839,0.1846,14509334.0,FETUSDT
2023-08-18 04:00:00,0.1847,0.1949,0.1826,0.1938,9544730.0,FETUSDT
2023-08-18 08:00:00,0.1937,0.1969,0.1915,0.1944,6921223.0,FETUSDT
2023-08-18 12:00:00,0.1944,0.2054,0.1931,0.2002,28112469.0,FETUSDT
2023-08-18 16:00:00,0.2003,0.2047,0.1976,0.2001,20846934.0,FETUSDT
2023-08-18 20:00:00,0.2002,0.203,0.1992,0.1996,6224727.0,FETUSDT
2023-08-19 00:00:00,0.1996,0.2056,0.1992,0.2024,6863271.0,FETUSDT
2023-08-19 04:00:00,0.2023,0.2119,0.2022,0.2098,14901410.0,FETUSDT
2023-08-19 08:00:00,0.2098,0.2156,0.2098,0.2121,15656223.0,FETUSDT
2023-08-19 12:00:00,0.2122,0.218,0.2114,0.2175,11148362.0,FETUSDT
2023-08-19 16:00:00,0.2175,0.22,0.2124,0.2128,11578409.0,FETUSDT
2023-08-19 20:00:00,0.2126,0.2129,0.2085,0.2098,8322037.0,FETUSDT
2023-08-20 00:00:00,0.2096,0.2128,0.2083,0.2109,3753869.0,FETUSDT
2023-08-20 04:00:00,0.2109,0.2113,0.2076,0.2082,4080757.0,FETUSDT
2023-08-20 08:00:00,0.2082,0.2098,0.2063,0.2079,5553113.0,FETUSDT
2023-08-20 12:00:00,0.2078,0.2081,0.2038,0.2049,5503862.0,FETUSDT
2023-08-20 16:00:00,0.2049,0.2059,0.203,0.2044,3051670.0,FETUSDT
2023-08-20 20:00:00,0.2043,0.2069,0.2037,0.2048,3694358.0,FETUSDT
2023-08-21 00:00:00,0.2049,0.2061,0.2039,0.2046,2576297.0,FETUSDT
2023-08-21 04:00:00,0.2047,0.2088,0.2013,0.2056,8351462.0,FETUSDT
2023-08-21 08:00:00,0.2057,0.2062,0.1987,0.2033,9044263.0,FETUSDT
2023-08-21 12:00:00,0.2034,0.2043,0.196,0.1988,11640008.0,FETUSDT
2023-08-21 16:00:00,0.1987,0.2019,0.1986,0.1991,6294265.0,FETUSDT
2023-08-21 20:00:00,0.1993,0.2033,0.1992,0.2015,2933307.0,FETUSDT
2023-08-22 00:00:00,0.2015,0.2044,0.1994,0.2003,10750772.0,FETUSDT
2023-08-22 04:00:00,0.2004,0.2004,0.1983,0.1988,3005515.0,FETUSDT
2023-08-22 08:00:00,0.1988,0.1988,0.1938,0.1945,4761144.0,FETUSDT
2023-08-22 12:00:00,0.1945,0.1964,0.1918,0.1918,6665372.0,FETUSDT
2023-08-22 16:00:00,0.1917,0.1941,0.1881,0.1902,10177671.0,FETUSDT
2023-08-22 20:00:00,0.1902,0.1969,0.1855,0.1962,10380277.0,FETUSDT
2023-08-23 00:00:00,0.1963,0.2014,0.1954,0.1971,5269896.0,FETUSDT
2023-08-23 04:00:00,0.1971,0.2025,0.1969,0.2,3693558.0,FETUSDT
2023-08-23 08:00:00,0.2001,0.2014,0.1976,0.1976,2657109.0,FETUSDT
2023-08-23 12:00:00,0.1977,0.2023,0.196,0.2018,5247808.0,FETUSDT
2023-08-23 16:00:00,0.2019,0.2068,0.2017,0.2054,8325421.0,FETUSDT
2023-08-23 20:00:00,0.2054,0.21,0.2047,0.2085,12522874.0,FETUSDT
2023-08-24 00:00:00,0.2085,0.2138,0.2062,0.2136,4741822.0,FETUSDT
2023-08-24 04:00:00,0.2136,0.217,0.21,0.2136,10777629.0,FETUSDT
2023-08-24 08:00:00,0.2135,0.2151,0.2112,0.2132,6875292.0,FETUSDT
2023-08-24 12:00:00,0.2131,0.2149,0.2077,0.2091,13832287.0,FETUSDT
2023-08-24 16:00:00,0.209,0.212,0.2065,0.2071,8296290.0,FETUSDT
2023-08-24 20:00:00,0.2072,0.2096,0.204,0.2091,5657812.0,FETUSDT
2023-08-25 00:00:00,0.2091,0.2095,0.2004,0.2029,5684785.0,FETUSDT
2023-08-25 04:00:00,0.2029,0.2045,0.2014,0.2024,3484914.0,FETUSDT
2023-08-25 08:00:00,0.2024,0.215,0.2001,0.2107,26834397.0,FETUSDT
2023-08-25 12:00:00,0.2106,0.2162,0.2078,0.2142,20408932.0,FETUSDT
2023-08-25 16:00:00,0.2141,0.215,0.2089,0.2127,8678506.0,FETUSDT
2023-08-25 20:00:00,0.2128,0.218,0.2115,0.2171,7248796.0,FETUSDT
2023-08-26 00:00:00,0.2171,0.2177,0.2108,0.2123,6975665.0,FETUSDT
2023-08-26 04:00:00,0.2124,0.2129,0.2081,0.2088,4819209.0,FETUSDT
2023-08-26 08:00:00,0.2087,0.21,0.2075,0.21,4979943.0,FETUSDT
2023-08-26 12:00:00,0.2098,0.2104,0.2073,0.2077,3447684.0,FETUSDT
2023-08-26 16:00:00,0.2079,0.2088,0.2058,0.2075,3432778.0,FETUSDT
2023-08-26 20:00:00,0.2074,0.2079,0.2061,0.2076,1426882.0,FETUSDT
2023-08-27 00:00:00,0.2076,0.2108,0.2072,0.2082,3474007.0,FETUSDT
2023-08-27 04:00:00,0.2082,0.2137,0.208,0.2109,4495271.0,FETUSDT
2023-08-27 08:00:00,0.2109,0.2145,0.2105,0.214,4656524.0,FETUSDT
2023-08-27 12:00:00,0.214,0.2143,0.2113,0.212,3714441.0,FETUSDT
2023-08-27 16:00:00,0.2121,0.2121,0.2064,0.2093,8856623.0,FETUSDT
2023-08-27 20:00:00,0.2093,0.2107,0.208,0.2102,2818257.0,FETUSDT
2023-08-28 00:00:00,0.2102,0.211,0.2065,0.2083,3612264.0,FETUSDT
2023-08-28 04:00:00,0.2083,0.2096,0.2044,0.205,8057340.0,FETUSDT
2023-08-28 08:00:00,0.205,0.2058,0.2027,0.2057,4446473.0,FETUSDT
2023-08-28 12:00:00,0.2056,0.2123,0.2055,0.2076,7367926.0,FETUSDT
2023-08-28 16:00:00,0.2076,0.2092,0.2059,0.2076,4556142.0,FETUSDT
2023-08-28 20:00:00,0.2075,0.2082,0.2055,0.2069,1678425.0,FETUSDT
2023-08-29 00:00:00,0.2069,0.2087,0.2037,0.2051,5079891.0,FETUSDT
2023-08-29 04:00:00,0.2051,0.2065,0.2035,0.2036,2518200.0,FETUSDT
2023-08-29 08:00:00,0.2036,0.2048,0.2021,0.2036,3895935.0,FETUSDT
2023-08-29 12:00:00,0.2038,0.2177,0.2033,0.2117,22259842.0,FETUSDT
2023-08-29 16:00:00,0.2117,0.2153,0.211,0.2134,8515372.0,FETUSDT
2023-08-29 20:00:00,0.2133,0.2166,0.2119,0.216,4061205.0,FETUSDT
2023-08-30 00:00:00,0.216,0.2212,0.216,0.2193,11776648.0,FETUSDT
2023-08-30 04:00:00,0.2193,0.2231,0.2185,0.221,9562575.0,FETUSDT
2023-08-30 08:00:00,0.221,0.2228,0.2162,0.2172,8194625.0,FETUSDT
2023-08-30 12:00:00,0.2172,0.223,0.2129,0.2159,12702271.0,FETUSDT
2023-08-30 16:00:00,0.216,0.2345,0.2143,0.228,26357149.0,FETUSDT
2023-08-30 20:00:00,0.2281,0.2353,0.226,0.2338,21468101.0,FETUSDT
2023-08-31 00:00:00,0.2337,0.244,0.2314,0.2426,37333620.0,FETUSDT
2023-08-31 04:00:00,0.2427,0.257,0.2266,0.2326,73198812.0,FETUSDT
2023-08-31 08:00:00,0.2326,0.2445,0.2278,0.2423,30948228.0,FETUSDT
2023-08-31 12:00:00,0.2423,0.2437,0.2357,0.2395,22710262.0,FETUSDT
2023-08-31 16:00:00,0.2395,0.2397,0.2253,0.2299,23358024.0,FETUSDT
2023-08-31 20:00:00,0.2297,0.2366,0.2239,0.2294,14161579.0,FETUSDT
2023-09-01 00:00:00,0.2292,0.2382,0.2284,0.2376,13336180.0,FETUSDT
2023-09-01 04:00:00,0.2375,0.2394,0.2335,0.2371,14250991.0,FETUSDT
2023-09-01 08:00:00,0.237,0.2378,0.2285,0.2316,16871707.0,FETUSDT
2023-09-01 12:00:00,0.2316,0.234,0.2236,0.2265,13618909.0,FETUSDT
2023-09-01 16:00:00,0.2264,0.2286,0.2218,0.2261,14110753.0,FETUSDT
2023-09-01 20:00:00,0.2259,0.231,0.2247,0.2301,7725156.0,FETUSDT
2023-09-02 00:00:00,0.2301,0.235,0.2264,0.233,6486533.0,FETUSDT
2023-09-02 04:00:00,0.233,0.236,0.2304,0.2314,7139153.0,FETUSDT
2023-09-02 08:00:00,0.2313,0.2432,0.2247,0.2423,27387880.0,FETUSDT
2023-09-02 12:00:00,0.2422,0.2454,0.2383,0.2414,18195495.0,FETUSDT
2023-09-02 16:00:00,0.2414,0.2433,0.2348,0.2401,11137969.0,FETUSDT
2023-09-02 20:00:00,0.24,0.2538,0.238,0.2516,22913400.0,FETUSDT
2023-09-03 00:00:00,0.2516,0.2554,0.2474,0.2518,15852112.0,FETUSDT
2023-09-03 04:00:00,0.2519,0.2656,0.2475,0.2632,31141953.0,FETUSDT
2023-09-03 08:00:00,0.2634,0.266,0.2533,0.2651,31181252.0,FETUSDT
2023-09-03 12:00:00,0.265,0.2736,0.2624,0.2633,30190466.0,FETUSDT
2023-09-03 16:00:00,0.2632,0.2654,0.2562,0.2585,21920890.0,FETUSDT
2023-09-03 20:00:00,0.2584,0.2612,0.2572,0.2591,20462709.0,FETUSDT
2023-09-04 00:00:00,0.2591,0.2687,0.258,0.2597,15331023.0,FETUSDT
2023-09-04 04:00:00,0.2599,0.2617,0.252,0.2598,21748458.0,FETUSDT
2023-09-04 08:00:00,0.2598,0.2635,0.2562,0.2566,11483610.0,FETUSDT
2023-09-04 12:00:00,0.2565,0.2649,0.2564,0.2626,16399228.0,FETUSDT
2023-09-04 16:00:00,0.2626,0.2688,0.2612,0.2654,18838086.0,FETUSDT
2023-09-04 20:00:00,0.2654,0.2699,0.2584,0.2674,10857346.0,FETUSDT
2023-09-05 00:00:00,0.2675,0.2718,0.2592,0.2622,12607165.0,FETUSDT
2023-09-05 04:00:00,0.2623,0.2632,0.2537,0.2567,11028769.0,FETUSDT
2023-09-05 08:00:00,0.2567,0.2616,0.256,0.2575,13675521.0,FETUSDT
2023-09-05 12:00:00,0.2576,0.2614,0.2536,0.2583,13156403.0,FETUSDT
2023-09-05 16:00:00,0.2583,0.261,0.2489,0.2499,10267411.0,FETUSDT
2023-09-05 20:00:00,0.2499,0.2522,0.2493,0.2501,5548518.0,FETUSDT
2023-09-06 00:00:00,0.2501,0.2515,0.243,0.2463,12795216.0,FETUSDT
2023-09-06 04:00:00,0.2463,0.2539,0.2458,0.2521,9653464.0,FETUSDT
2023-09-06 08:00:00,0.252,0.2599,0.2514,0.259,12954845.0,FETUSDT
2023-09-06 12:00:00,0.259,0.2617,0.2479,0.2484,20262819.0,FETUSDT
2023-09-06 16:00:00,0.2484,0.2576,0.2461,0.2536,17970525.0,FETUSDT
2023-09-06 20:00:00,0.2537,0.2573,0.2518,0.2567,4770679.0,FETUSDT
2023-09-07 00:00:00,0.2565,0.2577,0.2522,0.2534,4064332.0,FETUSDT
2023-09-07 04:00:00,0.2532,0.254,0.2472,0.2501,4593954.0,FETUSDT
2023-09-07 08:00:00,0.25,0.2502,0.2433,0.2446,7611979.0,FETUSDT
2023-09-07 12:00:00,0.2446,0.247,0.2408,0.243,8150928.0,FETUSDT
2023-09-07 16:00:00,0.243,0.2477,0.2424,0.2453,7285743.0,FETUSDT
2023-09-07 20:00:00,0.2453,0.2501,0.2444,0.2491,7787287.0,FETUSDT
2023-09-08 00:00:00,0.2491,0.2508,0.243,0.2453,4070510.0,FETUSDT
2023-09-08 04:00:00,0.2454,0.2549,0.2438,0.2529,8987691.0,FETUSDT
2023-09-08 08:00:00,0.253,0.2555,0.2453,0.2456,15167862.0,FETUSDT
2023-09-08 12:00:00,0.2456,0.2483,0.2413,0.242,8727696.0,FETUSDT
2023-09-08 16:00:00,0.2419,0.2419,0.2355,0.2384,12967407.0,FETUSDT
2023-09-08 20:00:00,0.2384,0.2396,0.2371,0.2386,3659208.0,FETUSDT
2023-09-09 00:00:00,0.2386,0.2407,0.2366,0.2391,2579399.0,FETUSDT
2023-09-09 04:00:00,0.2393,0.2402,0.2336,0.2388,5050112.0,FETUSDT
2023-09-09 08:00:00,0.2388,0.2403,0.2355,0.2355,4334920.0,FETUSDT
2023-09-09 12:00:00,0.2355,0.2379,0.2335,0.2366,5907261.0,FETUSDT
2023-09-09 16:00:00,0.2366,0.2372,0.2335,0.2353,3860499.0,FETUSDT
2023-09-09 20:00:00,0.2354,0.2355,0.2335,0.2351,1695226.0,FETUSDT
2023-09-10 00:00:00,0.235,0.2352,0.23,0.2309,5321139.0,FETUSDT
2023-09-10 04:00:00,0.2309,0.2314,0.215,0.2261,12669745.0,FETUSDT
2023-09-10 08:00:00,0.2261,0.2276,0.2231,0.2259,5871271.0,FETUSDT
2023-09-10 12:00:00,0.2259,0.2271,0.2208,0.2251,9034657.0,FETUSDT
2023-09-10 16:00:00,0.225,0.228,0.222,0.2266,6000149.0,FETUSDT
2023-09-10 20:00:00,0.2267,0.233,0.2264,0.231,6535960.0,FETUSDT
2023-09-11 00:00:00,0.231,0.2337,0.2263,0.2331,5668299.0,FETUSDT
2023-09-11 04:00:00,0.2331,0.2364,0.2305,0.234,7895383.0,FETUSDT
2023-09-11 08:00:00,0.234,0.234,0.2205,0.2251,12361041.0,FETUSDT
2023-09-11 12:00:00,0.225,0.2286,0.2223,0.2268,12102752.0,FETUSDT
2023-09-11 16:00:00,0.2268,0.2286,0.2176,0.2194,9079511.0,FETUSDT
2023-09-11 20:00:00,0.2194,0.2248,0.2187,0.223,5928227.0,FETUSDT
2023-09-12 00:00:00,0.223,0.2332,0.2213,0.2306,8498716.0,FETUSDT
2023-09-12 04:00:00,0.2307,0.2312,0.226,0.2305,6806864.0,FETUSDT
2023-09-12 08:00:00,0.2305,0.2378,0.2272,0.2327,10765221.0,FETUSDT
2023-09-12 12:00:00,0.2328,0.2343,0.2302,0.2319,4645752.0,FETUSDT
2023-09-12 16:00:00,0.2319,0.2359,0.228,0.2291,8298003.0,FETUSDT
2023-09-12 20:00:00,0.2291,0.2295,0.2242,0.2252,6070521.0,FETUSDT
2023-09-13 00:00:00,0.2252,0.2286,0.2238,0.2249,4055839.0,FETUSDT
2023-09-13 04:00:00,0.2248,0.2292,0.2222,0.2251,13818411.0,FETUSDT
2023-09-13 08:00:00,0.225,0.2266,0.2229,0.2232,5596251.0,FETUSDT
2023-09-13 12:00:00,0.2232,0.2294,0.2214,0.2267,8715442.0,FETUSDT
2023-09-13 16:00:00,0.2268,0.2302,0.2222,0.2239,7613233.0,FETUSDT
2023-09-13 20:00:00,0.224,0.2254,0.2231,0.2236,2783478.0,FETUSDT
2023-09-14 00:00:00,0.2236,0.2303,0.2235,0.2265,5195675.0,FETUSDT
2023-09-14 04:00:00,0.2266,0.227,0.2232,0.2254,6859095.0,FETUSDT
2023-09-14 08:00:00,0.2254,0.2263,0.2233,0.2261,3584882.0,FETUSDT
2023-09-14 12:00:00,0.2261,0.2307,0.225,0.2271,9616922.0,FETUSDT
2023-09-14 16:00:00,0.227,0.2312,0.2255,0.2295,5214915.0,FETUSDT
2023-09-14 20:00:00,0.2296,0.231,0.2277,0.2296,3287240.0,FETUSDT
2023-09-15 00:00:00,0.2296,0.2372,0.2285,0.2341,5971048.0,FETUSDT
2023-09-15 04:00:00,0.234,0.2356,0.23,0.2317,4366867.0,FETUSDT
2023-09-15 08:00:00,0.2316,0.2355,0.2309,0.2311,6071945.0,FETUSDT
2023-09-15 12:00:00,0.231,0.233,0.2272,0.2286,7130405.0,FETUSDT
2023-09-15 16:00:00,0.2285,0.2326,0.2283,0.2325,3649462.0,FETUSDT
2023-09-15 20:00:00,0.2326,0.2379,0.2319,0.2372,6076875.0,FETUSDT
2023-09-16 00:00:00,0.2371,0.2407,0.2357,0.2364,7858081.0,FETUSDT
2023-09-16 04:00:00,0.2364,0.2413,0.2351,0.2371,6249168.0,FETUSDT
2023-09-16 08:00:00,0.2371,0.2391,0.2361,0.2375,3184689.0,FETUSDT
2023-09-16 12:00:00,0.2373,0.2392,0.234,0.2357,4760325.0,FETUSDT
2023-09-16 16:00:00,0.2359,0.2389,0.2349,0.2364,4204565.0,FETUSDT
2023-09-16 20:00:00,0.2364,0.2386,0.2358,0.2362,3556146.0,FETUSDT
2023-09-17 00:00:00,0.2361,0.2363,0.2282,0.2339,7228148.0,FETUSDT
2023-09-17 04:00:00,0.2339,0.2356,0.2305,0.2308,3194009.0,FETUSDT
2023-09-17 08:00:00,0.2308,0.233,0.2302,0.2315,2517230.0,FETUSDT
2023-09-17 12:00:00,0.2314,0.2331,0.231,0.2322,2068625.0,FETUSDT
2023-09-17 16:00:00,0.232,0.2322,0.2255,0.2288,4545760.0,FETUSDT
2023-09-17 20:00:00,0.2289,0.2289,0.2233,0.2256,6973118.0,FETUSDT
2023-09-18 00:00:00,0.2255,0.2297,0.2233,0.2278,6476695.0,FETUSDT
2023-09-18 04:00:00,0.2279,0.2298,0.2263,0.2287,3520923.0,FETUSDT
2023-09-18 08:00:00,0.2287,0.2323,0.2279,0.2312,5422922.0,FETUSDT
2023-09-18 12:00:00,0.2312,0.2345,0.2284,0.2327,8017008.0,FETUSDT
2023-09-18 16:00:00,0.2327,0.2341,0.2276,0.2297,6505143.0,FETUSDT
2023-09-18 20:00:00,0.2296,0.2301,0.2267,0.227,3222227.0,FETUSDT
2023-09-19 00:00:00,0.2269,0.2279,0.2253,0.2265,3855220.0,FETUSDT
2023-09-19 04:00:00,0.2264,0.2301,0.2259,0.229,3806709.0,FETUSDT
2023-09-19 08:00:00,0.229,0.2342,0.2288,0.2334,6774033.0,FETUSDT
2023-09-19 12:00:00,0.2334,0.2359,0.2311,0.2355,8297753.0,FETUSDT
2023-09-19 16:00:00,0.2355,0.2358,0.2312,0.2319,4174184.0,FETUSDT
2023-09-19 20:00:00,0.2319,0.2342,0.2303,0.2337,2526820.0,FETUSDT
2023-09-20 00:00:00,0.2337,0.2365,0.2308,0.2318,4681989.0,FETUSDT
2023-09-20 04:00:00,0.2316,0.2342,0.2305,0.2318,4392723.0,FETUSDT
2023-09-20 08:00:00,0.2318,0.2329,0.2276,0.2285,6358032.0,FETUSDT
2023-09-20 12:00:00,0.2285,0.2298,0.2269,0.2287,4232550.0,FETUSDT
2023-09-20 16:00:00,0.2287,0.231,0.2248,0.2266,7507828.0,FETUSDT
2023-09-20 20:00:00,0.2266,0.2297,0.2263,0.2276,2065342.0,FETUSDT
2023-09-21 00:00:00,0.2276,0.2315,0.2276,0.2315,3314889.0,FETUSDT
2023-09-21 04:00:00,0.2315,0.2365,0.2265,0.2315,13976689.0,FETUSDT
2023-09-21 08:00:00,0.2313,0.2375,0.2266,0.2298,16708854.0,FETUSDT
2023-09-21 12:00:00,0.2297,0.231,0.226,0.2273,8272621.0,FETUSDT
2023-09-21 16:00:00,0.2272,0.2274,0.2239,0.2251,4666131.0,FETUSDT
2023-09-21 20:00:00,0.225,0.2256,0.2229,0.2234,2546984.0,FETUSDT
2023-09-22 00:00:00,0.2233,0.2238,0.2184,0.2223,5512296.0,FETUSDT
2023-09-22 04:00:00,0.2222,0.223,0.2193,0.2216,4123209.0,FETUSDT
2023-09-22 08:00:00,0.2215,0.223,0.2207,0.2228,3523095.0,FETUSDT
2023-09-22 12:00:00,0.2228,0.2233,0.2209,0.2218,3807645.0,FETUSDT
2023-09-22 16:00:00,0.2219,0.2229,0.2197,0.2214,3027861.0,FETUSDT
2023-09-22 20:00:00,0.2215,0.2235,0.2203,0.2234,2565075.0,FETUSDT
2023-09-23 00:00:00,0.2234,0.2249,0.2211,0.2223,2857436.0,FETUSDT
2023-09-23 04:00:00,0.2223,0.2241,0.2214,0.222,1603579.0,FETUSDT
2023-09-23 08:00:00,0.222,0.2233,0.2206,0.2219,2801243.0,FETUSDT
2023-09-23 12:00:00,0.2219,0.2221,0.2154,0.2177,5285882.0,FETUSDT
2023-09-23 16:00:00,0.2176,0.2213,0.2167,0.2211,2433101.0,FETUSDT
2023-09-23 20:00:00,0.221,0.2216,0.2197,0.2212,1327419.0,FETUSDT
2023-09-24 00:00:00,0.2214,0.2217,0.2181,0.2202,2634803.0,FETUSDT
2023-09-24 04:00:00,0.2203,0.2204,0.2162,0.2167,2792413.0,FETUSDT
2023-09-24 08:00:00,0.2167,0.2185,0.2165,0.2182,1836702.0,FETUSDT
2023-09-24 12:00:00,0.2182,0.219,0.2163,0.2172,2707647.0,FETUSDT
2023-09-24 16:00:00,0.2171,0.2202,0.2169,0.2176,2630084.0,FETUSDT
2023-09-24 20:00:00,0.2175,0.2186,0.2125,0.2154,3320466.0,FETUSDT
2023-09-25 00:00:00,0.2153,0.219,0.2126,0.2159,3023530.0,FETUSDT
2023-09-25 04:00:00,0.2159,0.2169,0.2132,0.2146,3133503.0,FETUSDT
2023-09-25 08:00:00,0.2146,0.2152,0.2129,0.2134,2476564.0,FETUSDT
2023-09-25 12:00:00,0.2134,0.2174,0.2132,0.217,2945737.0,FETUSDT
2023-09-25 16:00:00,0.2171,0.2184,0.2158,0.217,2361713.0,FETUSDT
2023-09-25 20:00:00,0.2172,0.2182,0.2159,0.2162,1564724.0,FETUSDT
2023-09-26 00:00:00,0.2162,0.2177,0.2156,0.2163,1539592.0,FETUSDT
2023-09-26 04:00:00,0.2165,0.2171,0.2139,0.2142,1932092.0,FETUSDT
2023-09-26 08:00:00,0.2142,0.2154,0.2137,0.2151,3773401.0,FETUSDT
2023-09-26 12:00:00,0.2152,0.2154,0.2132,0.2137,1558576.0,FETUSDT
2023-09-26 16:00:00,0.2136,0.215,0.213,0.2144,2040203.0,FETUSDT
2023-09-26 20:00:00,0.2145,0.2145,0.2103,0.2139,2305654.0,FETUSDT
2023-09-27 00:00:00,0.2139,0.215,0.2112,0.2126,2083645.0,FETUSDT
2023-09-27 04:00:00,0.2126,0.2128,0.2111,0.2118,1543249.0,FETUSDT
2023-09-27 08:00:00,0.2118,0.2155,0.2098,0.2155,5664940.0,FETUSDT
2023-09-27 12:00:00,0.2154,0.2161,0.2102,0.2123,5707105.0,FETUSDT
2023-09-27 16:00:00,0.2123,0.2125,0.2093,0.2108,2552214.0,FETUSDT
2023-09-27 20:00:00,0.2109,0.2123,0.2096,0.2113,1817416.0,FETUSDT
2023-09-28 00:00:00,0.2112,0.2129,0.2097,0.2105,1713160.0,FETUSDT
2023-09-28 04:00:00,0.2104,0.2135,0.2097,0.213,1548115.0,FETUSDT
2023-09-28 08:00:00,0.213,0.2185,0.2116,0.2167,5715710.0,FETUSDT
2023-09-28 12:00:00,0.2168,0.2192,0.2153,0.218,5979468.0,FETUSDT
2023-09-28 16:00:00,0.218,0.2196,0.2156,0.2177,5672047.0,FETUSDT
2023-09-28 20:00:00,0.2178,0.2185,0.216,0.2183,2059927.0,FETUSDT
2023-09-29 00:00:00,0.2183,0.2192,0.2164,0.2191,2085048.0,FETUSDT
2023-09-29 04:00:00,0.2191,0.2216,0.2176,0.2208,3771316.0,FETUSDT
2023-09-29 08:00:00,0.2207,0.2208,0.2167,0.2171,3913622.0,FETUSDT
2023-09-29 12:00:00,0.2171,0.2197,0.215,0.2182,6011550.0,FETUSDT
2023-09-29 16:00:00,0.2182,0.2185,0.2161,0.2178,2387413.0,FETUSDT
2023-09-29 20:00:00,0.2178,0.2205,0.2177,0.2192,2046765.0,FETUSDT
2023-09-30 00:00:00,0.2191,0.2211,0.2187,0.2197,2283097.0,FETUSDT
2023-09-30 04:00:00,0.2197,0.222,0.2193,0.2196,2690750.0,FETUSDT
2023-09-30 08:00:00,0.2195,0.2202,0.2183,0.2188,2006088.0,FETUSDT
2023-09-30 12:00:00,0.2188,0.2214,0.2187,0.2204,2413287.0,FETUSDT
2023-09-30 16:00:00,0.2204,0.2225,0.2198,0.2217,3070259.0,FETUSDT
2023-09-30 20:00:00,0.2218,0.2238,0.2214,0.2228,3253003.0,FETUSDT
2023-10-01 00:00:00,0.2228,0.2271,0.2225,0.2261,3907695.0,FETUSDT
2023-10-01 04:00:00,0.2263,0.2279,0.2253,0.2256,4473453.0,FETUSDT
2023-10-01 08:00:00,0.2258,0.2333,0.2258,0.2314,7139069.0,FETUSDT
2023-10-01 12:00:00,0.2314,0.2339,0.2284,0.2305,8090824.0,FETUSDT
2023-10-01 16:00:00,0.2304,0.231,0.2265,0.2284,4032234.0,FETUSDT
2023-10-01 20:00:00,0.2283,0.237,0.2269,0.2349,7089009.0,FETUSDT
2023-10-02 00:00:00,0.2349,0.2389,0.2332,0.2375,5302594.0,FETUSDT
2023-10-02 04:00:00,0.2373,0.2374,0.2322,0.2356,7158906.0,FETUSDT
2023-10-02 08:00:00,0.2356,0.2356,0.2312,0.2319,5256997.0,FETUSDT
2023-10-02 12:00:00,0.2319,0.2327,0.226,0.2274,6184114.0,FETUSDT
2023-10-02 16:00:00,0.2272,0.229,0.2201,0.2247,7180660.0,FETUSDT
2023-10-02 20:00:00,0.2247,0.2249,0.221,0.2218,5360297.0,FETUSDT
2023-10-03 00:00:00,0.222,0.2229,0.2195,0.2225,3165047.0,FETUSDT
2023-10-03 04:00:00,0.2225,0.2249,0.2212,0.2232,2190649.0,FETUSDT
2023-10-03 08:00:00,0.2232,0.2285,0.222,0.2223,9497853.0,FETUSDT
2023-10-03 12:00:00,0.2222,0.2223,0.2169,0.2171,7512485.0,FETUSDT
2023-10-03 16:00:00,0.2171,0.2199,0.2163,0.2173,3385434.0,FETUSDT
2023-10-03 20:00:00,0.2172,0.2194,0.2152,0.2182,2809939.0,FETUSDT
2023-10-04 00:00:00,0.2182,0.2182,0.2098,0.2145,6703119.0,FETUSDT
2023-10-04 04:00:00,0.2146,0.2173,0.213,0.2166,2028305.0,FETUSDT
2023-10-04 08:00:00,0.2166,0.221,0.2158,0.2208,3685746.0,FETUSDT
2023-10-04 12:00:00,0.2209,0.223,0.2166,0.2168,4995803.0,FETUSDT
2023-10-04 16:00:00,0.2168,0.2218,0.2154,0.2191,3822049.0,FETUSDT
2023-10-04 20:00:00,0.219,0.2214,0.2185,0.2194,1808344.0,FETUSDT
2023-10-05 00:00:00,0.2194,0.2212,0.2178,0.2179,1414066.0,FETUSDT
2023-10-05 04:00:00,0.2179,0.2192,0.2165,0.2174,1389843.0,FETUSDT
2023-10-05 08:00:00,0.2174,0.2193,0.2165,0.2178,1799496.0,FETUSDT
2023-10-05 12:00:00,0.2177,0.2197,0.2143,0.2159,3539070.0,FETUSDT
2023-10-05 16:00:00,0.2157,0.2171,0.2131,0.2165,2871957.0,FETUSDT
2023-10-05 20:00:00,0.2166,0.2169,0.215,0.2158,923987.0,FETUSDT
2023-10-06 00:00:00,0.2159,0.2191,0.2156,0.219,2079535.0,FETUSDT
2023-10-06 04:00:00,0.2191,0.2212,0.2177,0.2211,2706749.0,FETUSDT
2023-10-06 08:00:00,0.2211,0.2219,0.2193,0.2203,3063629.0,FETUSDT
2023-10-06 12:00:00,0.2205,0.2238,0.2183,0.2232,6035907.0,FETUSDT
2023-10-06 16:00:00,0.2232,0.2258,0.2219,0.2254,3612080.0,FETUSDT
2023-10-06 20:00:00,0.2254,0.2277,0.224,0.2251,3812298.0,FETUSDT
2023-10-07 00:00:00,0.2252,0.2267,0.2234,0.2235,1563676.0,FETUSDT
2023-10-07 04:00:00,0.2235,0.2255,0.2209,0.2211,2043167.0,FETUSDT
2023-10-07 08:00:00,0.2211,0.2228,0.2203,0.2216,2120269.0,FETUSDT
2023-10-07 12:00:00,0.2214,0.2245,0.2203,0.2224,2526779.0,FETUSDT
2023-10-07 16:00:00,0.2224,0.2236,0.2199,0.2204,1910707.0,FETUSDT
2023-10-07 20:00:00,0.2203,0.2215,0.2198,0.2207,748255.0,FETUSDT
2023-10-08 00:00:00,0.2207,0.2211,0.2184,0.2209,2212625.0,FETUSDT
2023-10-08 04:00:00,0.2209,0.2213,0.2184,0.2197,1369911.0,FETUSDT
2023-10-08 08:00:00,0.2197,0.2209,0.2168,0.218,2309512.0,FETUSDT
2023-10-08 12:00:00,0.2178,0.2208,0.2173,0.2201,2074251.0,FETUSDT
2023-10-08 16:00:00,0.2204,0.2221,0.2201,0.2217,1750280.0,FETUSDT
2023-10-08 20:00:00,0.2217,0.2222,0.2185,0.2186,1590776.0,FETUSDT
2023-10-09 00:00:00,0.2186,0.2215,0.2181,0.2201,2361863.0,FETUSDT
2023-10-09 04:00:00,0.2202,0.2203,0.2175,0.2176,1991253.0,FETUSDT
2023-10-09 08:00:00,0.2177,0.2181,0.2039,0.2088,12738451.0,FETUSDT
2023-10-09 12:00:00,0.2088,0.2095,0.2066,0.2072,4979134.0,FETUSDT
2023-10-09 16:00:00,0.2071,0.2087,0.2023,0.208,7262535.0,FETUSDT
2023-10-09 20:00:00,0.208,0.2083,0.2055,0.2075,2094351.0,FETUSDT
2023-10-10 00:00:00,0.2075,0.2083,0.2055,0.2076,2399561.0,FETUSDT
2023-10-10 04:00:00,0.2077,0.2128,0.2063,0.2108,3771707.0,FETUSDT
2023-10-10 08:00:00,0.2109,0.2117,0.2071,0.2081,5207787.0,FETUSDT
2023-10-10 12:00:00,0.208,0.2091,0.206,0.2063,3194561.0,FETUSDT
2023-10-10 16:00:00,0.2062,0.2075,0.2031,0.2047,3517002.0,FETUSDT
2023-10-10 20:00:00,0.2048,0.205,0.2011,0.2043,2475590.0,FETUSDT
2023-10-11 00:00:00,0.2043,0.2067,0.199,0.2019,4829532.0,FETUSDT
2023-10-11 04:00:00,0.2021,0.2049,0.2017,0.2036,2237736.0,FETUSDT
2023-10-11 08:00:00,0.2035,0.206,0.2023,0.2046,4917376.0,FETUSDT
2023-10-11 12:00:00,0.2045,0.2051,0.2,0.2012,4313100.0,FETUSDT
2023-10-11 16:00:00,0.2012,0.2059,0.2008,0.2053,4807592.0,FETUSDT
2023-10-11 20:00:00,0.2053,0.206,0.2044,0.2059,1303092.0,FETUSDT
2023-10-12 00:00:00,0.2058,0.2058,0.2026,0.2036,2718663.0,FETUSDT
2023-10-12 04:00:00,0.2035,0.2065,0.2026,0.2053,1524357.0,FETUSDT
2023-10-12 08:00:00,0.2053,0.2059,0.2,0.2037,2863134.0,FETUSDT
2023-10-12 12:00:00,0.2037,0.2041,0.2011,0.2016,2662568.0,FETUSDT
2023-10-12 16:00:00,0.2017,0.2025,0.1993,0.2009,2797470.0,FETUSDT
2023-10-12 20:00:00,0.2008,0.2033,0.1998,0.2026,1526958.0,FETUSDT
2023-10-13 00:00:00,0.2027,0.2052,0.202,0.2027,3846115.0,FETUSDT
2023-10-13 04:00:00,0.2028,0.2045,0.2024,0.2037,1639185.0,FETUSDT
2023-10-13 08:00:00,0.2036,0.2058,0.2028,0.2051,1925097.0,FETUSDT
2023-10-13 12:00:00,0.2051,0.2062,0.2033,0.2034,2083171.0,FETUSDT
2023-10-13 16:00:00,0.2033,0.2064,0.2033,0.205,2143770.0,FETUSDT
2023-10-13 20:00:00,0.2049,0.2109,0.2049,0.2091,5586784.0,FETUSDT
2023-10-14 00:00:00,0.2091,0.2117,0.2085,0.2115,2180931.0,FETUSDT
2023-10-14 04:00:00,0.2116,0.2131,0.2108,0.211,2938650.0,FETUSDT
2023-10-14 08:00:00,0.211,0.2161,0.211,0.2129,9595410.0,FETUSDT
2023-10-14 12:00:00,0.2128,0.2153,0.2122,0.2151,2496909.0,FETUSDT
2023-10-14 16:00:00,0.215,0.217,0.2126,0.2133,4012949.0,FETUSDT
2023-10-14 20:00:00,0.2133,0.2138,0.212,0.2128,1940041.0,FETUSDT
2023-10-15 00:00:00,0.2129,0.2152,0.2117,0.2141,1473935.0,FETUSDT
2023-10-15 04:00:00,0.2142,0.2146,0.213,0.2137,1147411.0,FETUSDT
2023-10-15 08:00:00,0.2138,0.2142,0.2128,0.2138,1635862.0,FETUSDT
2023-10-15 12:00:00,0.2137,0.2147,0.2108,0.211,2851196.0,FETUSDT
2023-10-15 16:00:00,0.2111,0.2133,0.2109,0.2126,1441312.0,FETUSDT
2023-10-15 20:00:00,0.2125,0.2139,0.2113,0.2119,2231219.0,FETUSDT
2023-10-16 00:00:00,0.212,0.2141,0.2111,0.2133,1740262.0,FETUSDT
2023-10-16 04:00:00,0.2134,0.2177,0.2123,0.2148,5474665.0,FETUSDT
2023-10-16 08:00:00,0.2148,0.217,0.214,0.2168,3360691.0,FETUSDT
2023-10-16 12:00:00,0.2168,0.2232,0.2101,0.2121,18250107.0,FETUSDT
2023-10-16 16:00:00,0.2121,0.2159,0.212,0.2143,3013041.0,FETUSDT
2023-10-16 20:00:00,0.2144,0.2158,0.2133,0.2139,2085814.0,FETUSDT
2023-10-17 00:00:00,0.2138,0.216,0.2131,0.2137,2521454.0,FETUSDT
2023-10-17 04:00:00,0.2136,0.2149,0.2126,0.214,2159036.0,FETUSDT
2023-10-17 08:00:00,0.214,0.2144,0.2119,0.2126,2679200.0,FETUSDT
2023-10-17 12:00:00,0.2127,0.2129,0.2025,0.207,10040323.0,FETUSDT
2023-10-17 16:00:00,0.2069,0.2073,0.2029,0.2053,6538116.0,FETUSDT
2023-10-17 20:00:00,0.2053,0.2063,0.2042,0.206,2712061.0,FETUSDT
2023-10-18 00:00:00,0.2059,0.2064,0.2019,0.206,4934721.0,FETUSDT
2023-10-18 04:00:00,0.2061,0.2103,0.2056,0.2073,6931684.0,FETUSDT
2023-10-18 08:00:00,0.2073,0.2084,0.2056,0.2064,2171342.0,FETUSDT
2023-10-18 12:00:00,0.2065,0.2072,0.204,0.2044,2665971.0,FETUSDT
2023-10-18 16:00:00,0.2044,0.2057,0.2033,0.2042,2119546.0,FETUSDT
2023-10-18 20:00:00,0.2042,0.2047,0.2028,0.2031,1479810.0,FETUSDT
2023-10-19 00:00:00,0.2031,0.2043,0.1992,0.2014,5594109.0,FETUSDT
2023-10-19 04:00:00,0.2014,0.2027,0.1999,0.2008,2025891.0,FETUSDT
2023-10-19 08:00:00,0.2008,0.209,0.1991,0.2015,16547333.0,FETUSDT
2023-10-19 12:00:00,0.2015,0.204,0.2006,0.2034,4425940.0,FETUSDT
2023-10-19 16:00:00,0.2034,0.2061,0.2029,0.206,4493901.0,FETUSDT
2023-10-19 20:00:00,0.2059,0.2066,0.2014,0.2038,4418365.0,FETUSDT
2023-10-20 00:00:00,0.2039,0.2079,0.2034,0.2065,4405637.0,FETUSDT
2023-10-20 04:00:00,0.2065,0.2139,0.2059,0.2134,9446013.0,FETUSDT
2023-10-20 08:00:00,0.2134,0.2233,0.2128,0.2172,35797168.0,FETUSDT
2023-10-20 12:00:00,0.2172,0.2202,0.2151,0.218,8785410.0,FETUSDT
2023-10-20 16:00:00,0.2179,0.2217,0.2173,0.219,7964206.0,FETUSDT
2023-10-20 20:00:00,0.2189,0.2201,0.217,0.2185,2484163.0,FETUSDT
2023-10-21 00:00:00,0.2185,0.2196,0.2166,0.2185,4250117.0,FETUSDT
2023-10-21 04:00:00,0.2186,0.2229,0.2184,0.2201,5685697.0,FETUSDT
2023-10-21 08:00:00,0.2201,0.2279,0.2201,0.2264,12108725.0,FETUSDT
2023-10-21 12:00:00,0.2264,0.2329,0.2244,0.2327,18824035.0,FETUSDT
2023-10-21 16:00:00,0.2326,0.2333,0.2284,0.2308,10999974.0,FETUSDT
2023-10-21 20:00:00,0.2308,0.2318,0.2252,0.2271,6443384.0,FETUSDT
2023-10-22 00:00:00,0.2272,0.2317,0.2267,0.2305,4503394.0,FETUSDT
2023-10-22 04:00:00,0.2304,0.2345,0.2186,0.2244,11347226.0,FETUSDT
2023-10-22 08:00:00,0.2244,0.2298,0.2229,0.2272,7885839.0,FETUSDT
2023-10-22 12:00:00,0.2272,0.2305,0.224,0.2246,8637384.0,FETUSDT
2023-10-22 16:00:00,0.2247,0.2283,0.2234,0.2252,5842774.0,FETUSDT
2023-10-22 20:00:00,0.2253,0.2334,0.2253,0.2323,6764745.0,FETUSDT
2023-10-23 00:00:00,0.2324,0.2358,0.2302,0.2338,8779351.0,FETUSDT
2023-10-23 04:00:00,0.2338,0.2355,0.2265,0.229,8436102.0,FETUSDT
2023-10-23 08:00:00,0.229,0.2334,0.2258,0.2297,9318909.0,FETUSDT
2023-10-23 12:00:00,0.2297,0.2404,0.2293,0.2401,17163794.0,FETUSDT
2023-10-23 16:00:00,0.24,0.2435,0.2374,0.2415,17238061.0,FETUSDT
2023-10-23 20:00:00,0.2415,0.2518,0.2392,0.2515,18155005.0,FETUSDT
2023-10-24 00:00:00,0.2515,0.2612,0.2488,0.2508,21555960.0,FETUSDT
2023-10-24 04:00:00,0.2509,0.26,0.2457,0.2516,14801226.0,FETUSDT
2023-10-24 08:00:00,0.2516,0.2723,0.2507,0.2722,25067335.0,FETUSDT
2023-10-24 12:00:00,0.2721,0.2878,0.2519,0.2616,63962729.0,FETUSDT
2023-10-24 16:00:00,0.2616,0.2804,0.2566,0.2743,30752689.0,FETUSDT
2023-10-24 20:00:00,0.2742,0.2793,0.2668,0.2747,11633323.0,FETUSDT
2023-10-25 00:00:00,0.2747,0.2853,0.2695,0.275,13535550.0,FETUSDT
2023-10-25 04:00:00,0.2751,0.294,0.2719,0.2762,29580657.0,FETUSDT
2023-10-25 08:00:00,0.2763,0.2918,0.2724,0.2844,18859392.0,FETUSDT
2023-10-25 12:00:00,0.2843,0.3101,0.2822,0.3093,47367598.0,FETUSDT
2023-10-25 16:00:00,0.3093,0.3199,0.2945,0.3033,33163458.0,FETUSDT
2023-10-25 20:00:00,0.3033,0.3061,0.2962,0.3027,11093501.0,FETUSDT
2023-10-26 00:00:00,0.3025,0.3048,0.2957,0.3043,10839387.0,FETUSDT
2023-10-26 04:00:00,0.3043,0.3112,0.2932,0.3091,14105543.0,FETUSDT
2023-10-26 08:00:00,0.3091,0.3108,0.285,0.2891,21362269.0,FETUSDT
2023-10-26 12:00:00,0.289,0.2987,0.2767,0.2847,20825919.0,FETUSDT
2023-10-26 16:00:00,0.2847,0.2926,0.281,0.2894,14906783.0,FETUSDT
2023-10-26 20:00:00,0.2894,0.2996,0.2885,0.2961,8007211.0,FETUSDT
2023-10-27 00:00:00,0.2961,0.2976,0.2857,0.2905,8154106.0,FETUSDT
2023-10-27 04:00:00,0.2906,0.3045,0.2892,0.2979,12170198.0,FETUSDT
2023-10-27 08:00:00,0.298,0.3029,0.2939,0.2997,10494706.0,FETUSDT
2023-10-27 12:00:00,0.2997,0.3243,0.2978,0.3188,40574620.0,FETUSDT
2023-10-27 16:00:00,0.3189,0.322,0.3055,0.3142,35575775.0,FETUSDT
2023-10-27 20:00:00,0.3142,0.3193,0.3112,0.318,9940231.0,FETUSDT
2023-10-28 00:00:00,0.318,0.3398,0.3131,0.3389,19863332.0,FETUSDT
2023-10-28 04:00:00,0.339,0.3483,0.3314,0.3436,25700757.0,FETUSDT
2023-10-28 08:00:00,0.3438,0.3574,0.341,0.3517,23689131.0,FETUSDT
2023-10-28 12:00:00,0.3517,0.3643,0.344,0.3637,28982527.0,FETUSDT
2023-10-28 16:00:00,0.3637,0.3644,0.3463,0.3478,16995972.0,FETUSDT
2023-10-28 20:00:00,0.3478,0.3543,0.3462,0.3517,7152497.0,FETUSDT
2023-10-29 00:00:00,0.3518,0.3607,0.3466,0.3604,14370133.0,FETUSDT
2023-10-29 04:00:00,0.3603,0.3898,0.3579,0.3791,28666335.0,FETUSDT
2023-10-29 08:00:00,0.3792,0.3831,0.3661,0.3751,22254217.0,FETUSDT
2023-10-29 12:00:00,0.3751,0.3904,0.3677,0.3693,29516193.0,FETUSDT
2023-10-29 16:00:00,0.3693,0.3755,0.3666,0.3738,11828665.0,FETUSDT
2023-10-29 20:00:00,0.3738,0.3757,0.3614,0.3658,8657535.0,FETUSDT
2023-10-30 00:00:00,0.3659,0.3779,0.3571,0.3626,11657029.0,FETUSDT
2023-10-30 04:00:00,0.3627,0.3683,0.356,0.3653,11376922.0,FETUSDT
2023-10-30 08:00:00,0.3653,0.375,0.3645,0.3701,12400283.0,FETUSDT
2023-10-30 12:00:00,0.3701,0.3791,0.367,0.3703,12656352.0,FETUSDT
2023-10-30 16:00:00,0.3703,0.3717,0.3566,0.363,14100212.0,FETUSDT
2023-10-30 20:00:00,0.3629,0.367,0.3574,0.3585,11950830.0,FETUSDT
2023-10-31 00:00:00,0.3585,0.3701,0.3576,0.3634,7345401.0,FETUSDT
2023-10-31 04:00:00,0.3634,0.3753,0.3606,0.3634,14567323.0,FETUSDT
2023-10-31 08:00:00,0.3634,0.3773,0.3583,0.3741,14524148.0,FETUSDT
2023-10-31 12:00:00,0.374,0.3787,0.3369,0.3418,32452792.0,FETUSDT
2023-10-31 16:00:00,0.3417,0.354,0.3372,0.3477,11969307.0,FETUSDT
2023-10-31 20:00:00,0.3476,0.3636,0.347,0.3632,10930765.0,FETUSDT
2023-11-01 00:00:00,0.3633,0.3676,0.3561,0.3578,6743545.0,FETUSDT
2023-11-01 04:00:00,0.3579,0.3609,0.348,0.3481,8697176.0,FETUSDT
2023-11-01 08:00:00,0.3481,0.3518,0.3392,0.3441,10095433.0,FETUSDT
2023-11-01 12:00:00,0.3441,0.3549,0.339,0.3414,16913622.0,FETUSDT
2023-11-01 16:00:00,0.3413,0.378,0.3402,0.3666,30016374.0,FETUSDT
2023-11-01 20:00:00,0.3666,0.3867,0.3666,0.3856,18342323.0,FETUSDT
2023-11-02 00:00:00,0.3853,0.3892,0.3752,0.3856,12857736.0,FETUSDT
2023-11-02 04:00:00,0.3857,0.3887,0.3637,0.3656,13388850.0,FETUSDT
2023-11-02 08:00:00,0.3655,0.3707,0.3601,0.364,9469154.0,FETUSDT
2023-11-02 12:00:00,0.3639,0.3644,0.3412,0.3424,18770365.0,FETUSDT
2023-11-02 16:00:00,0.3424,0.3523,0.3402,0.3521,10918871.0,FETUSDT
2023-11-02 20:00:00,0.3521,0.3529,0.3446,0.3482,4185423.0,FETUSDT
2023-11-03 00:00:00,0.348,0.348,0.3327,0.3367,10334722.0,FETUSDT
2023-11-03 04:00:00,0.3367,0.3415,0.3334,0.3365,6689484.0,FETUSDT
2023-11-03 08:00:00,0.3364,0.3412,0.3298,0.3349,11562652.0,FETUSDT
2023-11-03 12:00:00,0.3349,0.3651,0.3317,0.3634,19062134.0,FETUSDT
2023-11-03 16:00:00,0.3636,0.3687,0.3498,0.3541,14997938.0,FETUSDT
2023-11-03 20:00:00,0.3541,0.3601,0.3524,0.3565,5811804.0,FETUSDT
2023-11-04 00:00:00,0.3565,0.3609,0.3526,0.3546,5459417.0,FETUSDT
2023-11-04 04:00:00,0.3546,0.366,0.3506,0.3577,8558578.0,FETUSDT
2023-11-04 08:00:00,0.3578,0.3629,0.3549,0.3567,6972460.0,FETUSDT
2023-11-04 12:00:00,0.3566,0.3627,0.3505,0.3534,6350233.0,FETUSDT
2023-11-04 16:00:00,0.3534,0.3599,0.3527,0.3544,8603303.0,FETUSDT
2023-11-04 20:00:00,0.3545,0.3649,0.3536,0.3609,4351315.0,FETUSDT
2023-11-05 00:00:00,0.3609,0.3704,0.3581,0.3667,8951314.0,FETUSDT
2023-11-05 04:00:00,0.3665,0.3677,0.3591,0.3654,4084921.0,FETUSDT
2023-11-05 08:00:00,0.3656,0.3679,0.36,0.3624,5394192.0,FETUSDT
2023-11-05 12:00:00,0.3623,0.3654,0.3455,0.351,12659651.0,FETUSDT
2023-11-05 16:00:00,0.3511,0.3748,0.3507,0.3659,15008467.0,FETUSDT
2023-11-05 20:00:00,0.3659,0.3698,0.3556,0.3653,8393775.0,FETUSDT
2023-11-06 00:00:00,0.3655,0.3752,0.3627,0.3715,7622402.0,FETUSDT
2023-11-06 04:00:00,0.3718,0.3732,0.355,0.3656,7403948.0,FETUSDT
2023-11-06 08:00:00,0.3658,0.3996,0.3656,0.3972,28779705.0,FETUSDT
2023-11-06 12:00:00,0.3973,0.4065,0.385,0.3888,30674166.0,FETUSDT
2023-11-06 16:00:00,0.389,0.3911,0.3782,0.3895,11957135.0,FETUSDT
2023-11-06 20:00:00,0.3896,0.3932,0.3817,0.3904,5980704.0,FETUSDT
2023-11-07 00:00:00,0.3906,0.3944,0.3786,0.3845,8992361.0,FETUSDT
2023-11-07 04:00:00,0.3844,0.3861,0.3768,0.3779,9165188.0,FETUSDT
2023-11-07 08:00:00,0.3779,0.3829,0.365,0.3659,13905164.0,FETUSDT
2023-11-07 12:00:00,0.366,0.3668,0.3478,0.3527,23371674.0,FETUSDT
2023-11-07 16:00:00,0.3528,0.3697,0.3482,0.368,20972134.0,FETUSDT
2023-11-07 20:00:00,0.3681,0.3771,0.3618,0.3635,13691151.0,FETUSDT
2023-11-08 00:00:00,0.3636,0.3674,0.36,0.3605,5584595.0,FETUSDT
2023-11-08 04:00:00,0.3603,0.3678,0.3581,0.364,5987690.0,FETUSDT
2023-11-08 08:00:00,0.364,0.3758,0.3609,0.3714,10566657.0,FETUSDT
2023-11-08 12:00:00,0.3716,0.3809,0.3679,0.3735,12809862.0,FETUSDT
2023-11-08 16:00:00,0.3736,0.3783,0.3715,0.3748,8151585.0,FETUSDT
2023-11-08 20:00:00,0.3749,0.377,0.3689,0.3713,6587217.0,FETUSDT
2023-11-09 00:00:00,0.3713,0.3839,0.3661,0.3833,9334299.0,FETUSDT
2023-11-09 04:00:00,0.3833,0.3867,0.376,0.3781,10246120.0,FETUSDT
2023-11-09 08:00:00,0.378,0.3989,0.3779,0.3911,15659288.0,FETUSDT
2023-11-09 12:00:00,0.3911,0.4115,0.3833,0.388,31401458.0,FETUSDT
2023-11-09 16:00:00,0.3881,0.394,0.338,0.3634,39357237.0,FETUSDT
2023-11-09 20:00:00,0.3634,0.393,0.3538,0.3909,16723476.0,FETUSDT
2023-11-10 00:00:00,0.3907,0.3952,0.3841,0.3847,9992691.0,FETUSDT
2023-11-10 04:00:00,0.385,0.3924,0.3786,0.3808,8745191.0,FETUSDT
2023-11-10 08:00:00,0.3809,0.4095,0.3721,0.408,20932869.0,FETUSDT
2023-11-10 12:00:00,0.4079,0.4214,0.3937,0.4015,38783052.0,FETUSDT
2023-11-10 16:00:00,0.4015,0.4108,0.3962,0.4065,14315980.0,FETUSDT
2023-11-10 20:00:00,0.4065,0.4435,0.4032,0.4434,23948902.0,FETUSDT
2023-11-11 00:00:00,0.4433,0.4489,0.4227,0.4306,24629000.0,FETUSDT
2023-11-11 04:00:00,0.4304,0.4454,0.4245,0.435,15746041.0,FETUSDT
2023-11-11 08:00:00,0.4354,0.4537,0.4302,0.4407,19013403.0,FETUSDT
2023-11-11 12:00:00,0.4407,0.4523,0.4349,0.4384,18574286.0,FETUSDT
2023-11-11 16:00:00,0.4382,0.45,0.4317,0.4396,16948852.0,FETUSDT
2023-11-11 20:00:00,0.4396,0.4404,0.4182,0.4267,9686863.0,FETUSDT
2023-11-12 00:00:00,0.4264,0.43,0.3898,0.4094,23030768.0,FETUSDT
2023-11-12 04:00:00,0.4094,0.4281,0.4014,0.4268,10961168.0,FETUSDT
2023-11-12 08:00:00,0.4267,0.4337,0.417,0.4253,12698942.0,FETUSDT
2023-11-12 12:00:00,0.4255,0.4266,0.4104,0.4165,11463337.0,FETUSDT
2023-11-12 16:00:00,0.4164,0.4207,0.4069,0.412,6446520.0,FETUSDT
2023-11-12 20:00:00,0.4122,0.4345,0.4107,0.4296,12136751.0,FETUSDT
2023-11-13 00:00:00,0.4297,0.439,0.41,0.4122,12706772.0,FETUSDT
2023-11-13 04:00:00,0.4121,0.4155,0.4029,0.4104,10092224.0,FETUSDT
2023-11-13 08:00:00,0.4103,0.4169,0.3975,0.4012,9845900.0,FETUSDT
2023-11-13 12:00:00,0.4012,0.4091,0.39,0.4033,13588036.0,FETUSDT
2023-11-13 16:00:00,0.4033,0.4118,0.393,0.4024,9117123.0,FETUSDT
2023-11-13 20:00:00,0.4023,0.4029,0.3718,0.3738,19474470.0,FETUSDT
2023-11-14 00:00:00,0.3737,0.3787,0.3627,0.376,14997299.0,FETUSDT
2023-11-14 04:00:00,0.376,0.3971,0.3717,0.3954,11088734.0,FETUSDT
2023-11-14 08:00:00,0.3954,0.3963,0.3728,0.3773,10635324.0,FETUSDT
2023-11-14 12:00:00,0.3772,0.3952,0.3731,0.3826,20352894.0,FETUSDT
2023-11-14 16:00:00,0.3829,0.3899,0.36,0.3762,15935981.0,FETUSDT
2023-11-14 20:00:00,0.3763,0.3878,0.3748,0.3841,8763833.0,FETUSDT
2023-11-15 00:00:00,0.384,0.3878,0.3787,0.3794,8227448.0,FETUSDT
2023-11-15 04:00:00,0.3794,0.3982,0.3793,0.3966,6194362.0,FETUSDT
2023-11-15 08:00:00,0.3967,0.4262,0.3965,0.4217,23171093.0,FETUSDT
2023-11-15 12:00:00,0.4216,0.4247,0.4132,0.423,14697668.0,FETUSDT
2023-11-15 16:00:00,0.423,0.4392,0.4156,0.4387,18417321.0,FETUSDT
2023-11-15 20:00:00,0.4388,0.4499,0.4265,0.4458,18707382.0,FETUSDT
2023-11-16 00:00:00,0.4458,0.4541,0.4341,0.4423,18397643.0,FETUSDT
2023-11-16 04:00:00,0.4421,0.4457,0.4362,0.4424,11131507.0,FETUSDT
2023-11-16 08:00:00,0.4423,0.4445,0.4246,0.4249,15848076.0,FETUSDT
2023-11-16 12:00:00,0.4249,0.4397,0.4124,0.4282,25886941.0,FETUSDT
2023-11-16 16:00:00,0.4283,0.4517,0.4202,0.4397,34827181.0,FETUSDT
2023-11-16 20:00:00,0.4399,0.4458,0.4267,0.4328,17215186.0,FETUSDT
2023-11-17 00:00:00,0.4331,0.4824,0.4303,0.4593,31794053.0,FETUSDT
2023-11-17 04:00:00,0.4591,0.4697,0.454,0.4595,15828898.0,FETUSDT
2023-11-17 08:00:00,0.4595,0.4787,0.4419,0.4428,27857699.0,FETUSDT
2023-11-17 12:00:00,0.4428,0.4436,0.413,0.4164,34175797.0,FETUSDT
2023-11-17 16:00:00,0.4163,0.446,0.4161,0.4331,26466774.0,FETUSDT
2023-11-17 20:00:00,0.4334,0.4452,0.4287,0.4415,11743286.0,FETUSDT
2023-11-18 00:00:00,0.4412,0.4427,0.4145,0.4157,12940008.0,FETUSDT
2023-11-18 04:00:00,0.4157,0.42,0.3952,0.4162,15982504.0,FETUSDT
2023-11-18 08:00:00,0.4156,0.4354,0.4117,0.4278,12462605.0,FETUSDT
2023-11-18 12:00:00,0.4279,0.4602,0.4197,0.4597,25579783.0,FETUSDT
2023-11-18 16:00:00,0.4597,0.4648,0.4463,0.4576,19883279.0,FETUSDT
2023-11-18 20:00:00,0.4578,0.4669,0.4531,0.4624,17016315.0,FETUSDT
2023-11-19 00:00:00,0.4624,0.4758,0.4478,0.4725,20030977.0,FETUSDT
2023-11-19 04:00:00,0.4729,0.4809,0.4571,0.468,23172173.0,FETUSDT
2023-11-19 08:00:00,0.4681,0.491,0.4639,0.4866,27440817.0,FETUSDT
2023-11-19 12:00:00,0.4866,0.4972,0.4787,0.492,23367912.0,FETUSDT
2023-11-19 16:00:00,0.492,0.5173,0.491,0.5016,32504029.0,FETUSDT
2023-11-19 20:00:00,0.5017,0.5052,0.4912,0.4995,13206596.0,FETUSDT
2023-11-20 00:00:00,0.4996,0.5491,0.497,0.5483,31444788.0,FETUSDT
2023-11-20 04:00:00,0.5484,0.5637,0.5248,0.5635,29065013.0,FETUSDT
2023-11-20 08:00:00,0.5634,0.5794,0.556,0.5739,38879498.0,FETUSDT
2023-11-20 12:00:00,0.5739,0.5756,0.5364,0.5415,38780843.0,FETUSDT
2023-11-20 16:00:00,0.5415,0.5481,0.5173,0.5263,28481034.0,FETUSDT
2023-11-20 20:00:00,0.5263,0.5301,0.5108,0.5195,15838624.0,FETUSDT
2023-11-21 00:00:00,0.5195,0.5397,0.5148,0.5216,17301191.0,FETUSDT
2023-11-21 04:00:00,0.5217,0.5298,0.5005,0.5011,17204918.0,FETUSDT
2023-11-21 08:00:00,0.5011,0.5134,0.4964,0.497,14250092.0,FETUSDT
2023-11-21 12:00:00,0.4969,0.5244,0.4868,0.5155,34601072.0,FETUSDT
2023-11-21 16:00:00,0.5149,0.5422,0.4804,0.4993,41999673.0,FETUSDT
2023-11-21 20:00:00,0.4994,0.54,0.4597,0.4604,34541435.0,FETUSDT
2023-11-22 00:00:00,0.4603,0.5198,0.4603,0.5104,20286750.0,FETUSDT
2023-11-22 04:00:00,0.5107,0.5265,0.4981,0.5177,16878767.0,FETUSDT
2023-11-22 08:00:00,0.5176,0.535,0.5112,0.5146,20154739.0,FETUSDT
2023-11-22 12:00:00,0.5148,0.5488,0.5148,0.534,26833204.0,FETUSDT
2023-11-22 16:00:00,0.5345,0.5374,0.5212,0.5301,15888966.0,FETUSDT
2023-11-22 20:00:00,0.5301,0.5357,0.5093,0.5162,13450730.0,FETUSDT
2023-11-23 00:00:00,0.5161,0.5223,0.5081,0.5081,8295615.0,FETUSDT
2023-11-23 04:00:00,0.5081,0.5094,0.495,0.5007,11893744.0,FETUSDT
2023-11-23 08:00:00,0.5009,0.5074,0.4915,0.495,10797916.0,FETUSDT
2023-11-23 12:00:00,0.495,0.5006,0.4819,0.488,19430130.0,FETUSDT
2023-11-23 16:00:00,0.4882,0.4972,0.4866,0.4908,6718348.0,FETUSDT
2023-11-23 20:00:00,0.4908,0.5014,0.4898,0.4963,5977107.0,FETUSDT
2023-11-24 00:00:00,0.4963,0.524,0.4936,0.5198,9061434.0,FETUSDT
2023-11-24 04:00:00,0.52,0.5514,0.5164,0.5416,25397741.0,FETUSDT
2023-11-24 08:00:00,0.5417,0.5678,0.5397,0.5427,31183090.0,FETUSDT
2023-11-24 12:00:00,0.5427,0.5499,0.532,0.5417,14032435.0,FETUSDT
2023-11-24 16:00:00,0.5418,0.5511,0.5214,0.5262,12603809.0,FETUSDT
2023-11-24 20:00:00,0.5262,0.5346,0.5222,0.5318,7271690.0,FETUSDT
2023-11-25 00:00:00,0.5318,0.5413,0.5261,0.5313,8287060.0,FETUSDT
2023-11-25 04:00:00,0.5313,0.5374,0.521,0.5303,9389499.0,FETUSDT
2023-11-25 08:00:00,0.5303,0.5347,0.5172,0.5237,12488048.0,FETUSDT
2023-11-25 12:00:00,0.5237,0.5354,0.5227,0.5305,8962871.0,FETUSDT
2023-11-25 16:00:00,0.5306,0.5338,0.5236,0.5259,5051872.0,FETUSDT
2023-11-25 20:00:00,0.5257,0.5342,0.5238,0.5325,3780199.0,FETUSDT
2023-11-26 00:00:00,0.5325,0.5439,0.5247,0.5276,7113440.0,FETUSDT
2023-11-26 04:00:00,0.5275,0.5307,0.5238,0.5251,3790340.0,FETUSDT
2023-11-26 08:00:00,0.5252,0.5285,0.5198,0.5237,4504834.0,FETUSDT
2023-11-26 12:00:00,0.5236,0.5294,0.5126,0.514,8733812.0,FETUSDT
2023-11-26 16:00:00,0.514,0.5322,0.505,0.5277,11690351.0,FETUSDT
2023-11-26 20:00:00,0.5278,0.543,0.5223,0.5345,7704555.0,FETUSDT
2023-11-27 00:00:00,0.5341,0.5461,0.5232,0.5389,12963517.0,FETUSDT
2023-11-27 04:00:00,0.539,0.5534,0.5263,0.5362,12813882.0,FETUSDT
2023-11-27 08:00:00,0.5362,0.548,0.5181,0.5294,14484382.0,FETUSDT
2023-11-27 12:00:00,0.5293,0.5293,0.4995,0.5027,16479102.0,FETUSDT
2023-11-27 16:00:00,0.5027,0.5192,0.4997,0.5061,13515027.0,FETUSDT
2023-11-27 20:00:00,0.5062,0.5197,0.4975,0.5138,7504189.0,FETUSDT
2023-11-28 00:00:00,0.5139,0.5212,0.505,0.5056,6038641.0,FETUSDT
2023-11-28 04:00:00,0.5056,0.5117,0.4888,0.5031,9553938.0,FETUSDT
2023-11-28 08:00:00,0.503,0.5415,0.5029,0.5357,22102050.0,FETUSDT
2023-11-28 12:00:00,0.5359,0.5394,0.5255,0.5345,12252030.0,FETUSDT
2023-11-28 16:00:00,0.5343,0.5463,0.532,0.5422,13662430.0,FETUSDT
2023-11-28 20:00:00,0.5419,0.543,0.5306,0.54,6343764.0,FETUSDT
2023-11-29 00:00:00,0.5404,0.56,0.536,0.5472,11287902.0,FETUSDT
2023-11-29 04:00:00,0.5471,0.5479,0.5323,0.5404,5687733.0,FETUSDT
2023-11-29 08:00:00,0.5405,0.5544,0.5258,0.5277,12734399.0,FETUSDT
2023-11-29 12:00:00,0.5277,0.5356,0.5221,0.5297,7966987.0,FETUSDT
2023-11-29 16:00:00,0.5298,0.5321,0.5234,0.5282,5024414.0,FETUSDT
2023-11-29 20:00:00,0.5283,0.5303,0.5205,0.5225,3942246.0,FETUSDT
2023-11-30 00:00:00,0.5226,0.5321,0.5148,0.5287,6012703.0,FETUSDT
2023-11-30 04:00:00,0.5287,0.5317,0.5171,0.5196,4865576.0,FETUSDT
2023-11-30 08:00:00,0.5198,0.5374,0.5163,0.5361,6143629.0,FETUSDT
2023-11-30 12:00:00,0.536,0.5376,0.5199,0.5227,8784597.0,FETUSDT
2023-11-30 16:00:00,0.5226,0.5328,0.5202,0.5281,5146473.0,FETUSDT
2023-11-30 20:00:00,0.5284,0.5333,0.5252,0.5282,2804435.0,FETUSDT
2023-12-01 00:00:00,0.5284,0.5356,0.522,0.5312,3612655.0,FETUSDT
2023-12-01 04:00:00,0.5312,0.5405,0.5269,0.5348,4626751.0,FETUSDT
2023-12-01 08:00:00,0.5348,0.5519,0.5318,0.5483,9102489.0,FETUSDT
2023-12-01 12:00:00,0.548,0.553,0.5238,0.5311,13018652.0,FETUSDT
2023-12-01 16:00:00,0.5312,0.5552,0.5297,0.5546,15085756.0,FETUSDT
2023-12-01 20:00:00,0.5547,0.5644,0.5502,0.5544,13502121.0,FETUSDT
2023-12-02 00:00:00,0.5543,0.5737,0.554,0.5726,9530958.0,FETUSDT
2023-12-02 04:00:00,0.5726,0.5791,0.5542,0.557,9480937.0,FETUSDT
2023-12-02 08:00:00,0.5572,0.5681,0.5461,0.5529,8626945.0,FETUSDT
2023-12-02 12:00:00,0.5529,0.558,0.5452,0.5469,8625952.0,FETUSDT
2023-12-02 16:00:00,0.5468,0.5559,0.5405,0.5504,9197672.0,FETUSDT
2023-12-02 20:00:00,0.5504,0.5635,0.5466,0.5583,11883577.0,FETUSDT
2023-12-03 00:00:00,0.5584,0.5674,0.5553,0.5596,7702356.0,FETUSDT
2023-12-03 04:00:00,0.5599,0.5613,0.55,0.561,3541931.0,FETUSDT
2023-12-03 08:00:00,0.5611,0.5844,0.5604,0.5651,17117883.0,FETUSDT
2023-12-03 12:00:00,0.5652,0.5769,0.5617,0.57,13465661.0,FETUSDT
2023-12-03 16:00:00,0.5698,0.5753,0.5617,0.5722,7736457.0,FETUSDT
2023-12-03 20:00:00,0.5724,0.5757,0.5551,0.5578,10557251.0,FETUSDT
2023-12-04 00:00:00,0.5577,0.5676,0.553,0.563,12904272.0,FETUSDT
2023-12-04 04:00:00,0.5629,0.5683,0.5492,0.5569,15144609.0,FETUSDT
2023-12-04 08:00:00,0.5571,0.5656,0.5011,0.5324,33190562.0,FETUSDT
2023-12-04 12:00:00,0.5322,0.563,0.5094,0.52,29699762.0,FETUSDT
2023-12-04 16:00:00,0.52,0.533,0.5186,0.5328,13629252.0,FETUSDT
2023-12-04 20:00:00,0.5327,0.5429,0.5271,0.5426,9360436.0,FETUSDT
2023-12-05 00:00:00,0.5427,0.5476,0.5274,0.5311,8886512.0,FETUSDT
2023-12-05 04:00:00,0.5313,0.5391,0.52,0.5261,10719530.0,FETUSDT
2023-12-05 08:00:00,0.526,0.5298,0.5139,0.5211,12965875.0,FETUSDT
2023-12-05 12:00:00,0.5211,0.5265,0.5156,0.5245,8868612.0,FETUSDT
2023-12-05 16:00:00,0.5243,0.5443,0.5186,0.5365,15782104.0,FETUSDT
2023-12-05 20:00:00,0.5366,0.5375,0.5285,0.5326,8118342.0,FETUSDT
2023-12-06 00:00:00,0.5327,0.5433,0.5228,0.5272,8872619.0,FETUSDT
2023-12-06 04:00:00,0.5272,0.5364,0.515,0.5245,10836072.0,FETUSDT
2023-12-06 08:00:00,0.5244,0.5337,0.5089,0.5178,12074244.0,FETUSDT
2023-12-06 12:00:00,0.5178,0.5244,0.5131,0.5203,6599670.0,FETUSDT
2023-12-06 16:00:00,0.5203,0.5293,0.5195,0.5234,4961560.0,FETUSDT
2023-12-06 20:00:00,0.5232,0.5239,0.5016,0.5045,8725833.0,FETUSDT
2023-12-07 00:00:00,0.5044,0.5133,0.5024,0.5089,4062346.0,FETUSDT
2023-12-07 04:00:00,0.5089,0.5152,0.5081,0.5112,4172376.0,FETUSDT
2023-12-07 08:00:00,0.5112,0.5143,0.4856,0.5017,14016150.0,FETUSDT
2023-12-07 12:00:00,0.5018,0.5198,0.4983,0.5138,9037355.0,FETUSDT
2023-12-07 16:00:00,0.5138,0.5371,0.5117,0.5213,17452898.0,FETUSDT
2023-12-07 20:00:00,0.5213,0.5299,0.5187,0.5267,5989636.0,FETUSDT
2023-12-08 00:00:00,0.5267,0.5318,0.5194,0.5279,5730676.0,FETUSDT
2023-12-08 04:00:00,0.5281,0.5394,0.5243,0.5263,6830397.0,FETUSDT
2023-12-08 08:00:00,0.5263,0.536,0.524,0.531,7451300.0,FETUSDT
2023-12-08 12:00:00,0.531,0.5343,0.5247,0.5314,8887352.0,FETUSDT
2023-12-08 16:00:00,0.5313,0.5452,0.5296,0.5403,11214235.0,FETUSDT
2023-12-08 20:00:00,0.5403,0.5435,0.5361,0.5378,6103476.0,FETUSDT
2023-12-09 00:00:00,0.5378,0.5554,0.5376,0.5519,8235525.0,FETUSDT
2023-12-09 04:00:00,0.5519,0.5551,0.5446,0.5513,6408286.0,FETUSDT
2023-12-09 08:00:00,0.5512,0.5553,0.5321,0.5377,11867381.0,FETUSDT
2023-12-09 12:00:00,0.538,0.5436,0.5198,0.5299,13940856.0,FETUSDT
2023-12-09 16:00:00,0.5301,0.5395,0.5211,0.5255,8073546.0,FETUSDT
2023-12-09 20:00:00,0.5256,0.5265,0.5013,0.5132,9158910.0,FETUSDT
2023-12-10 00:00:00,0.5133,0.5219,0.5101,0.5212,4480273.0,FETUSDT
2023-12-10 04:00:00,0.521,0.5236,0.5105,0.5144,5836637.0,FETUSDT
2023-12-10 08:00:00,0.5144,0.5162,0.501,0.5094,6801763.0,FETUSDT
2023-12-10 12:00:00,0.5095,0.5215,0.509,0.5191,5423914.0,FETUSDT
2023-12-10 16:00:00,0.519,0.5215,0.5082,0.52,7161194.0,FETUSDT
2023-12-10 20:00:00,0.5199,0.5303,0.5186,0.5284,7225676.0,FETUSDT
2023-12-11 00:00:00,0.5282,0.535,0.4659,0.5005,23445774.0,FETUSDT
2023-12-11 04:00:00,0.5002,0.5004,0.4851,0.4907,12731629.0,FETUSDT
2023-12-11 08:00:00,0.4907,0.5176,0.4855,0.5176,11381998.0,FETUSDT
2023-12-11 12:00:00,0.5173,0.5201,0.4965,0.5073,18695426.0,FETUSDT
2023-12-11 16:00:00,0.5072,0.514,0.482,0.4959,16502188.0,FETUSDT
2023-12-11 20:00:00,0.4957,0.5036,0.4878,0.4917,9228109.0,FETUSDT
2023-12-12 00:00:00,0.4917,0.5199,0.4907,0.5113,10629988.0,FETUSDT
2023-12-12 04:00:00,0.5113,0.535,0.5021,0.5335,15915041.0,FETUSDT
2023-12-12 08:00:00,0.5336,0.5667,0.525,0.5491,40205882.0,FETUSDT
2023-12-12 12:00:00,0.5492,0.5762,0.5454,0.5544,35790315.0,FETUSDT
2023-12-12 16:00:00,0.5544,0.5643,0.5332,0.5631,20336995.0,FETUSDT
2023-12-12 20:00:00,0.5634,0.6055,0.5531,0.6031,28855437.0,FETUSDT
2023-12-13 00:00:00,0.6031,0.6248,0.5658,0.6029,48147554.0,FETUSDT
2023-12-13 04:00:00,0.6029,0.6058,0.5674,0.5798,33004322.0,FETUSDT
2023-12-13 08:00:00,0.58,0.5967,0.5691,0.583,22282649.0,FETUSDT
2023-12-13 12:00:00,0.5831,0.6491,0.5771,0.6397,47070263.0,FETUSDT
2023-12-13 16:00:00,0.6398,0.6578,0.6196,0.6431,40173870.0,FETUSDT
2023-12-13 20:00:00,0.6431,0.6439,0.6222,0.6288,18137657.0,FETUSDT
2023-12-14 00:00:00,0.6289,0.6555,0.6224,0.641,16473641.0,FETUSDT
2023-12-14 04:00:00,0.6409,0.6814,0.6409,0.6644,23522670.0,FETUSDT
2023-12-14 08:00:00,0.6641,0.687,0.663,0.6768,18541863.0,FETUSDT
2023-12-14 12:00:00,0.6768,0.6823,0.6349,0.6725,26735297.0,FETUSDT
2023-12-14 16:00:00,0.6726,0.687,0.6572,0.6697,14225563.0,FETUSDT
2023-12-14 20:00:00,0.6697,0.716,0.6656,0.7053,21225061.0,FETUSDT
2023-12-15 00:00:00,0.7054,0.7135,0.691,0.7084,10690279.0,FETUSDT
2023-12-15 04:00:00,0.7084,0.7443,0.6968,0.7252,18988874.0,FETUSDT
2023-12-15 08:00:00,0.7252,0.7508,0.7054,0.7308,21295096.0,FETUSDT
2023-12-15 12:00:00,0.7308,0.7403,0.6875,0.7024,23635431.0,FETUSDT
2023-12-15 16:00:00,0.7024,0.733,0.6852,0.7175,20683941.0,FETUSDT
2023-12-15 20:00:00,0.7174,0.7256,0.6665,0.6694,15779876.0,FETUSDT
2023-12-16 00:00:00,0.6692,0.6755,0.6443,0.6693,12868019.0,FETUSDT
2023-12-16 04:00:00,0.6691,0.6714,0.6567,0.6644,6237321.0,FETUSDT
2023-12-16 08:00:00,0.6645,0.6969,0.6606,0.6818,16495252.0,FETUSDT
2023-12-16 12:00:00,0.6817,0.6965,0.6722,0.6809,10347092.0,FETUSDT
2023-12-16 16:00:00,0.681,0.6828,0.6367,0.6392,19972261.0,FETUSDT
2023-12-16 20:00:00,0.639,0.6542,0.6381,0.6467,8595617.0,FETUSDT
2023-12-17 00:00:00,0.6466,0.6545,0.6346,0.6365,6161622.0,FETUSDT
2023-12-17 04:00:00,0.6365,0.6443,0.6181,0.6215,8682712.0,FETUSDT
2023-12-17 08:00:00,0.6215,0.6406,0.621,0.6348,7110454.0,FETUSDT
2023-12-17 12:00:00,0.6346,0.6375,0.6206,0.6351,6378425.0,FETUSDT
2023-12-17 16:00:00,0.6352,0.6627,0.6252,0.6421,12572205.0,FETUSDT
2023-12-17 20:00:00,0.6424,0.6568,0.63,0.638,6533479.0,FETUSDT
2023-12-18 00:00:00,0.6383,0.6655,0.6203,0.6344,16662642.0,FETUSDT
2023-12-18 04:00:00,0.6346,0.6505,0.6139,0.6185,12768344.0,FETUSDT
2023-12-18 08:00:00,0.6183,0.6425,0.589,0.6425,23416571.0,FETUSDT
2023-12-18 12:00:00,0.6425,0.681,0.6312,0.6559,26964329.0,FETUSDT
2023-12-18 16:00:00,0.6559,0.6744,0.6465,0.6644,14055563.0,FETUSDT
2023-12-18 20:00:00,0.6642,0.7093,0.6562,0.7081,16487246.0,FETUSDT
2023-12-19 00:00:00,0.7083,0.7251,0.6921,0.7209,11996689.0,FETUSDT
2023-12-19 04:00:00,0.7207,0.7306,0.7071,0.7122,12826379.0,FETUSDT
2023-12-19 08:00:00,0.712,0.7168,0.6897,0.6956,19198020.0,FETUSDT
2023-12-19 12:00:00,0.6955,0.7291,0.6861,0.7275,19065256.0,FETUSDT
2023-12-19 16:00:00,0.7274,0.7447,0.7047,0.7214,27026740.0,FETUSDT
2023-12-19 20:00:00,0.7215,0.7243,0.6985,0.7075,7212641.0,FETUSDT
2023-12-20 00:00:00,0.7079,0.7401,0.6911,0.7006,12760385.0,FETUSDT
2023-12-20 04:00:00,0.7006,0.73,0.6976,0.711,8705985.0,FETUSDT
2023-12-20 08:00:00,0.711,0.742,0.7055,0.7295,17834647.0,FETUSDT
2023-12-20 12:00:00,0.7291,0.79,0.7201,0.7517,39160409.0,FETUSDT
2023-12-20 16:00:00,0.7517,0.7734,0.7427,0.7508,16483169.0,FETUSDT
2023-12-20 20:00:00,0.7508,0.753,0.7247,0.7359,10619505.0,FETUSDT
2023-12-21 00:00:00,0.7359,0.7373,0.7163,0.7211,9229593.0,FETUSDT
2023-12-21 04:00:00,0.7208,0.731,0.7079,0.7309,10180761.0,FETUSDT
2023-12-21 08:00:00,0.7309,0.7334,0.6999,0.7183,15280837.0,FETUSDT
2023-12-21 12:00:00,0.7182,0.7222,0.699,0.7058,15840844.0,FETUSDT
2023-12-21 16:00:00,0.7058,0.716,0.6996,0.7144,8858474.0,FETUSDT
2023-12-21 20:00:00,0.714,0.7644,0.7131,0.7644,15044879.0,FETUSDT
2023-12-22 00:00:00,0.7642,0.7694,0.7465,0.7672,14509306.0,FETUSDT
2023-12-22 04:00:00,0.7673,0.7798,0.7263,0.7362,15297255.0,FETUSDT
2023-12-22 08:00:00,0.7363,0.747,0.7132,0.7318,10808743.0,FETUSDT
2023-12-22 12:00:00,0.7318,0.733,0.7057,0.7145,9283830.0,FETUSDT
2023-12-22 16:00:00,0.7146,0.733,0.711,0.7158,9197060.0,FETUSDT
2023-12-22 20:00:00,0.7158,0.7251,0.7124,0.7206,4159069.0,FETUSDT
2023-12-23 00:00:00,0.7204,0.7297,0.7005,0.7168,8658384.0,FETUSDT
2023-12-23 04:00:00,0.7169,0.7355,0.7086,0.712,6407250.0,FETUSDT
2023-12-23 08:00:00,0.7117,0.7294,0.7116,0.7249,4300539.0,FETUSDT
2023-12-23 12:00:00,0.7249,0.736,0.7204,0.7307,7861359.0,FETUSDT
2023-12-23 16:00:00,0.7303,0.7488,0.7248,0.7407,7503964.0,FETUSDT
2023-12-23 20:00:00,0.7408,0.7495,0.7319,0.7359,6822616.0,FETUSDT
2023-12-24 00:00:00,0.736,0.7387,0.7224,0.7321,6671047.0,FETUSDT
2023-12-24 04:00:00,0.7321,0.7467,0.7202,0.7314,6202310.0,FETUSDT
2023-12-24 08:00:00,0.7315,0.7319,0.7147,0.7256,6368096.0,FETUSDT
2023-12-24 12:00:00,0.7255,0.7435,0.7204,0.7422,8276013.0,FETUSDT
2023-12-24 16:00:00,0.7425,0.7519,0.7306,0.7344,7125171.0,FETUSDT
2023-12-24 20:00:00,0.7343,0.7358,0.6958,0.7099,11524857.0,FETUSDT
2023-12-25 00:00:00,0.7097,0.7252,0.7036,0.7212,4595340.0,FETUSDT
2023-12-25 04:00:00,0.7212,0.7288,0.7134,0.7151,3976212.0,FETUSDT
2023-12-25 08:00:00,0.7149,0.7218,0.707,0.7124,4591012.0,FETUSDT
2023-12-25 12:00:00,0.7124,0.7281,0.7083,0.7214,7847127.0,FETUSDT
2023-12-25 16:00:00,0.7213,0.7515,0.7165,0.7256,15651049.0,FETUSDT
2023-12-25 20:00:00,0.7259,0.7482,0.714,0.7391,9616501.0,FETUSDT
2023-12-26 00:00:00,0.7394,0.7494,0.7274,0.7478,5442809.0,FETUSDT
2023-12-26 04:00:00,0.7478,0.7488,0.7109,0.7243,8316243.0,FETUSDT
2023-12-26 08:00:00,0.7243,0.7783,0.7162,0.7668,14099244.0,FETUSDT
2023-12-26 12:00:00,0.7668,0.7952,0.7552,0.7668,27116866.0,FETUSDT
2023-12-26 16:00:00,0.7671,0.7799,0.7024,0.7458,24366317.0,FETUSDT
2023-12-26 20:00:00,0.7459,0.7877,0.7424,0.7666,11405246.0,FETUSDT
2023-12-27 00:00:00,0.7669,0.77,0.7134,0.7286,9699690.0,FETUSDT
2023-12-27 04:00:00,0.7286,0.748,0.7282,0.7304,5965404.0,FETUSDT
2023-12-27 08:00:00,0.7305,0.7573,0.7281,0.7502,6361540.0,FETUSDT
2023-12-27 12:00:00,0.7501,0.76,0.7315,0.7353,8000669.0,FETUSDT
2023-12-27 16:00:00,0.7356,0.7403,0.7261,0.7309,6666884.0,FETUSDT
2023-12-27 20:00:00,0.7309,0.7389,0.7222,0.7378,6844479.0,FETUSDT
2023-12-28 00:00:00,0.738,0.7551,0.734,0.7456,6316952.0,FETUSDT
2023-12-28 04:00:00,0.7456,0.7525,0.7173,0.7256,6140231.0,FETUSDT
2023-12-28 08:00:00,0.7256,0.7313,0.7207,0.7267,4523904.0,FETUSDT
2023-12-28 12:00:00,0.7267,0.7278,0.6809,0.6904,16434640.0,FETUSDT
2023-12-28 16:00:00,0.6904,0.7016,0.6845,0.6979,7143594.0,FETUSDT
2023-12-28 20:00:00,0.6979,0.6982,0.6743,0.6837,5933952.0,FETUSDT
2023-12-29 00:00:00,0.6837,0.6932,0.6613,0.6917,7646543.0,FETUSDT
2023-12-29 04:00:00,0.692,0.7007,0.6823,0.6839,3899323.0,FETUSDT
2023-12-29 08:00:00,0.6837,0.7122,0.6827,0.711,5636672.0,FETUSDT
2023-12-29 12:00:00,0.7111,0.7236,0.6826,0.6949,10225719.0,FETUSDT
2023-12-29 16:00:00,0.6948,0.7012,0.6678,0.6918,8912663.0,FETUSDT
2023-12-29 20:00:00,0.6916,0.6944,0.67,0.687,4216992.0,FETUSDT
2023-12-30 00:00:00,0.6869,0.6992,0.6833,0.6914,2279967.0,FETUSDT
2023-12-30 04:00:00,0.6914,0.7015,0.6839,0.6874,3394016.0,FETUSDT
2023-12-30 08:00:00,0.6874,0.691,0.6668,0.6791,4662852.0,FETUSDT
2023-12-30 12:00:00,0.6788,0.6954,0.6724,0.6952,3579777.0,FETUSDT
2023-12-30 16:00:00,0.6952,0.6996,0.6862,0.6915,4330105.0,FETUSDT
2023-12-30 20:00:00,0.6913,0.696,0.6846,0.6898,2510038.0,FETUSDT
2023-12-31 00:00:00,0.69,0.6987,0.683,0.6891,2637967.0,FETUSDT
2023-12-31 04:00:00,0.689,0.705,0.6883,0.7016,2738018.0,FETUSDT
2023-12-31 08:00:00,0.7017,0.7066,0.6943,0.697,3673886.0,FETUSDT
2023-12-31 12:00:00,0.6972,0.707,0.6913,0.6925,4044750.0,FETUSDT
2023-12-31 16:00:00,0.6928,0.7004,0.6908,0.6918,2985202.0,FETUSDT
2023-12-31 20:00:00,0.6917,0.7007,0.665,0.6725,8333541.0,FETUSDT
2024-01-01 00:00:00,0.6726,0.695,0.671,0.6781,3443782.0,FETUSDT
2024-01-01 04:00:00,0.6781,0.6852,0.6708,0.6851,1824379.0,FETUSDT
2024-01-01 08:00:00,0.685,0.699,0.6827,0.6958,2884678.0,FETUSDT
2024-01-01 12:00:00,0.6959,0.7144,0.6944,0.711,5301528.0,FETUSDT
2024-01-01 16:00:00,0.711,0.735,0.7068,0.7317,8856300.0,FETUSDT
2024-01-01 20:00:00,0.7318,0.7362,0.7228,0.7326,3558377.0,FETUSDT
2024-01-02 00:00:00,0.7326,0.7357,0.7166,0.7202,5000024.0,FETUSDT
2024-01-02 04:00:00,0.7202,0.729,0.7164,0.726,2969521.0,FETUSDT
2024-01-02 08:00:00,0.726,0.7588,0.7248,0.7488,13102351.0,FETUSDT
2024-01-02 12:00:00,0.749,0.7538,0.7116,0.7192,9377401.0,FETUSDT
2024-01-02 16:00:00,0.7194,0.7229,0.7016,0.7067,5109463.0,FETUSDT
2024-01-02 20:00:00,0.7066,0.7383,0.7041,0.7331,8139072.0,FETUSDT
2024-01-03 00:00:00,0.7333,0.7407,0.7142,0.7175,4300151.0,FETUSDT
2024-01-03 04:00:00,0.7172,0.7311,0.7114,0.7143,4716024.0,FETUSDT
2024-01-03 08:00:00,0.7143,0.7264,0.6861,0.6919,8925514.0,FETUSDT
2024-01-03 12:00:00,0.6921,0.6924,0.5654,0.66,41995302.0,FETUSDT
2024-01-03 16:00:00,0.6602,0.6725,0.6293,0.6445,11896755.0,FETUSDT
2024-01-03 20:00:00,0.6445,0.6698,0.6439,0.6581,5497447.0,FETUSDT
2024-01-04 00:00:00,0.6576,0.6608,0.6418,0.6568,3670475.0,FETUSDT
2024-01-04 04:00:00,0.6571,0.6665,0.6514,0.6521,4510235.0,FETUSDT
2024-01-04 08:00:00,0.6522,0.6642,0.6452,0.661,4607256.0,FETUSDT
2024-01-04 12:00:00,0.6611,0.703,0.6581,0.7002,10387131.0,FETUSDT
2024-01-04 16:00:00,0.7,0.7206,0.6911,0.7039,11053735.0,FETUSDT
2024-01-04 20:00:00,0.704,0.7296,0.7027,0.7261,7334255.0,FETUSDT
2024-01-05 00:00:00,0.7262,0.7325,0.6866,0.6941,7917568.0,FETUSDT
2024-01-05 04:00:00,0.694,0.7325,0.6833,0.7213,11514781.0,FETUSDT
2024-01-05 08:00:00,0.7214,0.7476,0.7087,0.7107,10977706.0,FETUSDT
2024-01-05 12:00:00,0.7107,0.7235,0.69,0.7003,9286599.0,FETUSDT
2024-01-05 16:00:00,0.7001,0.7044,0.6655,0.6792,9312518.0,FETUSDT
2024-01-05 20:00:00,0.6793,0.6931,0.673,0.6896,4147237.0,FETUSDT
2024-01-06 00:00:00,0.69,0.6901,0.6635,0.6676,3814648.0,FETUSDT
2024-01-06 04:00:00,0.6669,0.6689,0.619,0.6348,13031040.0,FETUSDT
2024-01-06 08:00:00,0.6348,0.6506,0.6275,0.6442,7982087.0,FETUSDT
2024-01-06 12:00:00,0.6442,0.6664,0.6357,0.6574,6043759.0,FETUSDT
2024-01-06 16:00:00,0.6576,0.6698,0.6525,0.6581,4232261.0,FETUSDT
2024-01-06 20:00:00,0.658,0.6624,0.6387,0.6485,2718899.0,FETUSDT
2024-01-07 00:00:00,0.6484,0.6621,0.638,0.6453,3200832.0,FETUSDT
2024-01-07 04:00:00,0.6456,0.6521,0.6399,0.6418,2729254.0,FETUSDT
2024-01-07 08:00:00,0.6421,0.6491,0.6306,0.6335,4605518.0,FETUSDT
2024-01-07 12:00:00,0.6332,0.6522,0.6287,0.6364,5203349.0,FETUSDT
2024-01-07 16:00:00,0.6365,0.643,0.6206,0.6394,4264613.0,FETUSDT
2024-01-07 20:00:00,0.6394,0.645,0.6092,0.622,5655242.0,FETUSDT
2024-01-08 00:00:00,0.622,0.6234,0.5666,0.5872,13225667.0,FETUSDT
2024-01-08 04:00:00,0.5872,0.6135,0.5829,0.6036,6378745.0,FETUSDT
2024-01-08 08:00:00,0.6032,0.6378,0.6002,0.6312,6902976.0,FETUSDT
2024-01-08 12:00:00,0.6312,0.6529,0.6256,0.6486,12439140.0,FETUSDT
2024-01-08 16:00:00,0.6488,0.6775,0.6448,0.6735,10893210.0,FETUSDT
2024-01-08 20:00:00,0.6738,0.6835,0.6639,0.6818,6764244.0,FETUSDT
2024-01-09 00:00:00,0.6819,0.6839,0.658,0.6726,7529673.0,FETUSDT
2024-01-09 04:00:00,0.6725,0.6908,0.6676,0.6683,7623521.0,FETUSDT
2024-01-09 08:00:00,0.6684,0.6703,0.6482,0.6618,8431183.0,FETUSDT
2024-01-09 12:00:00,0.6616,0.667,0.6302,0.6375,11365780.0,FETUSDT
2024-01-09 16:00:00,0.6376,0.6499,0.6298,0.636,4955925.0,FETUSDT
2024-01-09 20:00:00,0.636,0.6519,0.6246,0.6468,10181233.0,FETUSDT
2024-01-10 00:00:00,0.6472,0.674,0.6413,0.6614,6372512.0,FETUSDT
2024-01-10 04:00:00,0.6614,0.6684,0.6362,0.6368,4830567.0,FETUSDT
2024-01-10 08:00:00,0.6368,0.6777,0.6365,0.6563,9317379.0,FETUSDT
2024-01-10 12:00:00,0.6562,0.6571,0.6294,0.6474,8265143.0,FETUSDT
2024-01-10 16:00:00,0.647,0.674,0.6445,0.6668,10163903.0,FETUSDT
2024-01-10 20:00:00,0.667,0.737,0.6506,0.7171,16003979.0,FETUSDT
2024-01-11 00:00:00,0.7171,0.7393,0.7088,0.7273,8878343.0,FETUSDT
2024-01-11 04:00:00,0.727,0.7315,0.6969,0.7119,8226994.0,FETUSDT
2024-01-11 08:00:00,0.7119,0.78,0.7079,0.766,19224362.0,FETUSDT
2024-01-11 12:00:00,0.766,0.777,0.7171,0.7312,18129525.0,FETUSDT
2024-01-11 16:00:00,0.7311,0.7438,0.7076,0.7376,10652832.0,FETUSDT
2024-01-11 20:00:00,0.7378,0.7443,0.7176,0.7251,3638933.0,FETUSDT
2024-01-12 00:00:00,0.7252,0.7311,0.7024,0.7069,4184016.0,FETUSDT
2024-01-12 04:00:00,0.7069,0.719,0.7,0.7043,4407275.0,FETUSDT
2024-01-12 08:00:00,0.7041,0.7304,0.692,0.7263,7405975.0,FETUSDT
2024-01-12 12:00:00,0.726,0.7308,0.6891,0.6982,9212942.0,FETUSDT
2024-01-12 16:00:00,0.698,0.7059,0.6679,0.6944,10975101.0,FETUSDT
2024-01-12 20:00:00,0.6943,0.7006,0.652,0.6853,8935969.0,FETUSDT
2024-01-13 00:00:00,0.6856,0.6902,0.6559,0.6732,3887700.0,FETUSDT
2024-01-13 04:00:00,0.6732,0.6875,0.6715,0.6821,2966844.0,FETUSDT
2024-01-13 08:00:00,0.682,0.6871,0.667,0.6724,2792303.0,FETUSDT
2024-01-13 12:00:00,0.6716,0.6833,0.6633,0.6818,3849409.0,FETUSDT
2024-01-13 16:00:00,0.6819,0.6866,0.671,0.6834,2915149.0,FETUSDT
2024-01-13 20:00:00,0.6832,0.6997,0.6795,0.6891,3698774.0,FETUSDT
2024-01-14 00:00:00,0.689,0.6931,0.6764,0.6791,3190503.0,FETUSDT
2024-01-14 04:00:00,0.6788,0.6837,0.6723,0.6793,2646267.0,FETUSDT
2024-01-14 08:00:00,0.6793,0.681,0.6701,0.6723,2428448.0,FETUSDT
2024-01-14 12:00:00,0.6723,0.6833,0.665,0.6773,2720723.0,FETUSDT
2024-01-14 16:00:00,0.6772,0.68,0.6597,0.661,3821501.0,FETUSDT
2024-01-14 20:00:00,0.6608,0.6701,0.6501,0.6515,3086083.0,FETUSDT
2024-01-15 00:00:00,0.652,0.673,0.6504,0.6638,1979077.0,FETUSDT
2024-01-15 04:00:00,0.6641,0.6754,0.6616,0.6694,2070512.0,FETUSDT
2024-01-15 08:00:00,0.6696,0.6913,0.6645,0.6833,7403895.0,FETUSDT
2024-01-15 12:00:00,0.6833,0.6944,0.6645,0.6706,5777290.0,FETUSDT
2024-01-15 16:00:00,0.6702,0.6922,0.6697,0.6874,3971565.0,FETUSDT
2024-01-15 20:00:00,0.6871,0.6939,0.6765,0.6846,4314625.0,FETUSDT
2024-01-16 00:00:00,0.6846,0.6965,0.6846,0.6941,2058525.0,FETUSDT
2024-01-16 04:00:00,0.694,0.6965,0.6771,0.6823,3383649.0,FETUSDT
2024-01-16 08:00:00,0.6824,0.7032,0.6786,0.6869,5663778.0,FETUSDT
2024-01-16 12:00:00,0.6869,0.695,0.6641,0.6899,6832271.0,FETUSDT
2024-01-16 16:00:00,0.6904,0.694,0.6766,0.6834,2640879.0,FETUSDT
2024-01-16 20:00:00,0.6835,0.7068,0.6819,0.6903,6500781.0,FETUSDT
2024-01-17 00:00:00,0.6901,0.6935,0.684,0.6847,1985185.0,FETUSDT
2024-01-17 04:00:00,0.6848,0.688,0.6728,0.6736,1967728.0,FETUSDT
2024-01-17 08:00:00,0.6734,0.6989,0.6712,0.6917,3858686.0,FETUSDT
2024-01-17 12:00:00,0.6919,0.6948,0.6766,0.6818,7378568.0,FETUSDT
2024-01-17 16:00:00,0.6817,0.684,0.6723,0.6812,3768507.0,FETUSDT
2024-01-17 20:00:00,0.6813,0.6847,0.6683,0.6773,4011451.0,FETUSDT
2024-01-18 00:00:00,0.6774,0.6793,0.66,0.6656,3543533.0,FETUSDT
2024-01-18 04:00:00,0.6657,0.6693,0.6555,0.669,4717034.0,FETUSDT
2024-01-18 08:00:00,0.669,0.6699,0.6377,0.6447,13771204.0,FETUSDT
2024-01-18 12:00:00,0.6446,0.6446,0.6324,0.6356,5050931.0,FETUSDT
2024-01-18 16:00:00,0.6354,0.636,0.6066,0.6117,9415754.0,FETUSDT
2024-01-18 20:00:00,0.6117,0.6255,0.609,0.6191,4868263.0,FETUSDT
2024-01-19 00:00:00,0.6192,0.6219,0.5968,0.6091,4106652.0,FETUSDT
2024-01-19 04:00:00,0.6093,0.6273,0.6088,0.6219,2024430.0,FETUSDT
2024-01-19 08:00:00,0.6218,0.6345,0.6209,0.6318,3969121.0,FETUSDT
2024-01-19 12:00:00,0.6314,0.6324,0.6091,0.6119,3910810.0,FETUSDT
2024-01-19 16:00:00,0.6117,0.6217,0.581,0.6181,10255337.0,FETUSDT
2024-01-19 20:00:00,0.6181,0.6229,0.6137,0.6179,2280093.0,FETUSDT
2024-01-20 00:00:00,0.6179,0.6191,0.6077,0.6137,1643931.0,FETUSDT
2024-01-20 04:00:00,0.6137,0.6143,0.6065,0.6098,1344210.0,FETUSDT
2024-01-20 08:00:00,0.6097,0.6108,0.6,0.6067,1885596.0,FETUSDT
2024-01-20 12:00:00,0.6067,0.607,0.5975,0.6028,3274371.0,FETUSDT
2024-01-20 16:00:00,0.6025,0.6052,0.5969,0.6048,2055389.0,FETUSDT
2024-01-20 20:00:00,0.6048,0.6172,0.6035,0.6124,3271524.0,FETUSDT
2024-01-21 00:00:00,0.6123,0.6171,0.6039,0.6149,1713433.0,FETUSDT
2024-01-21 04:00:00,0.6148,0.6154,0.6081,0.613,783897.0,FETUSDT
2024-01-21 08:00:00,0.6134,0.6166,0.61,0.6112,1953772.0,FETUSDT
2024-01-21 12:00:00,0.6109,0.6191,0.6088,0.6098,1990210.0,FETUSDT
2024-01-21 16:00:00,0.6102,0.6116,0.6012,0.6074,1804124.0,FETUSDT
2024-01-21 20:00:00,0.6074,0.6077,0.5913,0.5933,2331414.0,FETUSDT
2024-01-22 00:00:00,0.5933,0.5982,0.5753,0.5817,3891493.0,FETUSDT
2024-01-22 04:00:00,0.5817,0.5917,0.5769,0.5882,2174315.0,FETUSDT
2024-01-22 08:00:00,0.588,0.5924,0.5772,0.5836,6271843.0,FETUSDT
2024-01-22 12:00:00,0.5836,0.591,0.5622,0.5742,9407127.0,FETUSDT
2024-01-22 16:00:00,0.5746,0.5765,0.5502,0.5667,6786439.0,FETUSDT
2024-01-22 20:00:00,0.5667,0.58,0.5569,0.5599,5620273.0,FETUSDT
2024-01-23 00:00:00,0.5601,0.5744,0.5547,0.5708,2623254.0,FETUSDT
2024-01-23 04:00:00,0.571,0.5737,0.5556,0.5593,2035499.0,FETUSDT
2024-01-23 08:00:00,0.5591,0.5619,0.525,0.5469,12185746.0,FETUSDT
2024-01-23 12:00:00,0.5468,0.5592,0.532,0.5536,8580665.0,FETUSDT
2024-01-23 16:00:00,0.5535,0.5607,0.5456,0.5476,4269311.0,FETUSDT
2024-01-23 20:00:00,0.5477,0.572,0.546,0.5706,4320887.0,FETUSDT
2024-01-24 00:00:00,0.5707,0.581,0.5586,0.5611,3661632.0,FETUSDT
2024-01-24 04:00:00,0.5611,0.5884,0.5586,0.5847,3956260.0,FETUSDT
2024-01-24 08:00:00,0.5855,0.5945,0.5809,0.5887,4894394.0,FETUSDT
2024-01-24 12:00:00,0.5884,0.5971,0.5818,0.5916,5461494.0,FETUSDT
2024-01-24 16:00:00,0.5916,0.5973,0.5795,0.5839,3147074.0,FETUSDT
2024-01-24 20:00:00,0.5835,0.6018,0.5816,0.6008,4209841.0,FETUSDT
2024-01-25 00:00:00,0.6008,0.6008,0.5907,0.5925,1630174.0,FETUSDT
2024-01-25 04:00:00,0.5926,0.6,0.5865,0.5979,2525500.0,FETUSDT
2024-01-25 08:00:00,0.5974,0.6024,0.5856,0.5949,4238400.0,FETUSDT
2024-01-25 12:00:00,0.5949,0.5991,0.5723,0.575,4965720.0,FETUSDT
2024-01-25 16:00:00,0.5747,0.5871,0.5662,0.5861,4482793.0,FETUSDT
2024-01-25 20:00:00,0.5861,0.5899,0.5767,0.5797,2856995.0,FETUSDT
2024-01-26 00:00:00,0.5793,0.5908,0.5737,0.584,1979847.0,FETUSDT
2024-01-26 04:00:00,0.5842,0.5886,0.5771,0.5794,1205034.0,FETUSDT
2024-01-26 08:00:00,0.5794,0.6073,0.5794,0.6038,4170555.0,FETUSDT
2024-01-26 12:00:00,0.6038,0.6167,0.5967,0.6158,4787832.0,FETUSDT
2024-01-26 16:00:00,0.6157,0.6193,0.6122,0.6144,3046922.0,FETUSDT
2024-01-26 20:00:00,0.614,0.6174,0.6057,0.61,2416887.0,FETUSDT
2024-01-27 00:00:00,0.6101,0.6184,0.6077,0.616,2247851.0,FETUSDT
2024-01-27 04:00:00,0.6158,0.6172,0.6051,0.6084,1228112.0,FETUSDT
2024-01-27 08:00:00,0.6085,0.6173,0.6051,0.6117,1940462.0,FETUSDT
2024-01-27 12:00:00,0.6119,0.6183,0.6105,0.6147,1912119.0,FETUSDT
2024-01-27 16:00:00,0.6146,0.623,0.6132,0.6192,2275367.0,FETUSDT
2024-01-27 20:00:00,0.6191,0.6244,0.6157,0.6235,2230353.0,FETUSDT
2024-01-28 00:00:00,0.6235,0.6278,0.6173,0.627,1910714.0,FETUSDT
2024-01-28 04:00:00,0.6265,0.633,0.6184,0.62,2330967.0,FETUSDT
2024-01-28 08:00:00,0.6201,0.6319,0.6181,0.6234,2511356.0,FETUSDT
2024-01-28 12:00:00,0.6235,0.6238,0.6037,0.6084,3854909.0,FETUSDT
2024-01-28 16:00:00,0.6081,0.613,0.5973,0.6003,2798118.0,FETUSDT
2024-01-28 20:00:00,0.6005,0.6062,0.5936,0.602,2410047.0,FETUSDT
2024-01-29 00:00:00,0.6023,0.6149,0.5973,0.6116,1361763.0,FETUSDT
2024-01-29 04:00:00,0.6119,0.6131,0.6048,0.6051,2023299.0,FETUSDT
2024-01-29 08:00:00,0.6051,0.6106,0.6025,0.6063,2109458.0,FETUSDT
2024-01-29 12:00:00,0.6065,0.6091,0.5917,0.6067,3184137.0,FETUSDT
2024-01-29 16:00:00,0.6066,0.6197,0.6049,0.6115,5030636.0,FETUSDT
2024-01-29 20:00:00,0.6118,0.632,0.6105,0.6281,4559184.0,FETUSDT
2024-01-30 00:00:00,0.6281,0.6371,0.6214,0.623,4085719.0,FETUSDT
2024-01-30 04:00:00,0.623,0.6266,0.6175,0.6198,2346461.0,FETUSDT
2024-01-30 08:00:00,0.6197,0.641,0.6185,0.6389,5700581.0,FETUSDT
2024-01-30 12:00:00,0.6389,0.6401,0.6124,0.6229,6194585.0,FETUSDT
2024-01-30 16:00:00,0.6231,0.6312,0.6192,0.6221,2721229.0,FETUSDT
2024-01-30 20:00:00,0.6221,0.6251,0.5947,0.5997,4135652.0,FETUSDT
2024-01-31 00:00:00,0.5997,0.6031,0.5818,0.586,5950941.0,FETUSDT
2024-01-31 04:00:00,0.586,0.592,0.5808,0.5917,3770813.0,FETUSDT
2024-01-31 08:00:00,0.5914,0.5928,0.5703,0.5797,5360166.0,FETUSDT
2024-01-31 12:00:00,0.5795,0.5834,0.5663,0.5817,4884733.0,FETUSDT
2024-01-31 16:00:00,0.5817,0.5913,0.5782,0.5851,4601958.0,FETUSDT
2024-01-31 20:00:00,0.5852,0.5859,0.5629,0.5665,3669124.0,FETUSDT
2024-02-01 00:00:00,0.566,0.5727,0.5522,0.5624,4342953.0,FETUSDT
2024-02-01 04:00:00,0.5622,0.567,0.5565,0.5645,1884336.0,FETUSDT
2024-02-01 08:00:00,0.5646,0.5702,0.5604,0.5619,1963704.0,FETUSDT
2024-02-01 12:00:00,0.5618,0.5763,0.5537,0.5546,6053878.0,FETUSDT
2024-02-01 16:00:00,0.5546,0.5587,0.5412,0.5488,11022188.0,FETUSDT
2024-02-01 20:00:00,0.5487,0.5505,0.5386,0.5418,4722388.0,FETUSDT
2024-02-02 00:00:00,0.5419,0.5489,0.5389,0.545,3092399.0,FETUSDT
2024-02-02 04:00:00,0.5451,0.5569,0.541,0.5546,3994333.0,FETUSDT
2024-02-02 08:00:00,0.5546,0.5604,0.5464,0.5569,5719867.0,FETUSDT
2024-02-02 12:00:00,0.5566,0.5743,0.5434,0.5729,10157470.0,FETUSDT
2024-02-02 16:00:00,0.5727,0.5798,0.5608,0.568,5385517.0,FETUSDT
2024-02-02 20:00:00,0.5685,0.5722,0.5658,0.5694,2917558.0,FETUSDT
2024-02-03 00:00:00,0.5694,0.5742,0.5633,0.5645,1664400.0,FETUSDT
2024-02-03 04:00:00,0.5641,0.57,0.5576,0.5603,2029023.0,FETUSDT
2024-02-03 08:00:00,0.5603,0.564,0.5553,0.5564,2622641.0,FETUSDT
2024-02-03 12:00:00,0.5563,0.5654,0.5531,0.5589,2310689.0,FETUSDT
2024-02-03 16:00:00,0.559,0.5632,0.5576,0.5613,1895608.0,FETUSDT
2024-02-03 20:00:00,0.5611,0.5709,0.5598,0.5617,2540442.0,FETUSDT
2024-02-04 00:00:00,0.5616,0.5622,0.5532,0.5556,2264642.0,FETUSDT
2024-02-04 04:00:00,0.5555,0.5555,0.5406,0.543,3633528.0,FETUSDT
2024-02-04 08:00:00,0.5434,0.5483,0.537,0.5475,2765327.0,FETUSDT
2024-02-04 12:00:00,0.5473,0.5506,0.5398,0.5427,3136222.0,FETUSDT
2024-02-04 16:00:00,0.5426,0.5433,0.5331,0.5354,3782856.0,FETUSDT
2024-02-04 20:00:00,0.5352,0.5398,0.5206,0.5245,4870980.0,FETUSDT
2024-02-05 00:00:00,0.5244,0.5257,0.5086,0.5233,4426388.0,FETUSDT
2024-02-05 04:00:00,0.5233,0.5345,0.5213,0.5325,2876385.0,FETUSDT
2024-02-05 08:00:00,0.5324,0.5355,0.527,0.5336,2843320.0,FETUSDT
2024-02-05 12:00:00,0.5335,0.5431,0.5232,0.5252,5509702.0,FETUSDT
2024-02-05 16:00:00,0.5248,0.531,0.5227,0.527,2943321.0,FETUSDT
2024-02-05 20:00:00,0.527,0.5275,0.5162,0.5272,3467320.0,FETUSDT
2024-02-06 00:00:00,0.527,0.5323,0.521,0.5281,2025874.0,FETUSDT
2024-02-06 04:00:00,0.5281,0.5376,0.5229,0.5376,2512044.0,FETUSDT
2024-02-06 08:00:00,0.5375,0.5421,0.5281,0.5333,5020410.0,FETUSDT
2024-02-06 12:00:00,0.5332,0.5355,0.5249,0.5323,3641208.0,FETUSDT
2024-02-06 16:00:00,0.5324,0.5339,0.5259,0.5328,2981073.0,FETUSDT
2024-02-06 20:00:00,0.5329,0.5353,0.5274,0.5288,1801264.0,FETUSDT
2024-02-07 00:00:00,0.5289,0.5361,0.5289,0.5296,1471117.0,FETUSDT
2024-02-07 04:00:00,0.5296,0.5395,0.5243,0.5353,2168600.0,FETUSDT
2024-02-07 08:00:00,0.5354,0.5363,0.5285,0.531,1378409.0,FETUSDT
2024-02-07 12:00:00,0.5314,0.5475,0.5309,0.5422,5310211.0,FETUSDT
2024-02-07 16:00:00,0.5424,0.557,0.5405,0.5556,4684129.0,FETUSDT
2024-02-07 20:00:00,0.5557,0.5643,0.5533,0.5585,3892695.0,FETUSDT
2024-02-08 00:00:00,0.5586,0.5643,0.5541,0.5545,2293922.0,FETUSDT
2024-02-08 04:00:00,0.5547,0.5573,0.5482,0.5518,2266521.0,FETUSDT
2024-02-08 08:00:00,0.5522,0.5594,0.5514,0.5534,2024229.0,FETUSDT
2024-02-08 12:00:00,0.5533,0.5641,0.5469,0.5623,3496551.0,FETUSDT
2024-02-08 16:00:00,0.5622,0.5633,0.5481,0.5554,3986579.0,FETUSDT
2024-02-08 20:00:00,0.5555,0.5625,0.555,0.559,1976208.0,FETUSDT
2024-02-09 00:00:00,0.5592,0.5671,0.5584,0.5599,2154934.0,FETUSDT
2024-02-09 04:00:00,0.56,0.5784,0.5567,0.5733,4496043.0,FETUSDT
2024-02-09 08:00:00,0.5734,0.5995,0.5734,0.5944,11440715.0,FETUSDT
2024-02-09 12:00:00,0.5945,0.6181,0.5914,0.5921,14974619.0,FETUSDT
2024-02-09 16:00:00,0.5923,0.6073,0.5919,0.602,6021767.0,FETUSDT
2024-02-09 20:00:00,0.6021,0.6167,0.602,0.6083,4251667.0,FETUSDT
2024-02-10 00:00:00,0.6084,0.6162,0.6056,0.6094,3242908.0,FETUSDT
2024-02-10 04:00:00,0.6095,0.6202,0.6052,0.6106,4099028.0,FETUSDT
2024-02-10 08:00:00,0.6106,0.6191,0.6003,0.6145,4844878.0,FETUSDT
2024-02-10 12:00:00,0.6147,0.6296,0.6101,0.6244,7522235.0,FETUSDT
2024-02-10 16:00:00,0.6245,0.6346,0.618,0.6341,6429776.0,FETUSDT
2024-02-10 20:00:00,0.6339,0.6348,0.6248,0.6276,2938701.0,FETUSDT
2024-02-11 00:00:00,0.6281,0.6334,0.622,0.6333,2150655.0,FETUSDT
2024-02-11 04:00:00,0.6333,0.6487,0.624,0.6481,5990056.0,FETUSDT
2024-02-11 08:00:00,0.6481,0.6485,0.6251,0.6374,5518988.0,FETUSDT
2024-02-11 12:00:00,0.6369,0.6455,0.631,0.6381,4005817.0,FETUSDT
2024-02-11 16:00:00,0.638,0.6419,0.6296,0.6308,4402038.0,FETUSDT
2024-02-11 20:00:00,0.6308,0.6361,0.6247,0.6313,3099666.0,FETUSDT
2024-02-12 00:00:00,0.6316,0.6447,0.622,0.6258,4070634.0,FETUSDT
2024-02-12 04:00:00,0.6258,0.64,0.6238,0.6395,3177258.0,FETUSDT
2024-02-12 08:00:00,0.639,0.6404,0.6226,0.6275,3530238.0,FETUSDT
2024-02-12 12:00:00,0.6274,0.645,0.6245,0.6439,6045780.0,FETUSDT
2024-02-12 16:00:00,0.6444,0.6737,0.6382,0.6622,12260157.0,FETUSDT
2024-02-12 20:00:00,0.662,0.6725,0.6618,0.6675,3819301.0,FETUSDT
2024-02-13 00:00:00,0.6675,0.675,0.6492,0.6524,3014504.0,FETUSDT
2024-02-13 04:00:00,0.6522,0.6705,0.6518,0.6649,2297117.0,FETUSDT
2024-02-13 08:00:00,0.6649,0.6874,0.6632,0.679,8367609.0,FETUSDT
2024-02-13 12:00:00,0.679,0.6827,0.6541,0.6686,7490564.0,FETUSDT
2024-02-13 16:00:00,0.6682,0.6833,0.6605,0.6737,6320384.0,FETUSDT
2024-02-13 20:00:00,0.6742,0.6804,0.6649,0.6673,2405657.0,FETUSDT
2024-02-14 00:00:00,0.6672,0.6681,0.6521,0.6583,2670711.0,FETUSDT
2024-02-14 04:00:00,0.6582,0.6622,0.655,0.6607,1789673.0,FETUSDT
2024-02-14 08:00:00,0.6607,0.6831,0.6597,0.6813,7843554.0,FETUSDT
2024-02-14 12:00:00,0.6814,0.6861,0.6655,0.6743,6557169.0,FETUSDT
2024-02-14 16:00:00,0.6737,0.6743,0.6646,0.669,3390940.0,FETUSDT
2024-02-14 20:00:00,0.669,0.6834,0.6679,0.6815,3610295.0,FETUSDT
2024-02-15 00:00:00,0.6815,0.6881,0.6717,0.6849,3070364.0,FETUSDT
2024-02-15 04:00:00,0.6849,0.6852,0.666,0.6722,3522536.0,FETUSDT
2024-02-15 08:00:00,0.6723,0.6768,0.666,0.6684,3662701.0,FETUSDT
2024-02-15 12:00:00,0.6684,0.6789,0.657,0.6601,9089665.0,FETUSDT
2024-02-15 16:00:00,0.6601,0.6623,0.6501,0.6601,5294155.0,FETUSDT
2024-02-15 20:00:00,0.6601,0.6614,0.6425,0.6536,4305324.0,FETUSDT
2024-02-16 00:00:00,0.6536,0.6804,0.6481,0.68,4112400.0,FETUSDT
2024-02-16 04:00:00,0.6803,0.7127,0.6751,0.6761,14108219.0,FETUSDT
2024-02-16 08:00:00,0.6761,0.7328,0.676,0.7115,25079535.0,FETUSDT
2024-02-16 12:00:00,0.7115,0.715,0.676,0.6959,11994503.0,FETUSDT
2024-02-16 16:00:00,0.6964,0.7253,0.6921,0.709,13739284.0,FETUSDT
2024-02-16 20:00:00,0.7086,0.7105,0.6962,0.7074,3651320.0,FETUSDT
2024-02-17 00:00:00,0.7075,0.7262,0.693,0.7064,6909649.0,FETUSDT
2024-02-17 04:00:00,0.7062,0.718,0.7009,0.7051,4024586.0,FETUSDT
2024-02-17 08:00:00,0.7049,0.7058,0.6869,0.6977,5801310.0,FETUSDT
2024-02-17 12:00:00,0.6976,0.7399,0.6872,0.7357,16854223.0,FETUSDT
2024-02-17 16:00:00,0.7356,0.7559,0.7204,0.7517,14565709.0,FETUSDT
2024-02-17 20:00:00,0.7517,0.7897,0.7495,0.7872,19663470.0,FETUSDT
2024-02-18 00:00:00,0.7871,0.8308,0.7817,0.8297,19288646.0,FETUSDT
2024-02-18 04:00:00,0.8296,0.842,0.7927,0.8052,14968741.0,FETUSDT
2024-02-18 08:00:00,0.8052,0.84,0.8004,0.8133,13653960.0,FETUSDT
2024-02-18 12:00:00,0.8136,0.85,0.8071,0.8443,11298298.0,FETUSDT
2024-02-18 16:00:00,0.844,0.8745,0.8357,0.8465,18524348.0,FETUSDT
2024-02-18 20:00:00,0.8467,0.864,0.8165,0.8239,9709896.0,FETUSDT
2024-02-19 00:00:00,0.8239,0.8746,0.8239,0.8726,9177075.0,FETUSDT
2024-02-19 04:00:00,0.8723,0.914,0.8629,0.904,14956322.0,FETUSDT
2024-02-19 08:00:00,0.9042,0.9598,0.8796,0.9503,26871749.0,FETUSDT
2024-02-19 12:00:00,0.9505,0.9527,0.9055,0.9285,18269225.0,FETUSDT
2024-02-19 16:00:00,0.929,0.9313,0.8876,0.9115,11832602.0,FETUSDT
2024-02-19 20:00:00,0.9114,0.9959,0.9043,0.9793,17038203.0,FETUSDT
2024-02-20 00:00:00,0.9793,1.035,0.937,0.9411,32526047.0,FETUSDT
2024-02-20 04:00:00,0.9411,0.9859,0.9301,0.9675,12649911.0,FETUSDT
2024-02-20 08:00:00,0.9672,0.9726,0.9217,0.9435,13774898.0,FETUSDT
2024-02-20 12:00:00,0.9436,0.9666,0.87,0.9126,20264658.0,FETUSDT
2024-02-20 16:00:00,0.9125,0.9653,0.9093,0.9352,17715971.0,FETUSDT
2024-02-20 20:00:00,0.9356,1.097,0.9324,1.0547,28740073.0,FETUSDT
2024-02-21 00:00:00,1.0546,1.0995,1.0172,1.0393,15523805.0,FETUSDT
2024-02-21 04:00:00,1.0394,1.0444,0.9939,1.0094,11398399.0,FETUSDT
2024-02-21 08:00:00,1.0092,1.0291,0.9786,0.9824,12179365.0,FETUSDT
2024-02-21 12:00:00,0.9821,1.0258,0.9409,0.9975,22101322.0,FETUSDT
2024-02-21 16:00:00,0.9973,1.0092,0.9621,0.9894,9620151.0,FETUSDT
2024-02-21 20:00:00,0.9891,1.163,0.9735,1.1455,31074562.0,FETUSDT
2024-02-22 00:00:00,1.1453,1.1552,1.0238,1.0735,23103291.0,FETUSDT
2024-02-22 04:00:00,1.0732,1.156,1.0652,1.1381,16591816.0,FETUSDT
2024-02-22 08:00:00,1.1379,1.1674,1.0929,1.1219,19143488.0,FETUSDT
2024-02-22 12:00:00,1.122,1.2098,1.095,1.1974,25536667.3,FETUSDT
2024-02-22 16:00:00,1.1967,1.1999,1.1301,1.1395,18155591.0,FETUSDT
2024-02-22 20:00:00,1.1396,1.1757,1.1,1.1053,9778833.0,FETUSDT
2024-02-23 00:00:00,1.1053,1.1314,1.0863,1.1138,10369756.0,FETUSDT
2024-02-23 04:00:00,1.1137,1.1226,1.0762,1.0817,7500130.0,FETUSDT
2024-02-23 08:00:00,1.0819,1.1584,1.0693,1.1569,12444212.0,FETUSDT
2024-02-23 12:00:00,1.1567,1.2353,1.0934,1.1013,41963479.8,FETUSDT
2024-02-23 16:00:00,1.1014,1.1028,1.0313,1.0761,21516316.0,FETUSDT
2024-02-23 20:00:00,1.0758,1.0758,1.0325,1.0581,6650667.0,FETUSDT
2024-02-24 00:00:00,1.0579,1.0612,1.0117,1.0349,7426954.0,FETUSDT
2024-02-24 04:00:00,1.035,1.0352,0.9983,0.9998,6797997.0,FETUSDT
2024-02-24 08:00:00,0.9998,1.0474,0.98,1.0398,14112986.0,FETUSDT
2024-02-24 12:00:00,1.0398,1.098,1.032,1.0704,16625631.0,FETUSDT
2024-02-24 16:00:00,1.0703,1.095,1.0544,1.0693,9692096.0,FETUSDT
2024-02-24 20:00:00,1.0694,1.085,1.0542,1.078,5382785.0,FETUSDT
2024-02-25 00:00:00,1.078,1.1412,1.073,1.0922,12469101.0,FETUSDT
2024-02-25 04:00:00,1.0926,1.1395,1.0873,1.1271,8977128.0,FETUSDT
2024-02-25 08:00:00,1.1272,1.139,1.0896,1.1128,8358200.0,FETUSDT
2024-02-25 12:00:00,1.1122,1.1262,1.09,1.0931,6702396.0,FETUSDT
2024-02-25 16:00:00,1.093,1.1396,1.0846,1.1157,9143370.0,FETUSDT
2024-02-25 20:00:00,1.1157,1.1296,1.1,1.1037,5167666.0,FETUSDT
2024-02-26 00:00:00,1.1036,1.1275,1.0961,1.1113,4579983.0,FETUSDT
2024-02-26 04:00:00,1.1117,1.1209,1.0757,1.0824,7120921.0,FETUSDT
2024-02-26 08:00:00,1.0825,1.1274,1.0509,1.1076,11069110.0,FETUSDT
2024-02-26 12:00:00,1.1072,1.1222,1.06,1.1162,12752444.0,FETUSDT
2024-02-26 16:00:00,1.1161,1.1499,1.1051,1.1215,14509913.0,FETUSDT
2024-02-26 20:00:00,1.1216,1.1367,1.1092,1.1159,6074822.0,FETUSDT
2024-02-27 00:00:00,1.1157,1.1158,1.0704,1.0741,6137520.0,FETUSDT
2024-02-27 04:00:00,1.0741,1.097,1.072,1.0889,5789537.0,FETUSDT
2024-02-27 08:00:00,1.0889,1.1219,1.0865,1.1072,7785831.0,FETUSDT
2024-02-27 12:00:00,1.107,1.1153,1.063,1.07,8466772.0,FETUSDT
2024-02-27 16:00:00,1.07,1.11,1.0567,1.0914,8516277.0,FETUSDT
2024-02-27 20:00:00,1.0917,1.0948,1.0697,1.0753,4031016.0,FETUSDT
2024-02-28 00:00:00,1.0753,1.1108,1.0678,1.108,4636784.0,FETUSDT
2024-02-28 04:00:00,1.1079,1.126,1.1025,1.1107,7129174.0,FETUSDT
2024-02-28 08:00:00,1.11,1.168,1.0801,1.1344,16557858.0,FETUSDT
2024-02-28 12:00:00,1.1347,1.3483,1.1143,1.2683,49596088.9,FETUSDT
2024-02-28 16:00:00,1.2683,1.3,1.1,1.2545,31259383.0,FETUSDT
2024-02-28 20:00:00,1.2542,1.3811,1.2522,1.3484,21152756.0,FETUSDT
2024-02-29 00:00:00,1.3489,1.3529,1.2972,1.3166,8137007.0,FETUSDT
2024-02-29 04:00:00,1.3168,1.3375,1.2848,1.3167,8090890.0,FETUSDT
2024-02-29 08:00:00,1.3164,1.45,1.3024,1.3875,23905894.1,FETUSDT
2024-02-29 12:00:00,1.387,1.4898,1.3825,1.4817,17873640.0,FETUSDT
2024-02-29 16:00:00,1.4817,1.518,1.4186,1.4571,19426849.2,FETUSDT
2024-02-29 20:00:00,1.4569,1.49,1.3805,1.4711,12420338.0,FETUSDT
2024-03-01 00:00:00,1.4713,1.6287,1.4709,1.6141,25851552.1,FETUSDT
2024-03-01 04:00:00,1.6144,1.6708,1.5337,1.6296,18089123.5,FETUSDT
2024-03-01 08:00:00,1.6289,1.685,1.6052,1.6298,15160815.2,FETUSDT
2024-03-01 12:00:00,1.6298,1.84,1.6271,1.7739,30695303.0,FETUSDT
2024-03-01 16:00:00,1.7735,1.7806,1.6501,1.6774,21059547.0,FETUSDT
2024-03-01 20:00:00,1.6774,1.7706,1.654,1.724,12450580.0,FETUSDT
2024-03-02 00:00:00,1.724,1.7753,1.6089,1.6286,10600060.0,FETUSDT
2024-03-02 04:00:00,1.6286,1.6519,1.6041,1.6215,8087865.0,FETUSDT
2024-03-02 08:00:00,1.6215,1.6418,1.572,1.586,12222422.0,FETUSDT
2024-03-02 12:00:00,1.5862,1.7694,1.5836,1.7654,19483613.0,FETUSDT
2024-03-02 16:00:00,1.7663,1.88,1.7353,1.815,22020574.4,FETUSDT
2024-03-02 20:00:00,1.8155,1.942,1.78,1.8011,18375624.2,FETUSDT
2024-03-03 00:00:00,1.8019,1.825,1.7763,1.8073,8911880.0,FETUSDT
2024-03-03 04:00:00,1.8074,1.931,1.6383,1.9016,16881135.0,FETUSDT
2024-03-03 08:00:00,1.902,1.9716,1.8128,1.8284,23419029.7,FETUSDT
2024-03-03 12:00:00,1.8283,1.86,1.8034,1.8254,10058759.0,FETUSDT
2024-03-03 16:00:00,1.8255,1.8873,1.797,1.8027,7757563.0,FETUSDT
2024-03-03 20:00:00,1.8025,1.809,1.7643,1.7702,6183366.0,FETUSDT
2024-03-04 00:00:00,1.7706,1.7882,1.7321,1.7433,7181410.0,FETUSDT
2024-03-04 04:00:00,1.7432,1.8223,1.7369,1.7823,10434120.0,FETUSDT
2024-03-04 08:00:00,1.7824,1.9163,1.7823,1.8293,19968641.0,FETUSDT
2024-03-04 12:00:00,1.828,1.8807,1.75,1.7899,13994550.0,FETUSDT
2024-03-04 16:00:00,1.7901,1.8338,1.697,1.8218,17790845.0,FETUSDT
2024-03-04 20:00:00,1.8218,1.8321,1.715,1.725,6676381.0,FETUSDT
2024-03-05 00:00:00,1.7253,1.7387,1.6871,1.6948,6967984.0,FETUSDT
2024-03-05 04:00:00,1.6944,1.7906,1.6904,1.7055,12781746.0,FETUSDT
2024-03-05 08:00:00,1.7054,1.786,1.6936,1.7823,7537814.0,FETUSDT
2024-03-05 12:00:00,1.7821,1.9499,1.7301,1.8084,32687332.0,FETUSDT
2024-03-05 16:00:00,1.8083,1.8166,1.29,1.5107,28331601.0,FETUSDT
2024-03-05 20:00:00,1.5096,1.7662,1.5008,1.736,26193964.0,FETUSDT
2024-03-06 00:00:00,1.736,1.8764,1.6925,1.7289,17467484.0,FETUSDT
2024-03-06 04:00:00,1.729,2.0638,1.7178,2.0058,29085207.1,FETUSDT
2024-03-06 08:00:00,2.0055,2.03,1.9,1.9805,18238984.0,FETUSDT
2024-03-06 12:00:00,1.9808,2.2624,1.9023,2.2144,42696669.7,FETUSDT
2024-03-06 16:00:00,2.2145,2.3347,2.1774,2.2309,29504243.7,FETUSDT
2024-03-06 20:00:00,2.2306,2.478,2.1811,2.428,27471920.9,FETUSDT
2024-03-07 00:00:00,2.429,2.79,2.4049,2.6228,38767995.7,FETUSDT
2024-03-07 04:00:00,2.6228,2.86,2.5612,2.7734,26200128.0,FETUSDT
2024-03-07 08:00:00,2.7743,2.8271,2.6096,2.6404,24147789.0,FETUSDT
2024-03-07 12:00:00,2.6404,2.7247,2.4264,2.4792,22761122.0,FETUSDT
2024-03-07 16:00:00,2.4795,2.725,2.4561,2.6196,17321635.0,FETUSDT
2024-03-07 20:00:00,2.6197,2.6449,2.5228,2.5759,10405130.0,FETUSDT
2024-03-08 00:00:00,2.5759,2.6532,2.4498,2.5049,15039221.0,FETUSDT
2024-03-08 04:00:00,2.5051,2.64,2.4868,2.6336,11622050.0,FETUSDT
2024-03-08 08:00:00,2.6337,2.6365,2.51,2.5499,11211854.0,FETUSDT
2024-03-08 12:00:00,2.5508,2.9,2.4501,2.756,27569551.0,FETUSDT
2024-03-08 16:00:00,2.7556,2.9533,2.6546,2.7867,30775271.0,FETUSDT
2024-03-08 20:00:00,2.7878,2.8299,2.702,2.7453,9599008.0,FETUSDT
2024-03-09 00:00:00,2.7458,2.9627,2.6915,2.8449,15390639.0,FETUSDT
2024-03-09 04:00:00,2.8449,3.0,2.798,2.9779,13515690.0,FETUSDT
2024-03-09 08:00:00,2.9778,3.0809,2.9024,2.9117,19597108.0,FETUSDT
2024-03-09 12:00:00,2.9117,3.1087,2.86,3.0237,14330711.0,FETUSDT
2024-03-09 16:00:00,3.024,3.0603,2.9253,2.9748,10462938.0,FETUSDT
2024-03-09 20:00:00,2.9747,3.111,2.9219,3.0775,11363817.0,FETUSDT
2024-03-10 00:00:00,3.0778,3.126,2.9296,2.9437,10395279.0,FETUSDT
2024-03-10 04:00:00,2.9437,2.9654,2.884,2.9097,6753931.0,FETUSDT
2024-03-10 08:00:00,2.9097,2.9268,2.7945,2.8082,14932619.0,FETUSDT
2024-03-10 12:00:00,2.8081,2.82,2.6967,2.7456,12459219.0,FETUSDT
2024-03-10 16:00:00,2.7453,2.8272,2.7437,2.7865,7447673.0,FETUSDT
2024-03-10 20:00:00,2.787,2.7964,2.6688,2.7662,7134623.0,FETUSDT
2024-03-11 00:00:00,2.7662,2.8498,2.65,2.8136,12347811.0,FETUSDT
2024-03-11 04:00:00,2.814,2.9556,2.7821,2.9487,11592051.0,FETUSDT
2024-03-11 08:00:00,2.9492,2.9563,2.7727,2.7994,11412291.0,FETUSDT
2024-03-11 12:00:00,2.7997,2.8444,2.7286,2.7466,9688636.0,FETUSDT
2024-03-11 16:00:00,2.7471,2.76,2.6729,2.6808,9341222.0,FETUSDT
2024-03-11 20:00:00,2.6807,2.7315,2.6726,2.7033,4770046.0,FETUSDT
2024-03-12 00:00:00,2.703,2.816,2.6871,2.7051,8588570.0,FETUSDT
2024-03-12 04:00:00,2.705,2.7475,2.5737,2.6037,9233080.0,FETUSDT
2024-03-12 08:00:00,2.6036,2.646,2.5386,2.6152,10197233.0,FETUSDT
2024-03-12 12:00:00,2.6152,2.794,2.5702,2.7594,13713462.0,FETUSDT
2024-03-12 16:00:00,2.7594,2.7739,2.52,2.6984,13321636.0,FETUSDT
2024-03-12 20:00:00,2.6985,2.6999,2.6349,2.6735,4306381.0,FETUSDT
2024-03-13 00:00:00,2.6741,2.6944,2.6311,2.6764,4022016.0,FETUSDT
2024-03-13 04:00:00,2.6761,2.7298,2.6164,2.6965,6210790.0,FETUSDT
2024-03-13 08:00:00,2.6966,2.795,2.6746,2.696,8402141.0,FETUSDT
2024-03-13 12:00:00,2.6962,2.8565,2.6361,2.6502,16717058.0,FETUSDT
2024-03-13 16:00:00,2.6496,2.6835,2.5946,2.6056,8600544.0,FETUSDT
2024-03-13 20:00:00,2.6053,2.6771,2.5875,2.6555,5125346.0,FETUSDT
2024-03-14 00:00:00,2.6558,2.7053,2.6016,2.6291,5001368.0,FETUSDT
2024-03-14 04:00:00,2.6289,2.6307,2.5295,2.5643,11094624.0,FETUSDT
2024-03-14 08:00:00,2.5645,2.7066,2.5584,2.6505,10425150.0,FETUSDT
2024-03-14 12:00:00,2.6505,2.69,2.5464,2.636,17057011.0,FETUSDT
2024-03-14 16:00:00,2.638,2.8425,2.6298,2.8335,20657710.0,FETUSDT
2024-03-14 20:00:00,2.8335,3.0,2.8,2.8513,21249468.0,FETUSDT
2024-03-15 00:00:00,2.8516,2.8697,2.4783,2.624,20643255.0,FETUSDT
2024-03-15 04:00:00,2.6241,2.6831,2.5179,2.6257,15107574.0,FETUSDT
2024-03-15 08:00:00,2.6258,2.7755,2.3535,2.7424,26222213.0,FETUSDT
2024-03-15 12:00:00,2.7424,2.8462,2.6948,2.6979,14723181.0,FETUSDT
2024-03-15 16:00:00,2.6983,2.8439,2.6817,2.7324,11221523.0,FETUSDT
2024-03-15 20:00:00,2.7326,2.7422,2.6264,2.6836,7934318.0,FETUSDT
2024-03-16 00:00:00,2.6836,2.69,2.6226,2.6559,6098693.0,FETUSDT
2024-03-16 04:00:00,2.6561,2.6697,2.581,2.6697,6085785.0,FETUSDT
2024-03-16 08:00:00,2.6698,2.6703,2.588,2.61,6898886.0,FETUSDT
2024-03-16 12:00:00,2.6096,2.612,2.49,2.5522,10840746.0,FETUSDT
2024-03-16 16:00:00,2.5519,2.5539,2.281,2.3596,22190596.0,FETUSDT
2024-03-16 20:00:00,2.3597,2.4339,2.323,2.4223,12507538.0,FETUSDT
2024-03-17 00:00:00,2.4225,2.5588,2.3629,2.5477,9807265.0,FETUSDT
2024-03-17 04:00:00,2.548,2.5538,2.3466,2.4285,8062412.0,FETUSDT
2024-03-17 08:00:00,2.4285,2.7676,2.4163,2.6922,20036716.0,FETUSDT
2024-03-17 12:00:00,2.6922,3.0,2.6,2.8949,27548681.0,FETUSDT
2024-03-17 16:00:00,2.8946,3.0236,2.8435,2.8606,18485136.0,FETUSDT
2024-03-17 20:00:00,2.8608,2.97,2.7886,2.8099,12790301.0,FETUSDT
2024-03-18 00:00:00,2.81,2.8867,2.7512,2.7766,10959565.0,FETUSDT
2024-03-18 04:00:00,2.7765,2.787,2.6812,2.7297,7570544.0,FETUSDT
2024-03-18 08:00:00,2.7298,2.7339,2.6357,2.6483,15618206.0,FETUSDT
2024-03-18 12:00:00,2.6482,2.652,2.4806,2.5638,26812470.0,FETUSDT
2024-03-18 16:00:00,2.5639,2.616,2.4541,2.5115,17418865.0,FETUSDT
2024-03-18 20:00:00,2.5117,2.6314,2.4763,2.4885,12580142.0,FETUSDT
2024-03-19 00:00:00,2.4881,2.5299,2.3008,2.3956,13917992.0,FETUSDT
2024-03-19 04:00:00,2.3954,2.4253,2.1744,2.3435,17857623.0,FETUSDT
2024-03-19 08:00:00,2.3436,2.48,2.1555,2.4793,22901987.0,FETUSDT
2024-03-19 12:00:00,2.4781,2.5398,2.3823,2.5271,21574109.0,FETUSDT
2024-03-19 16:00:00,2.5283,2.6044,2.4676,2.5095,16238469.0,FETUSDT
2024-03-19 20:00:00,2.5095,2.5144,2.3087,2.3792,11670002.0,FETUSDT
2024-03-20 00:00:00,2.3783,2.5443,2.3687,2.4447,10909891.0,FETUSDT
2024-03-20 04:00:00,2.4452,2.5654,2.35,2.5237,13547378.0,FETUSDT
2024-03-20 08:00:00,2.5238,2.6523,2.5041,2.626,14881507.0,FETUSDT
2024-03-20 12:00:00,2.6253,2.7294,2.5685,2.5974,15005980.0,FETUSDT
2024-03-20 16:00:00,2.597,2.8454,2.4763,2.7661,25562291.0,FETUSDT
2024-03-20 20:00:00,2.7662,2.85,2.7419,2.7465,13862273.0,FETUSDT
2024-03-21 00:00:00,2.7465,2.7687,2.6379,2.6448,9719873.0,FETUSDT
2024-03-21 04:00:00,2.6448,2.6728,2.595,2.6263,7383788.0,FETUSDT
2024-03-21 08:00:00,2.6262,2.7119,2.6252,2.65,8098546.0,FETUSDT
2024-03-21 12:00:00,2.65,2.6781,2.58,2.6126,6470448.0,FETUSDT
2024-03-21 16:00:00,2.6125,2.6621,2.5041,2.5387,12855740.0,FETUSDT
2024-03-21 20:00:00,2.5387,2.5721,2.4929,2.5148,6751401.0,FETUSDT
2024-03-22 00:00:00,2.5152,2.5327,2.4491,2.5026,6224908.0,FETUSDT
2024-03-22 04:00:00,2.5025,2.589,2.4922,2.5568,5777984.0,FETUSDT
2024-03-22 08:00:00,2.5569,2.575,2.4666,2.4837,5768654.0,FETUSDT
2024-03-22 12:00:00,2.4835,2.558,2.4133,2.4649,10610165.0,FETUSDT
2024-03-22 16:00:00,2.4653,2.4658,2.3917,2.4251,6461556.0,FETUSDT
2024-03-22 20:00:00,2.4252,2.4301,2.3624,2.4283,3798210.0,FETUSDT
2024-03-23 00:00:00,2.4282,2.4602,2.3843,2.4182,2828314.0,FETUSDT
2024-03-23 04:00:00,2.418,2.4795,2.4097,2.4677,2265525.0,FETUSDT
2024-03-23 08:00:00,2.4681,2.5481,2.4393,2.5279,6228142.0,FETUSDT
2024-03-23 12:00:00,2.528,2.55,2.5,2.5312,5258308.0,FETUSDT
2024-03-23 16:00:00,2.531,2.5365,2.4617,2.4693,4222754.0,FETUSDT
2024-03-23 20:00:00,2.4695,2.4724,2.4067,2.4178,2999537.0,FETUSDT
2024-03-24 00:00:00,2.4177,2.4592,2.4073,2.4178,2536425.0,FETUSDT
2024-03-24 04:00:00,2.418,2.4629,2.4112,2.4293,2195952.0,FETUSDT
2024-03-24 08:00:00,2.4293,2.4675,2.4241,2.4566,4553240.0,FETUSDT
2024-03-24 12:00:00,2.4566,2.4605,2.4238,2.449,4077767.0,FETUSDT
2024-03-24 16:00:00,2.4487,2.4595,2.3858,2.4513,4083519.0,FETUSDT
2024-03-24 20:00:00,2.4513,2.6497,2.443,2.5838,9263878.0,FETUSDT
2024-03-25 00:00:00,2.5837,2.5856,2.5235,2.5367,4445504.0,FETUSDT
2024-03-25 04:00:00,2.5367,2.5509,2.4853,2.4906,3726438.0,FETUSDT
2024-03-25 08:00:00,2.4913,2.6214,2.49,2.5775,7026233.0,FETUSDT
2024-03-25 12:00:00,2.5773,2.73,2.5389,2.709,12882364.0,FETUSDT
2024-03-25 16:00:00,2.7084,2.725,2.6405,2.724,9871210.0,FETUSDT
2024-03-25 20:00:00,2.7242,2.7277,2.6343,2.6643,4988117.0,FETUSDT
2024-03-26 00:00:00,2.6644,2.8265,2.6577,2.7981,9565611.0,FETUSDT
2024-03-26 04:00:00,2.7982,2.934,2.7697,2.8609,12150899.0,FETUSDT
2024-03-26 08:00:00,2.861,2.9,2.798,2.8688,9033913.0,FETUSDT
2024-03-26 12:00:00,2.8683,3.05,2.8512,2.9208,27750126.0,FETUSDT
2024-03-26 16:00:00,2.9209,2.9536,2.8069,2.8278,12177672.0,FETUSDT
2024-03-26 20:00:00,2.8268,2.92,2.8198,2.8292,6319949.0,FETUSDT
2024-03-27 00:00:00,2.8289,2.9781,2.811,2.9591,8598889.0,FETUSDT
2024-03-27 04:00:00,2.9586,3.199,2.9282,3.0799,16894185.0,FETUSDT
2024-03-27 08:00:00,3.0799,3.3327,3.0662,3.2088,31053079.0,FETUSDT
2024-03-27 12:00:00,3.2086,3.3425,3.0149,3.1276,34653139.9,FETUSDT
2024-03-27 16:00:00,3.1269,3.1492,2.9445,2.9531,16981820.0,FETUSDT
2024-03-27 20:00:00,2.9533,3.14,2.941,3.1064,14562870.0,FETUSDT
2024-03-28 00:00:00,3.1062,3.167,3.0071,3.0719,12032645.0,FETUSDT
2024-03-28 04:00:00,3.0711,3.2812,3.0549,3.2632,13708131.0,FETUSDT
2024-03-28 08:00:00,3.2635,3.41,3.2366,3.3229,19085140.8,FETUSDT
2024-03-28 12:00:00,3.3225,3.474,3.257,3.4703,15606192.0,FETUSDT
2024-03-28 16:00:00,3.4698,3.48,3.3456,3.377,15085982.0,FETUSDT
2024-03-28 20:00:00,3.3772,3.3893,3.2555,3.2624,7917014.0,FETUSDT
2024-03-29 00:00:00,3.2623,3.3041,3.2041,3.2221,5523750.0,FETUSDT
2024-03-29 04:00:00,3.2219,3.3278,3.1672,3.3227,8304201.0,FETUSDT
2024-03-29 08:00:00,3.3228,3.37,3.2031,3.2424,8928666.0,FETUSDT
2024-03-29 12:00:00,3.242,3.2443,3.0754,3.1046,8540663.0,FETUSDT
2024-03-29 16:00:00,3.1054,3.2219,3.1039,3.1734,6084560.0,FETUSDT
2024-03-29 20:00:00,3.1736,3.1771,3.099,3.1026,3820125.0,FETUSDT
2024-03-30 00:00:00,3.1031,3.1204,3.0519,3.0556,8710260.0,FETUSDT
2024-03-30 04:00:00,3.0554,3.0559,2.9493,2.9962,12292843.0,FETUSDT
2024-03-30 08:00:00,2.9961,3.1271,2.9861,3.121,9005268.0,FETUSDT
2024-03-30 12:00:00,3.121,3.1215,3.0179,3.042,4601620.0,FETUSDT
2024-03-30 16:00:00,3.0422,3.1152,3.0383,3.0969,3323471.0,FETUSDT
2024-03-30 20:00:00,3.0981,3.2254,3.079,3.2046,7752017.0,FETUSDT
2024-03-31 00:00:00,3.2053,3.27,3.1471,3.173,7125698.0,FETUSDT
2024-03-31 04:00:00,3.1739,3.2598,3.1485,3.1786,5606591.0,FETUSDT
2024-03-31 08:00:00,3.1793,3.198,3.079,3.1081,4692579.0,FETUSDT
2024-03-31 12:00:00,3.1081,3.1417,3.0397,3.0616,5374219.0,FETUSDT
2024-03-31 16:00:00,3.0616,3.0984,3.0242,3.0445,5242420.0,FETUSDT
2024-03-31 20:00:00,3.0449,3.0587,3.0042,3.0508,4782097.0,FETUSDT
2024-04-01 00:00:00,3.0503,3.0828,3.0088,3.0158,3676863.0,FETUSDT
2024-04-01 04:00:00,3.0159,3.0239,2.82,2.9629,8559657.0,FETUSDT
2024-04-01 08:00:00,2.9628,2.9656,2.8644,2.8651,5499605.0,FETUSDT
2024-04-01 12:00:00,2.8653,2.9926,2.8581,2.8835,8669492.0,FETUSDT
2024-04-01 16:00:00,2.8835,2.9599,2.8256,2.946,7098788.0,FETUSDT
2024-04-01 20:00:00,2.9478,2.9496,2.8794,2.8803,3619519.0,FETUSDT
2024-04-02 00:00:00,2.8803,2.8811,2.6768,2.7151,8202090.0,FETUSDT
2024-04-02 04:00:00,2.7144,2.7484,2.6758,2.6942,5791677.0,FETUSDT
2024-04-02 08:00:00,2.6942,2.7068,2.5974,2.6243,11589849.0,FETUSDT
2024-04-02 12:00:00,2.6241,2.7682,2.5963,2.6837,9025790.0,FETUSDT
2024-04-02 16:00:00,2.6841,2.768,2.6711,2.7411,4441966.0,FETUSDT
2024-04-02 20:00:00,2.7411,2.7439,2.665,2.67,3838669.0,FETUSDT
2024-04-03 00:00:00,2.6708,2.723,2.5555,2.694,6139413.0,FETUSDT
2024-04-03 04:00:00,2.6938,2.7673,2.6922,2.7189,5774379.0,FETUSDT
2024-04-03 08:00:00,2.7189,2.7498,2.6536,2.6701,5198365.0,FETUSDT
2024-04-03 12:00:00,2.6701,2.734,2.6135,2.615,6303534.0,FETUSDT
2024-04-03 16:00:00,2.6149,2.695,2.5664,2.5758,5521289.0,FETUSDT
2024-04-03 20:00:00,2.5761,2.6055,2.51,2.5802,5266862.0,FETUSDT
2024-04-04 00:00:00,2.5803,2.638,2.5509,2.5526,3776983.0,FETUSDT
2024-04-04 04:00:00,2.5528,2.687,2.5253,2.6629,3259641.0,FETUSDT
2024-04-04 08:00:00,2.663,2.8249,2.6476,2.7392,7780368.0,FETUSDT
2024-04-04 12:00:00,2.739,2.8789,2.7123,2.8277,13095162.0,FETUSDT
2024-04-04 16:00:00,2.8282,2.8471,2.747,2.7567,6107592.0,FETUSDT
2024-04-04 20:00:00,2.757,2.762,2.65,2.6985,6482946.0,FETUSDT
2024-04-05 00:00:00,2.6988,2.7262,2.5988,2.6476,5481620.0,FETUSDT
2024-04-05 04:00:00,2.6466,2.6476,2.554,2.5746,5982028.0,FETUSDT
2024-04-05 08:00:00,2.5745,2.6108,2.5211,2.5232,5234599.0,FETUSDT
2024-04-05 12:00:00,2.5235,2.6519,2.51,2.6304,8549542.0,FETUSDT
2024-04-05 16:00:00,2.6304,2.6476,2.5936,2.6149,3372316.0,FETUSDT
2024-04-05 20:00:00,2.6146,2.6398,2.6076,2.6104,1522759.0,FETUSDT
2024-04-06 00:00:00,2.6103,2.667,2.584,2.6489,3762181.0,FETUSDT
2024-04-06 04:00:00,2.65,2.6779,2.6178,2.6541,2661497.0,FETUSDT
2024-04-06 08:00:00,2.6537,2.6856,2.6041,2.606,2324377.0,FETUSDT
2024-04-06 12:00:00,2.6055,2.6356,2.5842,2.632,2523837.0,FETUSDT
2024-04-06 16:00:00,2.6315,2.6383,2.5984,2.6027,1989332.0,FETUSDT
2024-04-06 20:00:00,2.6023,2.67,2.5994,2.6308,2153122.0,FETUSDT
2024-04-07 00:00:00,2.6311,2.6958,2.621,2.689,2223188.0,FETUSDT
2024-04-07 04:00:00,2.6891,2.7056,2.6552,2.6876,2229319.0,FETUSDT
2024-04-07 08:00:00,2.6865,2.7286,2.6616,2.7031,3757651.0,FETUSDT
2024-04-07 12:00:00,2.7034,2.725,2.6654,2.6965,2985854.0,FETUSDT
2024-04-07 16:00:00,2.6969,2.7981,2.695,2.6994,5547676.0,FETUSDT
2024-04-07 20:00:00,2.6998,2.7157,2.6549,2.7068,2516082.0,FETUSDT
2024-04-08 00:00:00,2.7064,2.7102,2.6295,2.654,2149555.0,FETUSDT
2024-04-08 04:00:00,2.6541,2.75,2.641,2.7455,2700721.0,FETUSDT
2024-04-08 08:00:00,2.7453,2.85,2.7404,2.8385,8186111.0,FETUSDT
2024-04-08 12:00:00,2.8385,2.8385,2.7277,2.7857,5670763.0,FETUSDT
2024-04-08 16:00:00,2.7858,2.8208,2.7817,2.8002,3066749.0,FETUSDT
2024-04-08 20:00:00,2.8009,2.8273,2.7825,2.8067,2042242.0,FETUSDT
2024-04-09 00:00:00,2.8066,2.8478,2.7506,2.7509,2611514.0,FETUSDT
2024-04-09 04:00:00,2.7511,2.7857,2.6749,2.6915,3895736.0,FETUSDT
2024-04-09 08:00:00,2.691,2.6974,2.6423,2.6912,3693192.0,FETUSDT
2024-04-09 12:00:00,2.6911,2.6936,2.5526,2.6014,6341978.0,FETUSDT
2024-04-09 16:00:00,2.6014,2.61,2.5644,2.6,2711229.0,FETUSDT
2024-04-09 20:00:00,2.599,2.6159,2.5711,2.5856,1712283.0,FETUSDT
2024-04-10 00:00:00,2.5855,2.6079,2.52,2.5631,3665392.0,FETUSDT
2024-04-10 04:00:00,2.5633,2.5882,2.5495,2.5582,1830990.0,FETUSDT
2024-04-10 08:00:00,2.5582,2.5582,2.4872,2.5311,4217993.0,FETUSDT
2024-04-10 12:00:00,2.5311,2.5706,2.406,2.5458,8344340.0,FETUSDT
2024-04-10 16:00:00,2.5456,2.6348,2.5296,2.6218,5119906.0,FETUSDT
2024-04-10 20:00:00,2.6219,2.7069,2.5898,2.6643,4562186.0,FETUSDT
2024-04-11 00:00:00,2.6642,2.6675,2.6211,2.6306,1886958.0,FETUSDT
2024-04-11 04:00:00,2.6312,2.7384,2.6,2.7217,5229064.0,FETUSDT
2024-04-11 08:00:00,2.7213,2.7343,2.5671,2.5774,6981739.0,FETUSDT
2024-04-11 12:00:00,2.5774,2.6157,2.5136,2.5559,7214430.0,FETUSDT
2024-04-11 16:00:00,2.5556,2.5661,2.5105,2.5481,2860060.0,FETUSDT
2024-04-11 20:00:00,2.5479,2.5715,2.5323,2.5486,1867031.0,FETUSDT
2024-04-12 00:00:00,2.5489,2.5842,2.5425,2.5813,1872235.0,FETUSDT
2024-04-12 04:00:00,2.5812,2.5872,2.521,2.5283,2277873.0,FETUSDT
2024-04-12 08:00:00,2.5285,2.542,2.479,2.4996,3305356.0,FETUSDT
2024-04-12 12:00:00,2.4999,2.4999,2.3711,2.3946,8257079.0,FETUSDT
2024-04-12 16:00:00,2.3947,2.4041,1.88,2.133,36265777.0,FETUSDT
2024-04-12 20:00:00,2.1328,2.1743,2.0925,2.14,9698563.0,FETUSDT
2024-04-13 00:00:00,2.1397,2.1671,2.0211,2.1037,6368723.0,FETUSDT
2024-04-13 04:00:00,2.1032,2.1705,2.0842,2.1444,4674650.0,FETUSDT
2024-04-13 08:00:00,2.1445,2.244,2.1273,2.1923,6429545.0,FETUSDT
2024-04-13 12:00:00,2.1921,2.2531,2.165,2.2019,5641424.0,FETUSDT
2024-04-13 16:00:00,2.202,2.2172,1.8,1.8657,17908484.0,FETUSDT
2024-04-13 20:00:00,1.8655,2.015,1.59,1.9512,38291468.0,FETUSDT
2024-04-14 00:00:00,1.9513,1.9818,1.8519,1.9298,10436473.0,FETUSDT
2024-04-14 04:00:00,1.9303,2.2088,1.9118,2.2042,11801082.0,FETUSDT
2024-04-14 08:00:00,2.204,2.206,2.0306,2.0525,9736655.0,FETUSDT
2024-04-14 12:00:00,2.0525,2.1253,2.0186,2.0574,9282051.0,FETUSDT
2024-04-14 16:00:00,2.0573,2.1754,1.9926,2.0868,13632024.0,FETUSDT
2024-04-14 20:00:00,2.0865,2.2533,2.0243,2.2256,10464066.0,FETUSDT
2024-04-15 00:00:00,2.225,2.2254,2.1638,2.1928,6940590.0,FETUSDT
2024-04-15 04:00:00,2.1918,2.388,2.1334,2.319,11176068.0,FETUSDT
2024-04-15 08:00:00,2.319,2.3472,2.2651,2.2857,6037233.0,FETUSDT
2024-04-15 12:00:00,2.2854,2.373,2.1666,2.2245,11617900.0,FETUSDT
2024-04-15 16:00:00,2.2243,2.2449,2.0,2.1161,16074693.0,FETUSDT
2024-04-15 20:00:00,2.1173,2.141,2.025,2.0505,7284823.0,FETUSDT
2024-04-16 00:00:00,2.0508,2.0956,1.9952,2.0263,5707803.0,FETUSDT
2024-04-16 04:00:00,2.026,2.1094,1.9542,2.084,7946598.0,FETUSDT
2024-04-16 08:00:00,2.084,2.084,1.9707,2.0775,8322578.0,FETUSDT
2024-04-16 12:00:00,2.0774,2.0781,1.935,1.9475,9955506.0,FETUSDT
2024-04-16 16:00:00,1.9471,2.06,1.929,1.9925,8149722.0,FETUSDT
2024-04-16 20:00:00,1.9916,2.1251,1.9888,2.1113,5659392.0,FETUSDT
2024-04-17 00:00:00,2.1118,2.1381,2.0261,2.0437,3847031.0,FETUSDT
2024-04-17 04:00:00,2.0436,2.0991,2.0084,2.0369,4426119.0,FETUSDT
2024-04-17 08:00:00,2.0367,2.0547,1.9639,1.9666,3532219.0,FETUSDT
2024-04-17 12:00:00,1.9669,1.987,1.8755,1.9012,11892601.0,FETUSDT
2024-04-17 16:00:00,1.9013,2.0613,1.8776,2.0059,9725144.0,FETUSDT
2024-04-17 20:00:00,2.0067,2.0331,1.9705,1.9865,3115675.0,FETUSDT
2024-04-18 00:00:00,1.9875,2.0229,1.9433,1.9939,2950213.0,FETUSDT
2024-04-18 04:00:00,1.9943,2.0122,1.8942,1.8963,4473430.0,FETUSDT
2024-04-18 08:00:00,1.8966,2.0273,1.8845,1.9852,6405238.0,FETUSDT
2024-04-18 12:00:00,1.9848,2.0653,1.9351,2.0496,7000684.0,FETUSDT
2024-04-18 16:00:00,2.0489,2.0841,1.9927,2.0668,5898271.0,FETUSDT
2024-04-18 20:00:00,2.0669,2.0908,2.0321,2.0468,3027574.0,FETUSDT
2024-04-19 00:00:00,2.0467,2.0467,1.8546,1.9683,9490677.0,FETUSDT
2024-04-19 04:00:00,1.9684,2.114,1.9612,2.0593,8506605.0,FETUSDT
2024-04-19 08:00:00,2.0596,2.1624,2.0513,2.1223,6257943.0,FETUSDT
2024-04-19 12:00:00,2.1224,2.186,2.1057,2.1582,8238991.0,FETUSDT
2024-04-19 16:00:00,2.1578,2.1809,2.115,2.153,4960983.0,FETUSDT
2024-04-19 20:00:00,2.1523,2.1586,2.0648,2.1079,3614867.0,FETUSDT
2024-04-20 00:00:00,2.1083,2.1666,2.0706,2.1573,4205464.0,FETUSDT
2024-04-20 04:00:00,2.157,2.2624,2.1423,2.2448,5756464.0,FETUSDT
2024-04-20 08:00:00,2.2466,2.297,2.1964,2.2084,7396939.0,FETUSDT
2024-04-20 12:00:00,2.2089,2.3289,2.2033,2.3281,5287570.0,FETUSDT
2024-04-20 16:00:00,2.3286,2.481,2.2966,2.4754,12533838.0,FETUSDT
2024-04-20 20:00:00,2.4753,2.5,2.4257,2.4909,4486507.0,FETUSDT
2024-04-21 00:00:00,2.4917,2.5658,2.4582,2.5193,6009361.0,FETUSDT
2024-04-21 04:00:00,2.5192,2.55,2.3794,2.42,10070120.0,FETUSDT
2024-04-21 08:00:00,2.42,2.4946,2.3913,2.4674,5072297.0,FETUSDT
2024-04-21 12:00:00,2.4675,2.481,2.3938,2.4511,5046909.0,FETUSDT
2024-04-21 16:00:00,2.4513,2.4552,2.361,2.4045,5310524.0,FETUSDT
2024-04-21 20:00:00,2.4034,2.4582,2.3916,2.4196,3003086.0,FETUSDT
2024-04-22 00:00:00,2.4197,2.488,2.3971,2.4658,5525860.0,FETUSDT
2024-04-22 04:00:00,2.4661,2.5268,2.43,2.4628,5181486.0,FETUSDT
2024-04-22 08:00:00,2.4632,2.4822,2.4188,2.4235,4924967.0,FETUSDT
2024-04-22 12:00:00,2.4235,2.4435,2.3759,2.4172,4692090.0,FETUSDT
2024-04-22 16:00:00,2.4171,2.475,2.3886,2.4449,4217459.0,FETUSDT
2024-04-22 20:00:00,2.4439,2.4898,2.4318,2.4694,3539163.0,FETUSDT
2024-04-23 00:00:00,2.4679,2.5596,2.432,2.4329,4575261.0,FETUSDT
2024-04-23 04:00:00,2.4325,2.4775,2.3945,2.4081,3736018.0,FETUSDT
2024-04-23 08:00:00,2.4081,2.4838,2.3905,2.4384,4462046.0,FETUSDT
2024-04-23 12:00:00,2.4383,2.5549,2.4362,2.4711,7589544.0,FETUSDT
2024-04-23 16:00:00,2.4709,2.4973,2.436,2.4536,3200520.0,FETUSDT
2024-04-23 20:00:00,2.4541,2.4563,2.4122,2.4499,1864221.0,FETUSDT
2024-04-24 00:00:00,2.4497,2.4884,2.4237,2.4582,3261294.0,FETUSDT
2024-04-24 04:00:00,2.4578,2.5347,2.455,2.5134,4079299.0,FETUSDT
2024-04-24 08:00:00,2.5131,2.6366,2.485,2.6131,6739672.0,FETUSDT
2024-04-24 12:00:00,2.6123,2.6328,2.4157,2.4269,13332614.0,FETUSDT
2024-04-24 16:00:00,2.4269,2.4989,2.3828,2.4057,7236103.0,FETUSDT
2024-04-24 20:00:00,2.4055,2.4227,2.2101,2.2711,9997970.0,FETUSDT
2024-04-25 00:00:00,2.2711,2.3171,2.2315,2.2572,4693546.0,FETUSDT
2024-04-25 04:00:00,2.2573,2.2925,2.222,2.2462,3607563.0,FETUSDT
2024-04-25 08:00:00,2.2461,2.2815,2.2048,2.2535,5398202.0,FETUSDT
2024-04-25 12:00:00,2.2535,2.3312,2.22,2.3193,8463093.0,FETUSDT
2024-04-25 16:00:00,2.319,2.359,2.296,2.3247,4872851.0,FETUSDT
2024-04-25 20:00:00,2.3247,2.38,2.2953,2.2976,3736962.0,FETUSDT
2024-04-26 00:00:00,2.2972,2.3105,2.23,2.2446,4716852.0,FETUSDT
2024-04-26 04:00:00,2.2445,2.2828,2.2151,2.2328,2847139.0,FETUSDT
2024-04-26 08:00:00,2.2331,2.2556,2.2063,2.2106,2812640.0,FETUSDT
2024-04-26 12:00:00,2.2105,2.28,2.1767,2.2028,7055201.0,FETUSDT
2024-04-26 16:00:00,2.2033,2.2154,2.1858,2.195,2585378.0,FETUSDT
2024-04-26 20:00:00,2.195,2.2133,2.1349,2.1585,2868072.0,FETUSDT
2024-04-27 00:00:00,2.1584,2.1727,2.0575,2.125,4775718.0,FETUSDT
2024-04-27 04:00:00,2.1246,2.152,2.1211,2.1217,2148296.0,FETUSDT
2024-04-27 08:00:00,2.1216,2.125,2.0677,2.0899,3144700.0,FETUSDT
2024-04-27 12:00:00,2.0898,2.1592,2.0853,2.1188,3319890.0,FETUSDT
2024-04-27 16:00:00,2.1192,2.1979,2.1108,2.1751,4718683.0,FETUSDT
2024-04-27 20:00:00,2.1751,2.1991,2.1579,2.1862,1912063.0,FETUSDT
2024-04-28 00:00:00,2.1865,2.2806,2.1814,2.2415,2701062.0,FETUSDT
2024-04-28 04:00:00,2.2415,2.256,2.2184,2.2296,1983141.0,FETUSDT
2024-04-28 08:00:00,2.2297,2.2356,2.1668,2.1694,3083179.0,FETUSDT
2024-04-28 12:00:00,2.1689,2.2214,2.1654,2.2117,3104754.0,FETUSDT
2024-04-28 16:00:00,2.2115,2.2876,2.2065,2.2504,3960935.0,FETUSDT
2024-04-28 20:00:00,2.2507,2.2609,2.141,2.1603,3683317.0,FETUSDT
2024-04-29 00:00:00,2.1605,2.1986,2.1221,2.1253,2877498.0,FETUSDT
2024-04-29 04:00:00,2.1256,2.2,2.1179,2.1484,3597656.5,FETUSDT
2024-04-29 08:00:00,2.1483,2.158,2.1114,2.1171,2980802.6,FETUSDT
2024-04-29 12:00:00,2.1171,2.1588,2.0862,2.1493,6357046.1,FETUSDT
2024-04-29 16:00:00,2.1491,2.1546,2.0966,2.1242,2883767.4,FETUSDT
2024-04-29 20:00:00,2.124,2.1953,2.0885,2.1672,3850871.4,FETUSDT
2024-04-30 00:00:00,2.1672,2.1999,2.1121,2.1351,2804235.3,FETUSDT
2024-04-30 04:00:00,2.1357,2.1416,2.0886,2.1027,1880284.4,FETUSDT
2024-04-30 08:00:00,2.1022,2.1109,1.9598,1.9729,8622008.3,FETUSDT
2024-04-30 12:00:00,1.9726,2.0069,1.9331,1.9666,7227448.6,FETUSDT
2024-04-30 16:00:00,1.9666,1.9695,1.915,1.9403,5676200.3,FETUSDT
2024-04-30 20:00:00,1.9399,2.0642,1.9397,2.0226,6024568.1,FETUSDT
2024-05-01 00:00:00,2.0229,2.0367,1.9651,2.0118,3243094.6,FETUSDT
2024-05-01 04:00:00,2.0122,2.017,1.8797,1.9161,6577630.9,FETUSDT
2024-05-01 08:00:00,1.916,1.9468,1.8617,1.9465,6450882.6,FETUSDT
2024-05-01 12:00:00,1.9462,1.9838,1.909,1.9208,6128303.9,FETUSDT
2024-05-01 16:00:00,1.921,2.0605,1.9013,1.9609,15015686.6,FETUSDT
2024-05-01 20:00:00,1.961,2.0309,1.9476,2.0139,4163608.3,FETUSDT
2024-05-02 00:00:00,2.0134,2.0228,1.9314,1.9705,2580204.2,FETUSDT
2024-05-02 04:00:00,1.97,1.9742,1.928,1.9437,2290809.8,FETUSDT
2024-05-02 08:00:00,1.9436,2.0355,1.9392,2.0334,3745112.0,FETUSDT
2024-05-02 12:00:00,2.0334,2.0556,1.9787,2.0163,6725251.5,FETUSDT
2024-05-02 16:00:00,2.0166,2.019,1.9845,2.0063,3055197.2,FETUSDT
2024-05-02 20:00:00,2.0063,2.048,1.9751,2.0017,4859974.9,FETUSDT
2024-05-03 00:00:00,2.0021,2.0517,1.9829,2.0449,3354504.2,FETUSDT
2024-05-03 04:00:00,2.0448,2.064,1.99,1.9989,2432100.7,FETUSDT
2024-05-03 08:00:00,1.9997,2.0199,1.9555,1.9709,3062260.5,FETUSDT
2024-05-03 12:00:00,1.9704,2.124,1.9654,2.0933,11343808.7,FETUSDT
2024-05-03 16:00:00,2.0935,2.15,2.0802,2.1404,5505846.7,FETUSDT
2024-05-03 20:00:00,2.1395,2.2159,2.1376,2.1722,5285532.9,FETUSDT
2024-05-04 00:00:00,2.1717,2.204,2.1516,2.1664,2804103.9,FETUSDT
2024-05-04 04:00:00,2.1663,2.1824,2.1486,2.1542,2358427.7,FETUSDT
2024-05-04 08:00:00,2.1542,2.2476,2.1536,2.1955,5041548.4,FETUSDT
2024-05-04 12:00:00,2.1955,2.2115,2.1336,2.1826,4585211.6,FETUSDT
2024-05-04 16:00:00,2.1827,2.2326,2.1653,2.1976,4244574.3,FETUSDT
2024-05-04 20:00:00,2.1977,2.2077,2.1537,2.159,1841467.3,FETUSDT
2024-05-05 00:00:00,2.1589,2.1721,2.1044,2.1236,2954876.4,FETUSDT
2024-05-05 04:00:00,2.1232,2.255,2.1145,2.2123,7433614.1,FETUSDT
2024-05-05 08:00:00,2.2114,2.2319,2.1848,2.2175,4348031.5,FETUSDT
2024-05-05 12:00:00,2.2174,2.3785,2.1975,2.3414,12037919.7,FETUSDT
2024-05-05 16:00:00,2.3411,2.3856,2.3,2.3295,6038562.3,FETUSDT
2024-05-05 20:00:00,2.3293,2.3799,2.3029,2.3614,3840907.8,FETUSDT
2024-05-06 00:00:00,2.3611,2.4368,2.3589,2.3927,5300774.6,FETUSDT
2024-05-06 04:00:00,2.3929,2.51,2.3781,2.4928,6683405.9,FETUSDT
2024-05-06 08:00:00,2.4928,2.5238,2.3889,2.419,9250649.5,FETUSDT
2024-05-06 12:00:00,2.4191,2.4439,2.331,2.3964,9449718.4,FETUSDT
2024-05-06 16:00:00,2.3968,2.4114,2.3159,2.388,7315981.2,FETUSDT
2024-05-06 20:00:00,2.388,2.43,2.3742,2.3783,3850630.8,FETUSDT
2024-05-07 00:00:00,2.378,2.4385,2.362,2.4031,3635992.2,FETUSDT
2024-05-07 04:00:00,2.4026,2.45,2.3738,2.4237,4172323.8,FETUSDT
2024-05-07 08:00:00,2.423,2.4995,2.4121,2.4259,6147344.5,FETUSDT
2024-05-07 12:00:00,2.4261,2.4797,2.3726,2.4738,8076879.5,FETUSDT
2024-05-07 16:00:00,2.474,2.487,2.3961,2.4067,3569706.5,FETUSDT
2024-05-07 20:00:00,2.4067,2.4182,2.3345,2.3359,3300788.1,FETUSDT
2024-05-08 00:00:00,2.3359,2.4079,2.3345,2.3657,2780591.2,FETUSDT
2024-05-08 04:00:00,2.3667,2.3785,2.2707,2.2849,5409726.5,FETUSDT
2024-05-08 08:00:00,2.2863,2.2987,2.2299,2.2488,4907668.9,FETUSDT
2024-05-08 12:00:00,2.2495,2.2886,2.1966,2.2117,6285509.7,FETUSDT
2024-05-08 16:00:00,2.2124,2.2456,2.1747,2.185,3896417.0,FETUSDT
2024-05-08 20:00:00,2.1849,2.1901,2.124,2.1534,5335873.3,FETUSDT
2024-05-09 00:00:00,2.1528,2.241,2.1496,2.2377,2757696.4,FETUSDT
2024-05-09 04:00:00,2.2375,2.28,2.1861,2.2002,5187085.6,FETUSDT
2024-05-09 08:00:00,2.2004,2.2071,2.1291,2.1603,4816943.6,FETUSDT
2024-05-09 12:00:00,2.1601,2.26,2.15,2.2516,6023492.6,FETUSDT
2024-05-09 16:00:00,2.2524,2.3,2.1972,2.2509,5602669.2,FETUSDT
2024-05-09 20:00:00,2.2502,2.3079,2.2273,2.2618,3065877.6,FETUSDT
2024-05-10 00:00:00,2.2624,2.3294,2.2479,2.3063,3337521.3,FETUSDT
2024-05-10 04:00:00,2.3049,2.3405,2.2804,2.3102,3147815.4,FETUSDT
2024-05-10 08:00:00,2.3103,2.3574,2.2822,2.3553,3895073.2,FETUSDT
2024-05-10 12:00:00,2.3555,2.362,2.1625,2.1785,9446246.2,FETUSDT
2024-05-10 16:00:00,2.1784,2.2379,2.1321,2.2009,7222101.7,FETUSDT
2024-05-10 20:00:00,2.2015,2.2379,2.1858,2.2091,3076239.2,FETUSDT
2024-05-11 00:00:00,2.2092,2.2591,2.179,2.1957,2905192.0,FETUSDT
2024-05-11 04:00:00,2.1964,2.261,2.1933,2.2389,1842761.7,FETUSDT
2024-05-11 08:00:00,2.2399,2.2522,2.187,2.2089,2607094.4,FETUSDT
2024-05-11 12:00:00,2.2094,2.2585,2.2011,2.2285,2710408.4,FETUSDT
2024-05-11 16:00:00,2.2294,2.2626,2.2185,2.2266,2161235.7,FETUSDT
2024-05-11 20:00:00,2.2267,2.2272,2.1876,2.192,1600403.0,FETUSDT
2024-05-12 00:00:00,2.192,2.2086,2.1817,2.1889,996605.8,FETUSDT
2024-05-12 04:00:00,2.1899,2.2163,2.1688,2.174,1315580.5,FETUSDT
2024-05-12 08:00:00,2.1736,2.2254,2.1679,2.2147,2117192.7,FETUSDT
2024-05-12 12:00:00,2.2147,2.23,2.1979,2.2236,2340616.4,FETUSDT
2024-05-12 16:00:00,2.2236,2.2404,2.172,2.1821,2468228.1,FETUSDT
2024-05-12 20:00:00,2.1825,2.1863,2.15,2.1673,1698942.3,FETUSDT
2024-05-13 00:00:00,2.1685,2.1919,2.0205,2.0513,5472578.6,FETUSDT
2024-05-13 04:00:00,2.0517,2.1539,2.0312,2.1506,4104853.9,FETUSDT
2024-05-13 08:00:00,2.1508,2.19,2.1168,2.1437,5190533.0,FETUSDT
2024-05-13 12:00:00,2.1435,2.165,2.1163,2.1495,3931837.5,FETUSDT
2024-05-13 16:00:00,2.1496,2.2235,2.1042,2.139,5562792.4,FETUSDT
2024-05-13 20:00:00,2.1387,2.1496,2.1103,2.1234,1610748.7,FETUSDT
2024-05-14 00:00:00,2.1232,2.1388,2.0775,2.0845,2819175.3,FETUSDT
2024-05-14 04:00:00,2.0844,2.1328,2.0481,2.0866,4070797.7,FETUSDT
2024-05-14 08:00:00,2.0865,2.0881,2.0526,2.0655,3627014.2,FETUSDT
2024-05-14 12:00:00,2.0655,2.0841,2.0056,2.0381,6169942.6,FETUSDT
2024-05-14 16:00:00,2.0384,2.0399,1.9816,2.015,4277899.1,FETUSDT
2024-05-14 20:00:00,2.0147,2.0202,1.9915,2.002,1800472.6,FETUSDT
2024-05-15 00:00:00,2.0028,2.0326,1.9925,2.0303,1571821.8,FETUSDT
2024-05-15 04:00:00,2.0295,2.0383,2.0109,2.0168,2355520.0,FETUSDT
2024-05-15 08:00:00,2.0166,2.0492,1.9737,2.011,4277073.6,FETUSDT
2024-05-15 12:00:00,2.0117,2.2161,2.0034,2.177,14406164.0,FETUSDT
2024-05-15 16:00:00,2.1773,2.2685,2.1541,2.2597,6954975.1,FETUSDT
2024-05-15 20:00:00,2.2594,2.2748,2.2356,2.2567,5371643.6,FETUSDT
2024-05-16 00:00:00,2.2563,2.3246,2.245,2.3187,3671837.1,FETUSDT
2024-05-16 04:00:00,2.3183,2.3393,2.2653,2.3071,5259169.6,FETUSDT
2024-05-16 08:00:00,2.3071,2.3248,2.282,2.299,4398613.3,FETUSDT
2024-05-16 12:00:00,2.2986,2.3003,2.1766,2.1973,8981437.9,FETUSDT
2024-05-16 16:00:00,2.1977,2.2251,2.16,2.2109,4792931.8,FETUSDT
2024-05-16 20:00:00,2.2105,2.3045,2.1892,2.2826,4218666.3,FETUSDT
2024-05-17 00:00:00,2.2821,2.3128,2.2277,2.2443,3236016.3,FETUSDT
2024-05-17 04:00:00,2.2453,2.3263,2.2236,2.2979,4598797.3,FETUSDT
2024-05-17 08:00:00,2.2981,2.3067,2.2517,2.2632,2783865.7,FETUSDT
2024-05-17 12:00:00,2.2626,2.3333,2.2438,2.3191,4442179.7,FETUSDT
2024-05-17 16:00:00,2.3193,2.3859,2.301,2.3753,7619832.7,FETUSDT
2024-05-17 20:00:00,2.3753,2.3768,2.3439,2.3467,2001559.0,FETUSDT
2024-05-18 00:00:00,2.3467,2.4205,2.3208,2.4185,3252937.3,FETUSDT
2024-05-18 04:00:00,2.4186,2.4255,2.351,2.3562,2306438.4,FETUSDT
2024-05-18 08:00:00,2.3559,2.3797,2.3257,2.3271,3853484.7,FETUSDT
2024-05-18 12:00:00,2.3272,2.3313,2.2619,2.292,3872110.8,FETUSDT
2024-05-18 16:00:00,2.2919,2.3082,2.2723,2.2839,1632313.1,FETUSDT
2024-05-18 20:00:00,2.2839,2.3033,2.2666,2.2773,1603900.8,FETUSDT
2024-05-19 00:00:00,2.2774,2.3104,2.2691,2.2994,1472643.3,FETUSDT
2024-05-19 04:00:00,2.2994,2.3096,2.2744,2.3091,1444976.6,FETUSDT
2024-05-19 08:00:00,2.3085,2.3104,2.2477,2.2814,2725428.9,FETUSDT
2024-05-19 12:00:00,2.2811,2.2811,2.2,2.216,3442827.0,FETUSDT
2024-05-19 16:00:00,2.2161,2.2247,2.1828,2.1909,2683877.3,FETUSDT
2024-05-19 20:00:00,2.191,2.2186,2.1821,2.1995,1524071.9,FETUSDT
2024-05-20 00:00:00,2.1992,2.2413,2.161,2.2175,2614248.5,FETUSDT
2024-05-20 04:00:00,2.217,2.2856,2.1818,2.2419,4893717.1,FETUSDT
2024-05-20 08:00:00,2.2415,2.2778,2.2272,2.2597,3606380.9,FETUSDT
2024-05-20 12:00:00,2.2603,2.2983,2.2193,2.2903,3258186.3,FETUSDT
2024-05-20 16:00:00,2.2903,2.4098,2.2739,2.3898,11151843.5,FETUSDT
2024-05-20 20:00:00,2.3898,2.4403,2.3434,2.4251,8566323.1,FETUSDT
2024-05-21 00:00:00,2.4253,2.4774,2.3751,2.423,4923092.4,FETUSDT
2024-05-21 04:00:00,2.4235,2.5177,2.4235,2.483,7315558.1,FETUSDT
2024-05-21 08:00:00,2.4827,2.566,2.4779,2.5572,8202086.8,FETUSDT
2024-05-21 12:00:00,2.5573,2.5595,2.4581,2.465,8850981.4,FETUSDT
2024-05-21 16:00:00,2.465,2.513,2.4416,2.4614,4943995.7,FETUSDT
2024-05-21 20:00:00,2.4614,2.5459,2.4603,2.5282,4021087.4,FETUSDT
2024-05-22 00:00:00,2.5283,2.552,2.4836,2.5356,2611672.3,FETUSDT
2024-05-22 04:00:00,2.5353,2.566,2.4744,2.4987,3345992.1,FETUSDT
2024-05-22 08:00:00,2.4987,2.608,2.4854,2.5229,5798530.1,FETUSDT
2024-05-22 12:00:00,2.5228,2.6128,2.4812,2.606,10537574.1,FETUSDT
2024-05-22 16:00:00,2.6068,2.6941,2.5623,2.6318,10561939.5,FETUSDT
2024-05-22 20:00:00,2.6311,2.71,2.5097,2.5385,14095762.4,FETUSDT
2024-05-23 00:00:00,2.5382,2.561,2.49,2.5243,3982161.0,FETUSDT
2024-05-23 04:00:00,2.5237,2.5237,2.457,2.465,3934555.5,FETUSDT
2024-05-23 08:00:00,2.465,2.487,2.432,2.482,3788274.8,FETUSDT
2024-05-23 12:00:00,2.482,2.488,2.33,2.372,10082405.9,FETUSDT
2024-05-23 16:00:00,2.372,2.401,2.33,2.353,3744053.6,FETUSDT
2024-05-23 20:00:00,2.353,2.396,2.2183,2.362,8941697.3,FETUSDT
2024-05-24 00:00:00,2.363,2.411,2.351,2.4,2103594.3,FETUSDT
2024-05-24 04:00:00,2.4,2.41,2.268,2.298,3332763.0,FETUSDT
2024-05-24 08:00:00,2.3,2.312,2.25,2.305,2326318.9,FETUSDT
2024-05-24 12:00:00,2.305,2.34,2.266,2.297,3118686.5,FETUSDT
2024-05-24 16:00:00,2.297,2.333,2.264,2.313,2455777.1,FETUSDT
2024-05-24 20:00:00,2.313,2.32,2.296,2.31,1112132.4,FETUSDT
2024-05-25 00:00:00,2.308,2.321,2.296,2.317,972221.7,FETUSDT
2024-05-25 04:00:00,2.318,2.35,2.31,2.329,1582486.1,FETUSDT
2024-05-25 08:00:00,2.328,2.364,2.314,2.336,2234392.7,FETUSDT
2024-05-25 12:00:00,2.336,2.339,2.284,2.314,1831902.4,FETUSDT
2024-05-25 16:00:00,2.313,2.313,2.294,2.305,1301764.0,FETUSDT
2024-05-25 20:00:00,2.306,2.308,2.279,2.295,1229123.8,FETUSDT
2024-05-26 00:00:00,2.294,2.306,2.251,2.28,1626380.5,FETUSDT
2024-05-26 04:00:00,2.28,2.284,2.26,2.274,891408.5,FETUSDT
2024-05-26 08:00:00,2.274,2.328,2.233,2.271,2770268.4,FETUSDT
2024-05-26 12:00:00,2.271,2.286,2.238,2.26,2012246.8,FETUSDT
2024-05-26 16:00:00,2.26,2.268,2.233,2.244,1605086.0,FETUSDT
2024-05-26 20:00:00,2.245,2.252,2.2,2.235,2251431.1,FETUSDT
2024-05-27 00:00:00,2.236,2.278,2.234,2.26,1340620.3,FETUSDT
2024-05-27 04:00:00,2.26,2.278,2.221,2.239,1524012.2,FETUSDT
2024-05-27 08:00:00,2.24,2.251,2.225,2.24,2150818.1,FETUSDT
2024-05-27 12:00:00,2.239,2.32,2.221,2.311,3798277.4,FETUSDT
2024-05-27 16:00:00,2.312,2.336,2.255,2.269,3987493.1,FETUSDT
2024-05-27 20:00:00,2.27,2.324,2.264,2.303,2671872.4,FETUSDT
2024-05-28 00:00:00,2.301,2.306,2.21,2.231,3044208.1,FETUSDT
2024-05-28 04:00:00,2.23,2.26,2.1772,2.249,3309203.2,FETUSDT
2024-05-28 08:00:00,2.248,2.275,2.24,2.253,3271630.8,FETUSDT
2024-05-28 12:00:00,2.254,2.261,2.208,2.237,3331398.7,FETUSDT
2024-05-28 16:00:00,2.238,2.247,2.199,2.238,2157446.3,FETUSDT
2024-05-28 20:00:00,2.237,2.25,2.222,2.235,1243859.6,FETUSDT
2024-05-29 00:00:00,2.235,2.252,2.222,2.249,1329536.2,FETUSDT
2024-05-29 04:00:00,2.251,2.307,2.247,2.262,3503280.9,FETUSDT
2024-05-29 08:00:00,2.261,2.347,2.227,2.271,6934129.8,FETUSDT
2024-05-29 12:00:00,2.272,2.31,2.211,2.22,6020176.0,FETUSDT
2024-05-29 16:00:00,2.219,2.254,2.194,2.196,3397557.1,FETUSDT
2024-05-29 20:00:00,2.195,2.215,2.184,2.195,2300053.3,FETUSDT
2024-05-30 00:00:00,2.194,2.257,2.19,2.252,2163660.9,FETUSDT
2024-05-30 04:00:00,2.252,2.274,2.129,2.141,5049761.3,FETUSDT
2024-05-30 08:00:00,2.14,2.243,2.1084,2.217,5588632.4,FETUSDT
2024-05-30 12:00:00,2.216,2.295,2.215,2.242,5833736.7,FETUSDT
2024-05-30 16:00:00,2.242,2.275,2.202,2.207,3327531.6,FETUSDT
2024-05-30 20:00:00,2.207,2.207,2.175,2.184,2173887.3,FETUSDT
2024-05-31 00:00:00,2.185,2.194,2.159,2.186,1425797.7,FETUSDT
2024-05-31 04:00:00,2.186,2.198,2.147,2.17,2733416.6,FETUSDT
2024-05-31 08:00:00,2.169,2.187,2.159,2.176,2178297.5,FETUSDT
2024-05-31 12:00:00,2.176,2.21,2.115,2.117,4209906.5,FETUSDT
2024-05-31 16:00:00,2.117,2.146,2.066,2.139,4626877.9,FETUSDT
2024-05-31 20:00:00,2.139,2.148,2.126,2.138,1281392.9,FETUSDT
2024-06-01 00:00:00,2.139,2.147,2.118,2.131,1286063.8,FETUSDT
2024-06-01 04:00:00,2.13,2.138,2.108,2.114,1213709.9,FETUSDT
2024-06-01 08:00:00,2.113,2.123,2.095,2.096,1514998.1,FETUSDT
2024-06-01 12:00:00,2.096,2.12,2.093,2.107,1888388.2,FETUSDT
2024-06-01 16:00:00,2.107,2.115,2.093,2.098,1105065.7,FETUSDT
2024-06-01 20:00:00,2.098,2.122,2.097,2.111,848768.7,FETUSDT
2024-06-02 00:00:00,2.11,2.138,2.107,2.122,926580.5,FETUSDT
2024-06-02 04:00:00,2.123,2.133,2.094,2.095,1096845.8,FETUSDT
2024-06-02 08:00:00,2.096,2.121,2.072,2.117,1816745.2,FETUSDT
2024-06-02 12:00:00,2.117,2.124,2.096,2.114,1633430.0,FETUSDT
2024-06-02 16:00:00,2.115,2.12,2.042,2.087,2938423.2,FETUSDT
2024-06-02 20:00:00,2.086,2.091,2.066,2.085,1117024.0,FETUSDT
2024-06-03 00:00:00,2.085,2.126,2.049,2.107,1973734.6,FETUSDT
2024-06-03 04:00:00,2.108,2.174,2.089,2.155,3619650.9,FETUSDT
2024-06-03 08:00:00,2.156,2.17,2.136,2.153,3034298.7,FETUSDT
2024-06-03 12:00:00,2.154,2.196,2.123,2.181,5062699.6,FETUSDT
2024-06-03 16:00:00,2.182,2.183,2.138,2.164,1662392.2,FETUSDT
2024-06-03 20:00:00,2.164,2.181,2.133,2.139,1419406.6,FETUSDT
2024-06-04 00:00:00,2.138,2.174,2.132,2.15,1639058.9,FETUSDT
2024-06-04 04:00:00,2.149,2.155,2.11,2.118,1773745.0,FETUSDT
2024-06-04 08:00:00,2.118,2.129,2.079,2.103,1893872.4,FETUSDT
2024-06-04 12:00:00,2.102,2.137,2.086,2.132,3421432.1,FETUSDT
2024-06-04 16:00:00,2.133,2.14,2.104,2.119,2637574.4,FETUSDT
2024-06-04 20:00:00,2.119,2.13,2.1,2.125,1734589.8,FETUSDT
2024-06-05 00:00:00,2.125,2.173,2.125,2.171,4488124.3,FETUSDT
2024-06-05 04:00:00,2.171,2.221,2.163,2.186,4018076.8,FETUSDT
2024-06-05 08:00:00,2.186,2.191,2.151,2.178,2533914.1,FETUSDT
2024-06-05 12:00:00,2.177,2.178,2.133,2.171,3229050.5,FETUSDT
2024-06-05 16:00:00,2.171,2.177,2.135,2.157,2525001.2,FETUSDT
2024-06-05 20:00:00,2.158,2.162,2.142,2.156,1171796.4,FETUSDT
2024-06-06 00:00:00,2.156,2.17,2.14,2.142,1700120.3,FETUSDT
2024-06-06 04:00:00,2.142,2.144,2.104,2.123,2393554.7,FETUSDT
2024-06-06 08:00:00,2.123,2.129,2.1,2.104,1929499.7,FETUSDT
2024-06-06 12:00:00,2.105,2.124,2.094,2.105,2920796.3,FETUSDT
2024-06-06 16:00:00,2.106,2.109,2.05,2.053,2863430.4,FETUSDT
2024-06-06 20:00:00,2.053,2.058,2.013,2.044,3187402.9,FETUSDT
2024-06-07 00:00:00,2.043,2.043,1.999,2.027,2782227.4,FETUSDT
2024-06-07 04:00:00,2.027,2.055,2.019,2.026,2881939.0,FETUSDT
2024-06-07 08:00:00,2.026,2.06,2.012,2.034,3989677.1,FETUSDT
2024-06-07 12:00:00,2.033,2.042,1.976,2.005,6368600.9,FETUSDT
2024-06-07 16:00:00,2.004,2.005,1.65,1.816,31378056.5,FETUSDT
2024-06-07 20:00:00,1.816,1.858,1.8,1.849,5271916.4,FETUSDT
2024-06-08 00:00:00,1.85,1.866,1.829,1.847,2445870.3,FETUSDT
2024-06-08 04:00:00,1.846,1.852,1.813,1.828,1617783.9,FETUSDT
2024-06-08 08:00:00,1.827,1.829,1.749,1.754,5242805.6,FETUSDT
2024-06-08 12:00:00,1.753,1.777,1.7,1.744,6916505.2,FETUSDT
2024-06-08 16:00:00,1.745,1.757,1.703,1.734,4014867.5,FETUSDT
2024-06-08 20:00:00,1.734,1.751,1.723,1.745,2692660.5,FETUSDT
2024-06-09 00:00:00,1.745,1.756,1.716,1.737,1743139.0,FETUSDT
2024-06-09 04:00:00,1.736,1.774,1.729,1.749,1867397.4,FETUSDT
2024-06-09 08:00:00,1.749,1.749,1.728,1.732,1619699.7,FETUSDT
2024-06-09 12:00:00,1.733,1.754,1.722,1.741,2746756.0,FETUSDT
2024-06-09 16:00:00,1.741,1.765,1.735,1.758,1557910.1,FETUSDT
2024-06-09 20:00:00,1.757,1.759,1.723,1.737,2303979.5,FETUSDT
2024-06-10 00:00:00,1.738,1.741,1.69,1.701,2387636.8,FETUSDT
2024-06-10 04:00:00,1.701,1.708,1.6283,1.631,6316202.5,FETUSDT
2024-06-10 08:00:00,1.632,1.729,1.631,1.702,4470482.5,FETUSDT
2024-06-10 12:00:00,1.702,1.75,1.675,1.736,4875847.8,FETUSDT
2024-06-10 16:00:00,1.737,1.741,1.688,1.693,3133516.9,FETUSDT
2024-06-10 20:00:00,1.693,1.694,1.65,1.659,2942008.4,FETUSDT
2024-06-11 00:00:00,1.659,1.676,1.607,1.649,3859126.9,FETUSDT
2024-06-11 04:00:00,1.648,1.674,1.607,1.673,4588585.0,FETUSDT
2024-06-11 08:00:00,1.673,1.719,1.656,1.673,7198628.0,FETUSDT
2024-06-11 12:00:00,1.672,1.685,1.534,1.545,13707850.3,FETUSDT
2024-06-11 16:00:00,1.545,1.589,1.505,1.584,8336336.0,FETUSDT
2024-06-11 20:00:00,1.583,1.591,1.525,1.537,3452256.7,FETUSDT
2024-06-12 00:00:00,1.536,1.569,1.465,1.558,5677358.4,FETUSDT
2024-06-12 04:00:00,1.559,1.577,1.527,1.549,3438925.5,FETUSDT
2024-06-12 08:00:00,1.55,1.634,1.544,1.623,7930319.4,FETUSDT
2024-06-12 12:00:00,1.624,1.75,1.613,1.727,13382220.0,FETUSDT
2024-06-12 16:00:00,1.728,1.756,1.649,1.659,9365498.7,FETUSDT
2024-06-12 20:00:00,1.659,1.727,1.648,1.717,2668469.6,FETUSDT
2024-06-13 00:00:00,1.716,1.73,1.62,1.642,3326577.3,FETUSDT
2024-06-13 04:00:00,1.641,1.675,1.62,1.637,2501969.6,FETUSDT
2024-06-13 08:00:00,1.637,1.657,1.624,1.642,1899984.2,FETUSDT
2024-06-13 12:00:00,1.642,1.689,1.581,1.587,5621827.6,FETUSDT
2024-06-13 16:00:00,1.587,1.62,1.574,1.594,3256653.1,FETUSDT
2024-06-13 20:00:00,1.593,1.611,1.562,1.588,2915270.5,FETUSDT
2024-06-14 00:00:00,1.589,1.615,1.564,1.598,2025202.1,FETUSDT
2024-06-14 04:00:00,1.598,1.612,1.578,1.578,2479305.2,FETUSDT
2024-06-14 08:00:00,1.578,1.656,1.572,1.606,6102088.6,FETUSDT
2024-06-14 12:00:00,1.606,1.61,1.512,1.521,5761696.9,FETUSDT
2024-06-14 16:00:00,1.52,1.524,1.388,1.447,10460444.0,FETUSDT
2024-06-14 20:00:00,1.447,1.498,1.446,1.48,2916510.9,FETUSDT
2024-06-15 00:00:00,1.479,1.479,1.451,1.467,2237384.1,FETUSDT
2024-06-15 04:00:00,1.467,1.507,1.454,1.488,2688411.1,FETUSDT
2024-06-15 08:00:00,1.488,1.5,1.474,1.484,2324691.8,FETUSDT
2024-06-15 12:00:00,1.484,1.508,1.479,1.501,2230051.9,FETUSDT
2024-06-15 16:00:00,1.5,1.507,1.466,1.472,1921991.1,FETUSDT
2024-06-15 20:00:00,1.473,1.475,1.455,1.459,1234887.6,FETUSDT
2024-06-16 00:00:00,1.46,1.461,1.432,1.436,1434115.1,FETUSDT
2024-06-16 04:00:00,1.435,1.463,1.424,1.455,1600288.0,FETUSDT
2024-06-16 08:00:00,1.455,1.472,1.437,1.455,1698592.6,FETUSDT
2024-06-16 12:00:00,1.454,1.467,1.443,1.463,1957429.2,FETUSDT
2024-06-16 16:00:00,1.463,1.481,1.451,1.473,1800728.0,FETUSDT
2024-06-16 20:00:00,1.473,1.494,1.465,1.473,1748634.3,FETUSDT
2024-06-17 00:00:00,1.473,1.491,1.412,1.415,3411260.0,FETUSDT
2024-06-17 04:00:00,1.415,1.424,1.323,1.325,6633856.6,FETUSDT
2024-06-17 08:00:00,1.324,1.336,1.223,1.297,20144633.6,FETUSDT
2024-06-17 12:00:00,1.297,1.353,1.263,1.33,12409728.8,FETUSDT
2024-06-17 16:00:00,1.331,1.376,1.293,1.356,7955496.9,FETUSDT
2024-06-17 20:00:00,1.357,1.357,1.307,1.319,2723360.2,FETUSDT
2024-06-18 00:00:00,1.32,1.327,1.148,1.224,11716332.8,FETUSDT
2024-06-18 04:00:00,1.224,1.229,1.194,1.198,5384129.4,FETUSDT
2024-06-18 08:00:00,1.199,1.203,1.105,1.151,11317594.3,FETUSDT
2024-06-18 12:00:00,1.151,1.193,1.104,1.19,13788805.0,FETUSDT
2024-06-18 16:00:00,1.19,1.196,1.153,1.179,5855494.6,FETUSDT
2024-06-18 20:00:00,1.179,1.211,1.165,1.194,3660713.4,FETUSDT
2024-06-19 00:00:00,1.194,1.254,1.175,1.246,4360123.4,FETUSDT
2024-06-19 04:00:00,1.247,1.317,1.247,1.307,7615638.8,FETUSDT
2024-06-19 08:00:00,1.307,1.315,1.247,1.302,5860409.7,FETUSDT
2024-06-19 12:00:00,1.302,1.422,1.301,1.348,24120833.5,FETUSDT
2024-06-19 16:00:00,1.348,1.469,1.332,1.446,14662389.9,FETUSDT
2024-06-19 20:00:00,1.446,1.515,1.425,1.505,11120750.1,FETUSDT
2024-06-20 00:00:00,1.505,1.58,1.472,1.554,15403221.3,FETUSDT
2024-06-20 04:00:00,1.553,1.748,1.542,1.71,32401502.8,FETUSDT
2024-06-20 08:00:00,1.711,1.711,1.589,1.644,23676389.1,FETUSDT
2024-06-20 12:00:00,1.644,1.671,1.593,1.614,15448397.8,FETUSDT
2024-06-20 16:00:00,1.615,1.622,1.554,1.587,11605991.8,FETUSDT
2024-06-20 20:00:00,1.587,1.634,1.581,1.608,6068297.3,FETUSDT
2024-06-21 00:00:00,1.607,1.633,1.565,1.583,5081862.3,FETUSDT
2024-06-21 04:00:00,1.583,1.59,1.532,1.554,6448890.9,FETUSDT
2024-06-21 08:00:00,1.555,1.603,1.527,1.599,10324616.5,FETUSDT
2024-06-21 12:00:00,1.598,1.62,1.54,1.578,11961866.5,FETUSDT
2024-06-21 16:00:00,1.578,1.598,1.535,1.578,4708630.6,FETUSDT
2024-06-21 20:00:00,1.578,1.593,1.556,1.589,2289656.9,FETUSDT
2024-06-22 00:00:00,1.589,1.59,1.543,1.573,3636639.4,FETUSDT
2024-06-22 04:00:00,1.573,1.582,1.53,1.543,2032803.4,FETUSDT
2024-06-22 08:00:00,1.543,1.569,1.503,1.512,4058441.5,FETUSDT
2024-06-22 12:00:00,1.513,1.536,1.46,1.527,6693724.6,FETUSDT
2024-06-22 16:00:00,1.527,1.536,1.485,1.493,3617323.1,FETUSDT
2024-06-22 20:00:00,1.493,1.493,1.462,1.471,2549649.1,FETUSDT
2024-06-23 00:00:00,1.472,1.51,1.463,1.477,3908874.0,FETUSDT
2024-06-23 04:00:00,1.477,1.494,1.454,1.472,3092238.4,FETUSDT
2024-06-23 08:00:00,1.472,1.526,1.465,1.495,4315424.1,FETUSDT
2024-06-23 12:00:00,1.495,1.522,1.432,1.437,5299394.5,FETUSDT
2024-06-23 16:00:00,1.438,1.454,1.42,1.427,3347858.8,FETUSDT
2024-06-23 20:00:00,1.427,1.436,1.396,1.401,3340641.7,FETUSDT
2024-06-24 00:00:00,1.401,1.429,1.385,1.405,2655207.5,FETUSDT
2024-06-24 04:00:00,1.405,1.412,1.345,1.365,4594251.6,FETUSDT
2024-06-24 08:00:00,1.365,1.532,1.352,1.44,16657499.2,FETUSDT
2024-06-24 12:00:00,1.439,1.485,1.395,1.429,8869164.0,FETUSDT
2024-06-24 16:00:00,1.428,1.467,1.405,1.422,5965040.6,FETUSDT
2024-06-24 20:00:00,1.422,1.707,1.406,1.633,16955639.9,FETUSDT
2024-06-25 00:00:00,1.632,1.715,1.61,1.691,11759443.0,FETUSDT
2024-06-25 04:00:00,1.691,1.71,1.647,1.674,9273444.2,FETUSDT
2024-06-25 08:00:00,1.674,1.682,1.637,1.669,5178373.0,FETUSDT
2024-06-25 12:00:00,1.668,1.678,1.617,1.637,7454612.6,FETUSDT
2024-06-25 16:00:00,1.638,1.644,1.58,1.592,5696110.0,FETUSDT
2024-06-25 20:00:00,1.592,1.598,1.569,1.587,3058303.3,FETUSDT
2024-06-26 00:00:00,1.588,1.7,1.582,1.683,7385111.5,FETUSDT
2024-06-26 04:00:00,1.683,1.764,1.65,1.679,13197778.7,FETUSDT
2024-06-26 08:00:00,1.679,1.749,1.666,1.738,7848827.0,FETUSDT
2024-06-26 12:00:00,1.737,1.86,1.716,1.801,14407142.9,FETUSDT
2024-06-26 16:00:00,1.801,1.821,1.733,1.806,8200987.3,FETUSDT
2024-06-26 20:00:00,1.805,1.828,1.752,1.773,5688106.5,FETUSDT
2024-06-27 00:00:00,1.772,1.784,1.639,1.664,7407579.4,FETUSDT
2024-06-27 04:00:00,1.663,1.683,1.589,1.597,7695642.4,FETUSDT
2024-06-27 08:00:00,1.598,1.662,1.563,1.606,12327307.7,FETUSDT
2024-06-27 12:00:00,1.605,1.63,1.54,1.576,19893296.2,FETUSDT
2024-06-27 16:00:00,1.575,1.599,1.492,1.525,13163629.0,FETUSDT
2024-06-27 20:00:00,1.526,1.559,1.51,1.546,7100051.5,FETUSDT
2024-06-28 00:00:00,1.545,1.56,1.475,1.485,5244826.0,FETUSDT
2024-06-28 04:00:00,1.486,1.488,1.441,1.475,7569406.5,FETUSDT
2024-06-28 08:00:00,1.476,1.482,1.444,1.459,4940239.3,FETUSDT
2024-06-28 12:00:00,1.459,1.515,1.422,1.465,15039904.4,FETUSDT
2024-06-28 16:00:00,1.465,1.489,1.42,1.427,7817684.5,FETUSDT
2024-06-28 20:00:00,1.427,1.436,1.386,1.41,5113551.7,FETUSDT
2024-06-29 00:00:00,1.409,1.449,1.394,1.432,4012754.5,FETUSDT
2024-06-29 04:00:00,1.432,1.441,1.421,1.424,2700912.3,FETUSDT
2024-06-29 08:00:00,1.423,1.441,1.41,1.418,2755961.5,FETUSDT
2024-06-29 12:00:00,1.418,1.423,1.384,1.405,4862937.9,FETUSDT
2024-06-29 16:00:00,1.405,1.405,1.367,1.375,3603192.5,FETUSDT
2024-06-29 20:00:00,1.375,1.377,1.343,1.346,4729317.2,FETUSDT
2024-06-30 00:00:00,1.346,1.363,1.324,1.334,3625677.7,FETUSDT
2024-06-30 04:00:00,1.334,1.386,1.324,1.382,4543951.3,FETUSDT
2024-06-30 08:00:00,1.383,1.418,1.361,1.396,7113894.5,FETUSDT
2024-06-30 12:00:00,1.395,1.457,1.385,1.406,9912649.0,FETUSDT
2024-06-30 16:00:00,1.406,1.438,1.383,1.417,4170445.7,FETUSDT
2024-06-30 20:00:00,1.416,1.454,1.388,1.431,5114866.9,FETUSDT
2024-07-01 00:00:00,1.431,1.456,1.399,1.421,5667757.7,FETUSDT
2024-07-01 04:00:00,1.422,1.5,1.405,1.444,5638165.0,FETUSDT
2024-07-01 08:00:00,1.444,1.455,1.374,1.384,5229304.7,FETUSDT
2024-07-01 12:00:00,1.384,1.405,1.348,1.373,6901556.3,FETUSDT
2024-07-01 16:00:00,1.373,1.398,1.357,1.366,4474249.1,FETUSDT
2024-07-01 20:00:00,1.365,1.365,1.288,1.296,5928892.4,FETUSDT
2024-07-02 00:00:00,1.295,1.343,1.257,1.333,5877305.9,FETUSDT
2024-07-02 04:00:00,1.333,1.37,1.328,1.341,4249991.8,FETUSDT
2024-07-02 08:00:00,1.341,1.356,1.333,1.342,2650661.2,FETUSDT
2024-07-02 12:00:00,1.342,1.365,1.319,1.34,5918987.3,FETUSDT
2024-07-02 16:00:00,1.34,1.354,1.325,1.34,3684678.0,FETUSDT
2024-07-02 20:00:00,1.341,1.344,1.314,1.32,2111866.4,FETUSDT
2024-07-03 00:00:00,1.321,1.331,1.262,1.297,5663763.5,FETUSDT
2024-07-03 04:00:00,1.297,1.315,1.282,1.315,4115803.1,FETUSDT
2024-07-03 08:00:00,1.314,1.314,1.26,1.278,4887196.1,FETUSDT
2024-07-03 12:00:00,1.279,1.285,1.23,1.26,8704355.1,FETUSDT
2024-07-03 16:00:00,1.26,1.264,1.216,1.236,4479137.0,FETUSDT
2024-07-03 20:00:00,1.236,1.272,1.217,1.251,3693711.7,FETUSDT
2024-07-04 00:00:00,1.251,1.269,1.19,1.238,6371936.6,FETUSDT
2024-07-04 04:00:00,1.238,1.241,1.182,1.19,3463346.0,FETUSDT
2024-07-04 08:00:00,1.191,1.227,1.183,1.21,5047218.3,FETUSDT
2024-07-04 12:00:00,1.209,1.258,1.157,1.256,10257070.4,FETUSDT
2024-07-04 16:00:00,1.257,1.258,1.196,1.226,5554735.9,FETUSDT
2024-07-04 20:00:00,1.226,1.294,1.218,1.231,8753915.9,FETUSDT
2024-07-05 00:00:00,1.231,1.232,1.1,1.112,16424758.5,FETUSDT
2024-07-05 04:00:00,1.111,1.165,1.071,1.125,9453947.0,FETUSDT
2024-07-05 08:00:00,1.125,1.182,1.054,1.16,14876019.2,FETUSDT
2024-07-05 12:00:00,1.16,1.195,1.14,1.184,14158116.1,FETUSDT
2024-07-05 16:00:00,1.184,1.203,1.153,1.166,6143170.2,FETUSDT
2024-07-05 20:00:00,1.167,1.179,1.148,1.163,3563151.5,FETUSDT
2024-07-06 00:00:00,1.163,1.216,1.143,1.19,5888369.0,FETUSDT
2024-07-06 04:00:00,1.19,1.259,1.169,1.245,5423050.3,FETUSDT
2024-07-06 08:00:00,1.245,1.286,1.229,1.245,8752780.6,FETUSDT
2024-07-06 12:00:00,1.245,1.252,1.211,1.224,6766489.0,FETUSDT
2024-07-06 16:00:00,1.224,1.254,1.213,1.245,7860531.1,FETUSDT
2024-07-06 20:00:00,1.245,1.253,1.228,1.229,3283664.5,FETUSDT
2024-07-07 00:00:00,1.23,1.24,1.199,1.239,3849549.9,FETUSDT
2024-07-07 04:00:00,1.239,1.24,1.175,1.197,4715408.6,FETUSDT
2024-07-07 08:00:00,1.197,1.217,1.178,1.187,4765927.5,FETUSDT
2024-07-07 12:00:00,1.187,1.203,1.135,1.151,6284018.4,FETUSDT
2024-07-07 16:00:00,1.151,1.177,1.149,1.164,3751254.3,FETUSDT
2024-07-07 20:00:00,1.164,1.167,1.107,1.115,5054559.2,FETUSDT
2024-07-08 00:00:00,1.114,1.118,1.057,1.101,10114972.5,FETUSDT
2024-07-08 04:00:00,1.101,1.15,1.094,1.144,5375494.1,FETUSDT
2024-07-08 08:00:00,1.145,1.25,1.141,1.206,15263299.2,FETUSDT
2024-07-08 12:00:00,1.206,1.216,1.125,1.145,11743036.0,FETUSDT
2024-07-08 16:00:00,1.145,1.163,1.127,1.161,4753844.7,FETUSDT
2024-07-08 20:00:00,1.161,1.182,1.15,1.158,3795904.0,FETUSDT
2024-07-09 00:00:00,1.158,1.186,1.133,1.184,4669354.6,FETUSDT
2024-07-09 04:00:00,1.184,1.194,1.166,1.168,3822427.2,FETUSDT
2024-07-09 08:00:00,1.168,1.192,1.157,1.159,3018772.7,FETUSDT
2024-07-09 12:00:00,1.158,1.194,1.152,1.182,5314784.4,FETUSDT
2024-07-09 16:00:00,1.182,1.207,1.172,1.193,5861568.6,FETUSDT
2024-07-09 20:00:00,1.193,1.213,1.186,1.204,3535560.2,FETUSDT
2024-07-10 00:00:00,1.205,1.214,1.176,1.205,2959628.6,FETUSDT
2024-07-10 04:00:00,1.205,1.243,1.2,1.209,13072530.1,FETUSDT
2024-07-10 08:00:00,1.209,1.218,1.189,1.212,6181365.9,FETUSDT
2024-07-10 12:00:00,1.211,1.217,1.185,1.209,6162040.1,FETUSDT
2024-07-10 16:00:00,1.21,1.224,1.193,1.198,3048658.9,FETUSDT
2024-07-10 20:00:00,1.198,1.199,1.175,1.193,2044241.6,FETUSDT
2024-07-11 00:00:00,1.194,1.213,1.174,1.179,3649868.2,FETUSDT
2024-07-11 04:00:00,1.18,1.198,1.169,1.195,3176151.6,FETUSDT
2024-07-11 08:00:00,1.196,1.226,1.18,1.216,4115225.2,FETUSDT
2024-07-11 12:00:00,1.216,1.236,1.173,1.18,9559344.4,FETUSDT
2024-07-11 16:00:00,1.18,1.194,1.165,1.166,3787430.7,FETUSDT
2024-07-11 20:00:00,1.166,1.166,1.137,1.147,3295851.4,FETUSDT
2024-07-12 00:00:00,1.146,1.166,1.128,1.147,3025611.2,FETUSDT
2024-07-12 04:00:00,1.147,1.149,1.123,1.129,2691864.6,FETUSDT
2024-07-12 08:00:00,1.128,1.134,1.101,1.109,6111194.9,FETUSDT
2024-07-12 12:00:00,1.109,1.161,1.109,1.159,5311449.1,FETUSDT
2024-07-12 16:00:00,1.159,1.164,1.139,1.142,3625033.1,FETUSDT
2024-07-12 20:00:00,1.143,1.192,1.127,1.189,5129923.4,FETUSDT
2024-07-13 00:00:00,1.19,1.218,1.179,1.18,4399925.2,FETUSDT
2024-07-13 04:00:00,1.18,1.187,1.167,1.172,2525590.6,FETUSDT
2024-07-13 08:00:00,1.171,1.19,1.162,1.171,2818050.8,FETUSDT
2024-07-13 12:00:00,1.171,1.175,1.156,1.168,2008712.3,FETUSDT
2024-07-13 16:00:00,1.168,1.177,1.148,1.156,1694337.3,FETUSDT
2024-07-13 20:00:00,1.156,1.191,1.137,1.165,4575202.6,FETUSDT
2024-07-14 00:00:00,1.164,1.195,1.164,1.182,3527757.7,FETUSDT
2024-07-14 04:00:00,1.181,1.23,1.18,1.225,5761962.5,FETUSDT
2024-07-14 08:00:00,1.225,1.238,1.198,1.202,5208779.1,FETUSDT
2024-07-14 12:00:00,1.202,1.205,1.181,1.192,4218378.9,FETUSDT
2024-07-14 16:00:00,1.192,1.198,1.182,1.182,1900281.7,FETUSDT
2024-07-14 20:00:00,1.182,1.269,1.181,1.247,7748557.2,FETUSDT
2024-07-15 00:00:00,1.247,1.323,1.238,1.306,9918118.6,FETUSDT
2024-07-15 04:00:00,1.306,1.32,1.277,1.305,6895640.7,FETUSDT
2024-07-15 08:00:00,1.306,1.319,1.287,1.305,5012721.9,FETUSDT
2024-07-15 12:00:00,1.305,1.336,1.298,1.309,9198203.1,FETUSDT
2024-07-15 16:00:00,1.309,1.366,1.295,1.339,14137469.7,FETUSDT
2024-07-15 20:00:00,1.339,1.438,1.336,1.421,10868289.5,FETUSDT
2024-07-16 00:00:00,1.421,1.43,1.359,1.381,7605721.7,FETUSDT
2024-07-16 04:00:00,1.38,1.396,1.316,1.328,11300699.3,FETUSDT
2024-07-16 08:00:00,1.328,1.381,1.314,1.363,10807898.7,FETUSDT
2024-07-16 12:00:00,1.363,1.47,1.348,1.452,12806697.8,FETUSDT
2024-07-16 16:00:00,1.451,1.49,1.422,1.446,8341007.1,FETUSDT
2024-07-16 20:00:00,1.446,1.446,1.401,1.43,5384755.8,FETUSDT
2024-07-17 00:00:00,1.43,1.47,1.417,1.432,5775676.2,FETUSDT
2024-07-17 04:00:00,1.431,1.503,1.422,1.501,9277042.4,FETUSDT
2024-07-17 08:00:00,1.501,1.556,1.47,1.492,16115874.0,FETUSDT
2024-07-17 12:00:00,1.492,1.54,1.48,1.482,11630005.6,FETUSDT
2024-07-17 16:00:00,1.482,1.513,1.439,1.486,8626132.3,FETUSDT
2024-07-17 20:00:00,1.486,1.501,1.451,1.453,3453013.1,FETUSDT
2024-07-18 00:00:00,1.453,1.486,1.453,1.472,3309793.2,FETUSDT
2024-07-18 04:00:00,1.472,1.501,1.445,1.467,3816175.1,FETUSDT
2024-07-18 08:00:00,1.468,1.489,1.414,1.437,6812255.3,FETUSDT
2024-07-18 12:00:00,1.436,1.471,1.382,1.39,9177478.0,FETUSDT
2024-07-18 16:00:00,1.39,1.405,1.37,1.384,6276026.3,FETUSDT
2024-07-18 20:00:00,1.384,1.413,1.38,1.404,2530968.4,FETUSDT
2024-07-19 00:00:00,1.403,1.418,1.362,1.415,3559851.6,FETUSDT
2024-07-19 04:00:00,1.416,1.426,1.377,1.383,3398350.2,FETUSDT
2024-07-19 08:00:00,1.383,1.4,1.373,1.387,5131759.5,FETUSDT
2024-07-19 12:00:00,1.387,1.456,1.382,1.452,8488739.2,FETUSDT
2024-07-19 16:00:00,1.452,1.495,1.451,1.48,9125757.6,FETUSDT
2024-07-19 20:00:00,1.479,1.487,1.462,1.472,3132484.5,FETUSDT
2024-07-20 00:00:00,1.473,1.495,1.45,1.48,3833966.3,FETUSDT
2024-07-20 04:00:00,1.481,1.509,1.471,1.478,3317925.2,FETUSDT
2024-07-20 08:00:00,1.477,1.482,1.438,1.444,3452302.7,FETUSDT
2024-07-20 12:00:00,1.445,1.466,1.427,1.462,3494658.1,FETUSDT
2024-07-20 16:00:00,1.461,1.481,1.451,1.456,4255405.9,FETUSDT
2024-07-20 20:00:00,1.456,1.467,1.445,1.46,2107452.9,FETUSDT
2024-07-21 00:00:00,1.46,1.484,1.447,1.462,2745499.7,FETUSDT
2024-07-21 04:00:00,1.461,1.461,1.413,1.42,3134992.4,FETUSDT
2024-07-21 08:00:00,1.42,1.438,1.416,1.423,3305398.0,FETUSDT
2024-07-21 12:00:00,1.423,1.438,1.403,1.422,3343690.7,FETUSDT
2024-07-21 16:00:00,1.422,1.438,1.372,1.43,8125381.3,FETUSDT
2024-07-21 20:00:00,1.43,1.493,1.425,1.49,8720205.5,FETUSDT
2024-07-22 00:00:00,1.489,1.499,1.449,1.453,3708397.6,FETUSDT
2024-07-22 04:00:00,1.453,1.459,1.411,1.418,3198982.8,FETUSDT
2024-07-22 08:00:00,1.418,1.433,1.408,1.43,3179565.3,FETUSDT
2024-07-22 12:00:00,1.43,1.434,1.384,1.394,6947762.4,FETUSDT
2024-07-22 16:00:00,1.394,1.416,1.387,1.414,3058614.9,FETUSDT
2024-07-22 20:00:00,1.414,1.416,1.365,1.37,3966610.6,FETUSDT
2024-07-23 00:00:00,1.37,1.4,1.368,1.378,1678149.1,FETUSDT
2024-07-23 04:00:00,1.378,1.383,1.327,1.337,6023597.6,FETUSDT
2024-07-23 08:00:00,1.337,1.383,1.332,1.348,7573972.2,FETUSDT
2024-07-23 12:00:00,1.348,1.35,1.302,1.313,9522949.4,FETUSDT
2024-07-23 16:00:00,1.312,1.314,1.273,1.284,7225226.2,FETUSDT
2024-07-23 20:00:00,1.284,1.296,1.276,1.29,3507803.1,FETUSDT
2024-07-24 00:00:00,1.289,1.305,1.278,1.299,1553648.6,FETUSDT
2024-07-24 04:00:00,1.299,1.299,1.255,1.277,5827863.6,FETUSDT
2024-07-24 08:00:00,1.277,1.283,1.265,1.27,4599467.3,FETUSDT
2024-07-24 12:00:00,1.27,1.302,1.255,1.256,5291073.1,FETUSDT
2024-07-24 16:00:00,1.256,1.277,1.234,1.237,5517599.6,FETUSDT
2024-07-24 20:00:00,1.237,1.241,1.198,1.214,4452324.0,FETUSDT
2024-07-25 00:00:00,1.213,1.22,1.17,1.186,6422596.8,FETUSDT
2024-07-25 04:00:00,1.186,1.211,1.174,1.199,4243047.4,FETUSDT
2024-07-25 08:00:00,1.199,1.222,1.192,1.199,3522516.6,FETUSDT
2024-07-25 12:00:00,1.198,1.216,1.178,1.199,5443218.8,FETUSDT
2024-07-25 16:00:00,1.199,1.213,1.159,1.175,4803102.5,FETUSDT
2024-07-25 20:00:00,1.174,1.21,1.15,1.198,4732430.4,FETUSDT
2024-07-26 00:00:00,1.198,1.252,1.19,1.224,4437978.9,FETUSDT
2024-07-26 04:00:00,1.223,1.279,1.221,1.255,5123634.1,FETUSDT
2024-07-26 08:00:00,1.256,1.285,1.254,1.283,3804134.0,FETUSDT
2024-07-26 12:00:00,1.284,1.291,1.254,1.267,5504211.4,FETUSDT
2024-07-26 16:00:00,1.267,1.29,1.266,1.28,2154971.4,FETUSDT
2024-07-26 20:00:00,1.281,1.29,1.264,1.28,1603813.6,FETUSDT
2024-07-27 00:00:00,1.279,1.281,1.255,1.26,1514737.0,FETUSDT
2024-07-27 04:00:00,1.26,1.29,1.259,1.282,1672275.3,FETUSDT
2024-07-27 08:00:00,1.281,1.298,1.273,1.291,3187630.2,FETUSDT
2024-07-27 12:00:00,1.292,1.348,1.287,1.304,10010816.4,FETUSDT
2024-07-27 16:00:00,1.304,1.308,1.264,1.274,4277590.2,FETUSDT
2024-07-27 20:00:00,1.275,1.311,1.242,1.275,6506793.3,FETUSDT
2024-07-28 00:00:00,1.275,1.275,1.255,1.257,1634404.5,FETUSDT
2024-07-28 04:00:00,1.257,1.259,1.231,1.248,1966998.7,FETUSDT
2024-07-28 08:00:00,1.248,1.26,1.243,1.252,1870195.3,FETUSDT
2024-07-28 12:00:00,1.252,1.262,1.238,1.243,2518704.0,FETUSDT
2024-07-28 16:00:00,1.243,1.255,1.239,1.248,1560223.1,FETUSDT
2024-07-28 20:00:00,1.249,1.25,1.227,1.246,1669331.2,FETUSDT
2024-07-29 00:00:00,1.246,1.295,1.243,1.277,3242717.4,FETUSDT
2024-07-29 04:00:00,1.278,1.319,1.27,1.299,4385273.4,FETUSDT
2024-07-29 08:00:00,1.299,1.301,1.277,1.286,3567227.9,FETUSDT
2024-07-29 12:00:00,1.286,1.299,1.239,1.246,6192248.3,FETUSDT
2024-07-29 16:00:00,1.247,1.252,1.219,1.243,5419830.2,FETUSDT
2024-07-29 20:00:00,1.243,1.247,1.212,1.213,1918024.5,FETUSDT
2024-07-30 00:00:00,1.214,1.234,1.203,1.226,2180789.4,FETUSDT
2024-07-30 04:00:00,1.226,1.248,1.224,1.243,1811415.2,FETUSDT
2024-07-30 08:00:00,1.242,1.248,1.22,1.224,2112583.8,FETUSDT
2024-07-30 12:00:00,1.223,1.236,1.2,1.213,3480058.1,FETUSDT
2024-07-30 16:00:00,1.213,1.217,1.172,1.18,4065554.9,FETUSDT
2024-07-30 20:00:00,1.18,1.193,1.163,1.19,2610163.0,FETUSDT
2024-07-31 00:00:00,1.191,1.203,1.176,1.191,1840440.0,FETUSDT
2024-07-31 04:00:00,1.191,1.211,1.173,1.189,3155422.4,FETUSDT
2024-07-31 08:00:00,1.189,1.193,1.164,1.176,2552354.6,FETUSDT
2024-07-31 12:00:00,1.176,1.205,1.174,1.181,3577247.5,FETUSDT
2024-07-31 16:00:00,1.181,1.202,1.157,1.166,4364582.4,FETUSDT
2024-07-31 20:00:00,1.166,1.168,1.139,1.155,4239421.3,FETUSDT
2024-08-01 00:00:00,1.155,1.16,1.131,1.138,3238100.0,FETUSDT
2024-08-01 04:00:00,1.138,1.145,1.11,1.132,3396988.3,FETUSDT
2024-08-01 08:00:00,1.133,1.149,1.113,1.125,2911152.2,FETUSDT
2024-08-01 12:00:00,1.125,1.143,1.093,1.094,5122769.8,FETUSDT
2024-08-01 16:00:00,1.095,1.105,1.068,1.103,7100146.7,FETUSDT
2024-08-01 20:00:00,1.104,1.151,1.1,1.143,4951704.7,FETUSDT
2024-08-02 00:00:00,1.143,1.153,1.115,1.132,2695274.8,FETUSDT
2024-08-02 04:00:00,1.132,1.136,1.09,1.107,3502189.0,FETUSDT
2024-08-02 08:00:00,1.106,1.138,1.094,1.128,3837460.7,FETUSDT
2024-08-02 12:00:00,1.129,1.154,1.079,1.122,8872338.2,FETUSDT
2024-08-02 16:00:00,1.123,1.129,1.076,1.083,4247761.4,FETUSDT
2024-08-02 20:00:00,1.083,1.099,1.057,1.068,5626852.4,FETUSDT
2024-08-03 00:00:00,1.067,1.08,1.031,1.065,4875709.4,FETUSDT
2024-08-03 04:00:00,1.065,1.084,1.059,1.076,2061949.3,FETUSDT
2024-08-03 08:00:00,1.076,1.08,1.061,1.069,1903101.9,FETUSDT
2024-08-03 12:00:00,1.069,1.087,1.02,1.023,4094835.3,FETUSDT
2024-08-03 16:00:00,1.022,1.034,0.97,0.97,11198562.4,FETUSDT
2024-08-03 20:00:00,0.97,1.012,0.968,0.991,5003930.2,FETUSDT
2024-08-04 00:00:00,0.991,1.018,0.986,1.013,2407224.5,FETUSDT
2024-08-04 04:00:00,1.014,1.017,0.988,0.992,2382738.0,FETUSDT
2024-08-04 08:00:00,0.991,1.003,0.984,0.992,2337983.3,FETUSDT
2024-08-04 12:00:00,0.993,1.001,0.9,0.901,12412235.5,FETUSDT
2024-08-04 16:00:00,0.901,0.966,0.874,0.96,19830636.6,FETUSDT
2024-08-04 20:00:00,0.96,0.971,0.922,0.925,6085707.7,FETUSDT
2024-08-05 00:00:00,0.925,0.934,0.8,0.83,23934772.4,FETUSDT
2024-08-05 04:00:00,0.831,0.848,0.737,0.838,27390285.2,FETUSDT
2024-08-05 08:00:00,0.837,0.844,0.702,0.735,31825713.3,FETUSDT
2024-08-05 12:00:00,0.735,0.834,0.702,0.799,60227953.3,FETUSDT
2024-08-05 16:00:00,0.798,0.83,0.77,0.787,17380724.5,FETUSDT
2024-08-05 20:00:00,0.787,0.819,0.786,0.79,7033544.2,FETUSDT
2024-08-06 00:00:00,0.79,0.858,0.788,0.844,9772023.4,FETUSDT
2024-08-06 04:00:00,0.844,0.9,0.836,0.883,13776343.1,FETUSDT
2024-08-06 08:00:00,0.884,0.887,0.836,0.842,10428037.1,FETUSDT
2024-08-06 12:00:00,0.842,0.881,0.817,0.869,12637869.7,FETUSDT
2024-08-06 16:00:00,0.868,0.887,0.854,0.858,8796032.5,FETUSDT
2024-08-06 20:00:00,0.858,0.88,0.842,0.848,6065119.4,FETUSDT
2024-08-07 00:00:00,0.847,0.889,0.839,0.876,5482144.9,FETUSDT
2024-08-07 04:00:00,0.875,0.889,0.859,0.869,7431922.5,FETUSDT
2024-08-07 08:00:00,0.869,0.926,0.868,0.882,8676443.7,FETUSDT
2024-08-07 12:00:00,0.883,0.91,0.838,0.847,13524360.1,FETUSDT
2024-08-07 16:00:00,0.847,0.85,0.808,0.818,9093647.7,FETUSDT
2024-08-07 20:00:00,0.818,0.824,0.794,0.805,8026078.9,FETUSDT
2024-08-08 00:00:00,0.806,0.864,0.784,0.843,7361831.3,FETUSDT
2024-08-08 04:00:00,0.844,0.855,0.83,0.831,4027282.7,FETUSDT
2024-08-08 08:00:00,0.832,0.843,0.813,0.817,12498744.7,FETUSDT
2024-08-08 12:00:00,0.817,0.864,0.807,0.852,17180903.8,FETUSDT
2024-08-08 16:00:00,0.852,0.868,0.835,0.838,9082851.7,FETUSDT
2024-08-08 20:00:00,0.838,0.893,0.835,0.887,14984938.1,FETUSDT
2024-08-09 00:00:00,0.888,0.898,0.872,0.894,9711092.8,FETUSDT
2024-08-09 04:00:00,0.893,0.894,0.849,0.858,8258416.0,FETUSDT
2024-08-09 08:00:00,0.858,0.868,0.838,0.852,6788459.0,FETUSDT
2024-08-09 12:00:00,0.852,0.862,0.83,0.832,7379982.4,FETUSDT
2024-08-09 16:00:00,0.833,0.853,0.831,0.851,4794893.5,FETUSDT
2024-08-09 20:00:00,0.85,0.858,0.84,0.852,4947255.9,FETUSDT
2024-08-10 00:00:00,0.851,0.867,0.84,0.843,3861064.0,FETUSDT
2024-08-10 04:00:00,0.842,0.851,0.833,0.851,2657684.3,FETUSDT
2024-08-10 08:00:00,0.851,0.858,0.84,0.855,3369198.9,FETUSDT
2024-08-10 12:00:00,0.855,0.856,0.835,0.837,4147459.6,FETUSDT
2024-08-10 16:00:00,0.838,0.852,0.833,0.848,3868189.5,FETUSDT
2024-08-10 20:00:00,0.848,0.919,0.846,0.899,12329399.8,FETUSDT
2024-08-11 00:00:00,0.898,0.947,0.888,0.94,13073837.6,FETUSDT
2024-08-11 04:00:00,0.939,0.943,0.915,0.922,5507326.1,FETUSDT
2024-08-11 08:00:00,0.922,0.929,0.893,0.899,6908803.7,FETUSDT
2024-08-11 12:00:00,0.899,0.901,0.856,0.86,7857167.6,FETUSDT
2024-08-11 16:00:00,0.859,0.866,0.834,0.836,5994070.8,FETUSDT
2024-08-11 20:00:00,0.835,0.838,0.812,0.815,8248530.6,FETUSDT
2024-08-12 00:00:00,0.816,0.832,0.807,0.824,5560163.3,FETUSDT
2024-08-12 04:00:00,0.824,0.848,0.8,0.842,8921485.1,FETUSDT
2024-08-12 08:00:00,0.841,0.897,0.841,0.892,11895138.6,FETUSDT
2024-08-12 12:00:00,0.892,0.895,0.837,0.878,15267438.7,FETUSDT
2024-08-12 16:00:00,0.879,0.882,0.842,0.852,6026489.7,FETUSDT
2024-08-12 20:00:00,0.852,0.869,0.838,0.863,4176992.7,FETUSDT
2024-08-13 00:00:00,0.863,0.873,0.834,0.836,4773128.2,FETUSDT
2024-08-13 04:00:00,0.837,0.854,0.832,0.848,3226885.8,FETUSDT
2024-08-13 08:00:00,0.848,0.852,0.826,0.84,4747386.3,FETUSDT
2024-08-13 12:00:00,0.84,0.874,0.835,0.863,7356553.4,FETUSDT
2024-08-13 16:00:00,0.862,0.889,0.861,0.88,6707777.3,FETUSDT
2024-08-13 20:00:00,0.88,0.886,0.874,0.878,2677713.1,FETUSDT
2024-08-14 00:00:00,0.879,0.886,0.867,0.882,3162480.6,FETUSDT
2024-08-14 04:00:00,0.882,0.887,0.869,0.875,3073355.2,FETUSDT
2024-08-14 08:00:00,0.875,0.913,0.869,0.907,7590765.9,FETUSDT
2024-08-14 12:00:00,0.906,0.924,0.865,0.897,15271949.2,FETUSDT
2024-08-14 16:00:00,0.896,0.898,0.865,0.868,6062516.1,FETUSDT
2024-08-14 20:00:00,0.867,0.879,0.856,0.875,3449773.6,FETUSDT
2024-08-15 00:00:00,0.875,0.889,0.86,0.866,4341937.8,FETUSDT
2024-08-15 04:00:00,0.866,0.866,0.833,0.839,5559368.9,FETUSDT
2024-08-15 08:00:00,0.839,0.86,0.834,0.854,3257452.2,FETUSDT
2024-08-15 12:00:00,0.854,0.88,0.847,0.861,9682613.3,FETUSDT
2024-08-15 16:00:00,0.861,0.865,0.813,0.822,10989019.0,FETUSDT
2024-08-15 20:00:00,0.822,0.841,0.814,0.828,5070639.0,FETUSDT
2024-08-16 00:00:00,0.827,0.843,0.82,0.829,2453224.1,FETUSDT
2024-08-16 04:00:00,0.829,0.853,0.827,0.852,2742362.7,FETUSDT
2024-08-16 08:00:00,0.852,0.876,0.847,0.849,8616053.0,FETUSDT
2024-08-16 12:00:00,0.849,0.863,0.814,0.825,10769332.7,FETUSDT
2024-08-16 16:00:00,0.826,0.841,0.806,0.83,7963825.8,FETUSDT
2024-08-16 20:00:00,0.83,0.842,0.822,0.827,2262034.2,FETUSDT
2024-08-17 00:00:00,0.827,0.833,0.817,0.823,1935658.4,FETUSDT
2024-08-17 04:00:00,0.823,0.83,0.819,0.825,1331423.4,FETUSDT
2024-08-17 08:00:00,0.825,0.834,0.818,0.821,2948207.0,FETUSDT
2024-08-17 12:00:00,0.821,0.853,0.818,0.833,5618363.7,FETUSDT
2024-08-17 16:00:00,0.834,0.849,0.831,0.835,2723763.3,FETUSDT
2024-08-17 20:00:00,0.835,0.842,0.831,0.84,1480119.5,FETUSDT
2024-08-18 00:00:00,0.84,0.843,0.823,0.824,1948808.3,FETUSDT
2024-08-18 04:00:00,0.824,0.829,0.819,0.823,2386415.6,FETUSDT
2024-08-18 08:00:00,0.823,0.845,0.821,0.84,3902249.9,FETUSDT
2024-08-18 12:00:00,0.841,0.848,0.834,0.843,5893141.5,FETUSDT
2024-08-18 16:00:00,0.844,0.849,0.828,0.839,3886598.0,FETUSDT
2024-08-18 20:00:00,0.838,0.846,0.815,0.816,3249797.3,FETUSDT
2024-08-19 00:00:00,0.817,0.817,0.804,0.813,4050863.0,FETUSDT
2024-08-19 04:00:00,0.813,0.821,0.804,0.81,3649861.8,FETUSDT
2024-08-19 08:00:00,0.809,0.829,0.804,0.821,6060876.5,FETUSDT
2024-08-19 12:00:00,0.821,0.828,0.808,0.819,4086689.3,FETUSDT
2024-08-19 16:00:00,0.818,0.851,0.81,0.847,6554652.8,FETUSDT
2024-08-19 20:00:00,0.847,0.926,0.847,0.914,24791411.0,FETUSDT
2024-08-20 00:00:00,0.914,0.927,0.892,0.91,9183107.9,FETUSDT
2024-08-20 04:00:00,0.911,0.926,0.902,0.906,8510239.7,FETUSDT
2024-08-20 08:00:00,0.906,0.907,0.883,0.884,6868206.7,FETUSDT
2024-08-20 12:00:00,0.885,0.911,0.863,0.873,14147568.9,FETUSDT
2024-08-20 16:00:00,0.872,0.891,0.868,0.884,5028694.6,FETUSDT
2024-08-20 20:00:00,0.884,0.889,0.869,0.872,3128928.0,FETUSDT
2024-08-21 00:00:00,0.871,0.88,0.862,0.877,2386590.9,FETUSDT
2024-08-21 04:00:00,0.878,0.904,0.874,0.901,3578740.3,FETUSDT
2024-08-21 08:00:00,0.901,0.914,0.888,0.892,6406392.1,FETUSDT
2024-08-21 12:00:00,0.892,0.925,0.876,0.92,12298930.4,FETUSDT
2024-08-21 16:00:00,0.92,0.976,0.904,0.961,14442355.3,FETUSDT
2024-08-21 20:00:00,0.961,0.977,0.952,0.961,7480690.6,FETUSDT
2024-08-22 00:00:00,0.961,0.982,0.943,0.966,7689263.7,FETUSDT
2024-08-22 04:00:00,0.966,0.992,0.959,0.983,6983061.1,FETUSDT
2024-08-22 08:00:00,0.984,1.05,0.964,1.011,25897513.7,FETUSDT
2024-08-22 12:00:00,1.011,1.034,0.972,0.983,16477306.4,FETUSDT
2024-08-22 16:00:00,0.983,0.993,0.974,0.981,5226028.4,FETUSDT
2024-08-22 20:00:00,0.982,1.028,0.982,1.015,6742050.9,FETUSDT
2024-08-23 00:00:00,1.015,1.085,1.011,1.085,9215770.5,FETUSDT
2024-08-23 04:00:00,1.084,1.088,1.053,1.072,9039735.7,FETUSDT
2024-08-23 08:00:00,1.072,1.085,1.043,1.044,8137318.9,FETUSDT
2024-08-23 12:00:00,1.044,1.138,1.044,1.133,22278552.4,FETUSDT
2024-08-23 16:00:00,1.133,1.22,1.116,1.179,21535121.1,FETUSDT
2024-08-23 20:00:00,1.178,1.21,1.177,1.206,11152453.0,FETUSDT
2024-08-24 00:00:00,1.207,1.226,1.2,1.22,10251527.3,FETUSDT
2024-08-24 04:00:00,1.22,1.285,1.212,1.284,14312233.5,FETUSDT
2024-08-24 08:00:00,1.283,1.301,1.254,1.272,14097098.4,FETUSDT
2024-08-24 12:00:00,1.271,1.291,1.242,1.266,9780185.1,FETUSDT
2024-08-24 16:00:00,1.267,1.282,1.255,1.277,5998954.3,FETUSDT
2024-08-24 20:00:00,1.277,1.28,1.229,1.265,7825213.3,FETUSDT
2024-08-25 00:00:00,1.265,1.278,1.232,1.258,7019823.2,FETUSDT
2024-08-25 04:00:00,1.258,1.26,1.168,1.177,13747405.9,FETUSDT
2024-08-25 08:00:00,1.177,1.256,1.171,1.243,10788395.1,FETUSDT
2024-08-25 12:00:00,1.244,1.28,1.223,1.266,10149369.6,FETUSDT
2024-08-25 16:00:00,1.266,1.379,1.24,1.347,21877214.6,FETUSDT
2024-08-25 20:00:00,1.347,1.4,1.31,1.363,15501587.7,FETUSDT
2024-08-26 00:00:00,1.364,1.377,1.34,1.354,8840413.6,FETUSDT
2024-08-26 04:00:00,1.354,1.361,1.292,1.315,8761829.2,FETUSDT
2024-08-26 08:00:00,1.316,1.391,1.31,1.373,12012463.5,FETUSDT
2024-08-26 12:00:00,1.373,1.388,1.333,1.352,20124441.9,FETUSDT
2024-08-26 16:00:00,1.353,1.379,1.315,1.327,9923973.9,FETUSDT
2024-08-26 20:00:00,1.327,1.362,1.313,1.334,6720195.2,FETUSDT
2024-08-27 00:00:00,1.335,1.389,1.325,1.384,9060262.0,FETUSDT
2024-08-27 04:00:00,1.383,1.477,1.365,1.378,27132178.6,FETUSDT
2024-08-27 08:00:00,1.379,1.412,1.324,1.331,21623946.9,FETUSDT
2024-08-27 12:00:00,1.331,1.364,1.286,1.298,19973493.7,FETUSDT
2024-08-27 16:00:00,1.298,1.367,1.273,1.363,16301706.9,FETUSDT
2024-08-27 20:00:00,1.363,1.365,1.246,1.287,21315810.5,FETUSDT
2024-08-28 00:00:00,1.287,1.291,1.237,1.274,10104512.8,FETUSDT
2024-08-28 04:00:00,1.273,1.311,1.184,1.194,17396122.3,FETUSDT
2024-08-28 08:00:00,1.195,1.349,1.19,1.31,25047878.1,FETUSDT
2024-08-28 12:00:00,1.311,1.32,1.209,1.242,22655278.5,FETUSDT
2024-08-28 16:00:00,1.242,1.274,1.184,1.243,14513156.1,FETUSDT
2024-08-28 20:00:00,1.243,1.267,1.154,1.195,24547107.7,FETUSDT
2024-08-29 00:00:00,1.196,1.213,1.179,1.19,5133662.1,FETUSDT
2024-08-29 04:00:00,1.19,1.247,1.163,1.228,10488334.7,FETUSDT
2024-08-29 08:00:00,1.228,1.248,1.189,1.227,8662060.6,FETUSDT
2024-08-29 12:00:00,1.227,1.25,1.202,1.205,14165763.8,FETUSDT
2024-08-29 16:00:00,1.206,1.224,1.123,1.131,18208598.6,FETUSDT
2024-08-29 20:00:00,1.131,1.143,1.109,1.125,6374798.0,FETUSDT
2024-08-30 00:00:00,1.125,1.139,1.108,1.121,5771145.5,FETUSDT
2024-08-30 04:00:00,1.121,1.135,1.098,1.107,7404535.2,FETUSDT
2024-08-30 08:00:00,1.108,1.125,1.107,1.111,4851925.6,FETUSDT
2024-08-30 12:00:00,1.112,1.131,1.048,1.058,16669767.4,FETUSDT
2024-08-30 16:00:00,1.058,1.165,1.044,1.149,20867143.8,FETUSDT
2024-08-30 20:00:00,1.148,1.2,1.132,1.196,11307935.7,FETUSDT
2024-08-31 00:00:00,1.196,1.245,1.189,1.193,12124916.9,FETUSDT
2024-08-31 04:00:00,1.193,1.206,1.177,1.178,5313516.0,FETUSDT
2024-08-31 08:00:00,1.179,1.186,1.154,1.174,8039111.0,FETUSDT
2024-08-31 12:00:00,1.175,1.189,1.162,1.172,5774609.1,FETUSDT
2024-08-31 16:00:00,1.173,1.18,1.144,1.148,9423268.2,FETUSDT
2024-08-31 20:00:00,1.148,1.149,1.124,1.13,12316083.9,FETUSDT
2024-09-01 00:00:00,1.13,1.141,1.125,1.133,7822694.5,FETUSDT
2024-09-01 04:00:00,1.133,1.204,1.124,1.2,11461116.3,FETUSDT
2024-09-01 08:00:00,1.2,1.222,1.144,1.163,13216104.4,FETUSDT
2024-09-01 12:00:00,1.163,1.192,1.132,1.179,12742063.0,FETUSDT
2024-09-01 16:00:00,1.179,1.209,1.152,1.206,9915004.3,FETUSDT
2024-09-01 20:00:00,1.205,1.214,1.134,1.139,10478234.4,FETUSDT
2024-09-02 00:00:00,1.139,1.184,1.128,1.161,8406115.6,FETUSDT
2024-09-02 04:00:00,1.161,1.172,1.104,1.115,9840775.2,FETUSDT
2024-09-02 08:00:00,1.116,1.211,1.111,1.178,20052260.4,FETUSDT
2024-09-02 12:00:00,1.178,1.213,1.157,1.192,12017057.1,FETUSDT
2024-09-02 16:00:00,1.193,1.208,1.182,1.182,6766004.5,FETUSDT
2024-09-02 20:00:00,1.183,1.242,1.177,1.235,9960841.2,FETUSDT
2024-09-03 00:00:00,1.235,1.267,1.211,1.217,9906938.5,FETUSDT
2024-09-03 04:00:00,1.217,1.221,1.186,1.199,7412138.5,FETUSDT
2024-09-03 08:00:00,1.199,1.199,1.171,1.182,6602332.7,FETUSDT
2024-09-03 12:00:00,1.183,1.207,1.127,1.133,15591343.2,FETUSDT
2024-09-03 16:00:00,1.133,1.15,1.124,1.136,7953585.3,FETUSDT
2024-09-03 20:00:00,1.136,1.147,1.115,1.122,5038082.0,FETUSDT
2024-09-04 00:00:00,1.121,1.144,1.071,1.127,12270515.7,FETUSDT
2024-09-04 04:00:00,1.127,1.13,1.101,1.12,7039083.5,FETUSDT
2024-09-04 08:00:00,1.121,1.125,1.085,1.09,6293943.4,FETUSDT
2024-09-04 12:00:00,1.09,1.16,1.086,1.158,16613016.2,FETUSDT
2024-09-04 16:00:00,1.159,1.186,1.121,1.145,13610516.2,FETUSDT
2024-09-04 20:00:00,1.145,1.167,1.13,1.141,5520865.6,FETUSDT
2024-09-05 00:00:00,1.14,1.151,1.11,1.119,4931838.7,FETUSDT
2024-09-05 04:00:00,1.12,1.128,1.102,1.124,3870268.7,FETUSDT
2024-09-05 08:00:00,1.124,1.133,1.113,1.118,4358534.4,FETUSDT
2024-09-05 12:00:00,1.118,1.14,1.081,1.091,12780388.3,FETUSDT
2024-09-05 16:00:00,1.091,1.096,1.069,1.073,10559571.2,FETUSDT
2024-09-05 20:00:00,1.072,1.085,1.069,1.08,3834068.9,FETUSDT
2024-09-06 00:00:00,1.081,1.102,1.067,1.076,5474184.8,FETUSDT
2024-09-06 04:00:00,1.077,1.081,1.052,1.056,6775908.8,FETUSDT
2024-09-06 08:00:00,1.057,1.077,1.053,1.064,4104868.9,FETUSDT
2024-09-06 12:00:00,1.063,1.116,1.045,1.076,19990061.5,FETUSDT
2024-09-06 16:00:00,1.077,1.079,1.034,1.045,9403619.2,FETUSDT
2024-09-06 20:00:00,1.046,1.071,1.004,1.068,10655071.1,FETUSDT
2024-09-07 00:00:00,1.068,1.073,1.049,1.052,2694398.5,FETUSDT
2024-09-07 04:00:00,1.052,1.072,1.05,1.065,3465638.4,FETUSDT
2024-09-07 08:00:00,1.066,1.083,1.065,1.074,4462043.7,FETUSDT
2024-09-07 12:00:00,1.074,1.081,1.068,1.075,2354550.5,FETUSDT
